wafer_id,die_row,die_col,label,spatial_row_norm,spatial_col_norm,spatial_radial_dist,spatial_radial_dist_sq,spatial_top_edge_dist,spatial_bottom_edge_dist,spatial_left_edge_dist,spatial_right_edge_dist,spatial_min_edge_dist,spatial_neigh_valid_count_3x3,spatial_neigh_old_fail_count_3x3,spatial_neigh_old_fail_density_3x3,spatial_neigh_valid_count_5x5,spatial_neigh_old_fail_count_5x5,spatial_neigh_old_fail_density_5x5,spatial_neigh_valid_count_7x7,spatial_neigh_old_fail_count_7x7,spatial_neigh_old_fail_density_7x7,spatial_nearest_old_fail_dist,spatial_total_shap
W_F_0014,1,15,1,0.0,0.0,0.051824942241225906,0.0012650226423110802,0.0,0.0,0.0,0.0,0.0005073890775622098,0.0,0.0,0.0,0.0,0.0,-0.00261143710347077,0.0,-0.0006920920866956647,-0.0007976205121286453,0.0,0.04949620425880412
W_F_0014,1,21,1,0.0,0.0,0.042581046205057115,0.004840107139667828,0.0,0.0,0.0,0.0,0.0007400866045941602,0.0,0.0,0.0,0.0,0.0,-0.001988955958653876,0.0,-0.0006920920866956647,-0.004480321204181502,0.0,0.04099987069978806
W_F_0014,3,10,1,0.0,0.0,0.02252362019501032,0.0011690747318160936,0.0,0.0,0.0,0.0,0.0005107217399381664,0.0,0.0,0.0,0.0,0.0,0.008697254601085572,0.0,0.003923085543874002,0.019239435060536946,0.0,0.056063191872261095
W_F_0014,3,13,1,0.0,0.0,0.025895557876075614,0.0018033221572688737,0.0,0.0,0.0,0.0,0.0005073890775622098,0.0,0.0,0.0,0.0,0.0,0.00971049592216741,0.0,0.003923085543874002,0.0011664678490109553,0.0,0.04300631842595907
W_F_0014,4,16,1,0.0,0.0,0.04508080261467708,0.0010665244190774126,0.0,0.0,0.0,0.0,0.0007400866045941602,0.0,0.0,0.0,0.0,0.0,-0.0013691264518809656,0.0,-0.0006920920866956647,-0.004638865667964681,0.0,0.04018732943180734
W_F_0014,5,7,1,0.0,0.0,0.04998880878072278,0.0009737925257174331,0.0,0.0,0.0,0.0,0.0007400866045941602,0.0,0.0,0.0,0.0,0.0,0.026731612007347617,0.0,0.003923085543874002,0.021017941087691203,0.0,0.1033753265499472
W_F_0014,5,13,0,0.0,0.0,0.03567867662407894,0.0015839526576520032,0.0,0.0,0.0,0.0,0.0005073890775622098,0.0,0.0,0.0,0.0,0.0,-0.00894608716296913,0.0,0.003923085543874002,-0.0016245620285958782,0.0,0.031122454711602146
W_F_0014,5,14,0,0.0,0.0,0.04177603892235355,0.004309855077732797,0.0,0.0,0.0,0.0,0.0007400866045941602,0.0,0.0,0.0,0.0,0.0,-0.0032929701370777854,0.0,0.003923085543874002,-0.00043498387789124245,0.0,0.04702111213358548
W_F_0014,5,18,1,0.0,0.0,0.001974465259622312,0.0027531973425042548,0.0,0.0,0.0,0.0,0.0005073890775622098,0.0,0.0,0.0,0.0,0.0,-0.0032281347609145754,0.0,-0.0006920920866956647,-0.001866775438731848,0.0,-0.0005519506066533121
W_F_0014,5,25,0,0.0,0.0,0.03583359315644767,0.00155336604351668,0.0,0.0,0.0,0.0,0.0005073890775622098,0.0,0.0,0.0,0.0,0.0,-0.0027573121667171375,0.0,-0.0006920920866956647,-0.003320512050003781,0.0,0.031124431974109978
W_F_0014,6,21,0,0.0,0.0,-0.01775704162171555,0.0006773846129783457,0.0,0.0,0.0,0.0,-0.00023050508727753024,0.0,0.0,0.0,0.0,0.0,-0.002923860609346154,0.0,-0.0006920920866956647,-0.0042102945414819876,0.0,-0.025136409333538542
W_F_0014,6,32,0,0.0,0.0,0.04723733166116039,0.0028040765143897213,0.0,0.0,0.0,0.0,-0.00015906781518297468,0.0,0.0,0.0,0.0,0.0,0.010211434695108193,0.0,0.003923085543874002,0.046804367045655555,0.0,0.11082122764500488
W_F_0014,7,14,1,0.0,0.0,-0.001643901138336261,0.0012362678097695748,0.0,0.0,0.0,0.0,-0.00023050508727753024,0.0,0.0,0.0,0.0,0.0,-0.0017559794289125391,0.0,0.003923085543874002,0.0002645107779281348,0.0,0.0017934784770453815
W_F_0014,8,32,1,0.0,0.0,0.02825386879802474,0.0013129181813410665,0.0,0.0,0.0,0.0,-0.00015802983445603304,0.0,0.0,0.0,0.0,0.0,-0.002497778354726578,0.0,0.003923085543874002,0.04483757588828366,0.0,0.07567164022234085
W_F_0014,8,34,1,0.0,0.0,0.029423363657805814,0.003008165143440587,0.0,0.0,0.0,0.0,0.0007400866045941602,0.0,0.0,0.0,0.0,0.0,0.023877504901186383,0.0,0.003923085543874002,0.035001891708909987,0.0,0.09597409755981093
W_F_0014,9,22,1,0.0,0.0,-0.04068406314011958,0.0014374022738140979,0.0,0.0,0.0,0.0,-0.00011986354306593903,0.0,0.0,0.0,0.0,0.0,-0.0009668942063879793,0.0,-0.0006920920866956647,-0.003943961429580665,0.0,-0.044969472132035726
W_F_0014,9,24,0,0.0,0.0,-0.007714564504143577,0.0028358412374750136,0.0,0.0,0.0,0.0,-0.00015906781518297468,0.0,0.0,0.0,0.0,0.0,-0.001968038139827028,0.0,-0.0006920920866956647,-0.003272052732210373,0.0,-0.010969974040584604
W_F_0014,10,13,0,0.0,0.0,-0.01666968171391751,0.004578202347936024,0.0,0.0,0.0,0.0,-0.00011986354306593903,0.0,0.0,0.0,0.0,0.0,0.036120291268580955,0.0,0.003923085543874002,0.035135127738104975,0.0,0.0629671616415125
W_F_0014,11,12,0,0.0,0.0,-0.006395160034199743,0.0009941039718996268,0.0,0.0,0.0,0.0,-0.00023050508727753024,0.0,0.0,0.0,0.0,0.0,-0.013028121990037583,0.0,0.003923085543874002,0.03872231536494366,0.0,0.02398571776920243
W_F_0014,12,12,0,0.0,0.0,-0.029032865868700037,0.001115490569201019,0.0,0.0,0.0,0.0,-0.00023050508727753024,0.0,0.0,0.0,0.0,0.0,0.033496502730421804,0.0,0.003923085543874002,0.04895220454948566,0.0,0.058223912437004914
W_F_0014,12,15,1,0.0,0.0,-0.040713678765430424,0.0007969751866460657,0.0,0.0,0.0,0.0,-0.00015802983445603304,0.0,0.0,0.0,0.0,0.0,0.020571800238630478,0.0,0.003923085543874002,0.029234628344874416,0.0,0.0136547807141385
W_F_0014,12,33,1,0.0,0.0,0.029321532835783638,0.0012852217242035717,0.0,0.0,0.0,0.0,-0.00015802983445603304,0.0,0.0,0.0,0.0,0.0,-0.0029438143577444936,0.0,-0.0006920920866956647,-0.0017815330412662526,0.0,0.025031285239824765
W_F_0014,13,2,1,0.0,0.0,0.04013084584223089,0.0012296179154688593,0.0,0.0,0.0,0.0,0.0005073890775622098,0.0,0.0,0.0,0.0,0.0,-0.003581824023510109,0.0,0.003923085543874002,0.020489666788379383,0.0,0.06269878114400523
W_F_0014,13,12,1,0.0,0.0,-0.019889138246940313,0.003444130024175775,0.0,0.0,0.0,0.0,-0.00015802983445603304,0.0,0.0,0.0,0.0,0.0,0.00857730001757684,0.0,0.003923085543874002,-0.0003894552674045898,0.0,-0.004492107763174317
W_F_0014,13,18,1,0.0,0.0,-0.07894575341547243,-0.003687888144209291,0.0,0.0,0.0,0.0,-0.00023050508727753024,0.0,0.0,0.0,0.0,0.0,0.012284028439529259,0.0,-0.0006920920866956647,-0.0029523257082401137,0.0,-0.07422453600236577
W_F_0014,13,36,1,0.0,0.0,0.04004128113265385,0.0007721937962323283,0.0,0.0,0.0,0.0,0.0005107217399381664,0.0,0.0,0.0,0.0,0.0,-0.002747622611376413,0.0,-0.0006920920866956647,-0.0016298247246482695,0.0,0.036254657246104
W_F_0014,13,37,1,0.0,0.0,0.03262244068652733,0.0022714666925211717,0.0,0.0,0.0,0.0,0.00038484791659062085,0.0,0.0,0.0,0.0,0.0,0.012569387976857983,0.0,-0.0006920920866956647,0.029397376306494073,0.0,0.07655342749229552
W_F_0014,14,11,1,0.0,0.0,-0.02292507369713778,0.0013949831425250487,0.0,0.0,0.0,0.0,-0.00015906781518297468,0.0,0.0,0.0,0.0,0.0,-0.0008414231980100727,0.0,0.003923085543874002,-0.003446978926478908,0.0,-0.02205447495041068
W_F_0014,14,24,0,0.0,0.0,-0.0633508108266486,-0.004497175523885343,0.0,0.0,0.0,0.0,-0.00023050508727753024,0.0,0.0,0.0,0.0,0.0,-0.003057954389695258,0.0,-0.0006920920866956647,-0.0039040581851131828,0.0,-0.07573259609931558
W_F_0014,14,34,1,0.0,0.0,0.03896124195578823,0.0006039127072023611,0.0,0.0,0.0,0.0,0.0005073890775622098,0.0,0.0,0.0,0.0,0.0,-0.00045638094253000927,0.0,-0.0006920920866956647,-0.003396017612612613,0.0,0.03552805309871451
W_F_0014,14,37,0,0.0,0.0,0.045067870151806876,0.0010823891571219632,0.0,0.0,0.0,0.0,0.0007400866045941602,0.0,0.0,0.0,0.0,0.0,0.016274003267671817,0.0,-0.0006920920866956647,-0.002375217653808468,0.0,0.06009703944069068
W_F_0014,15,4,1,0.0,0.0,0.025993006610571613,0.0019512912692454128,0.0,0.0,0.0,0.0,0.0007400866045941602,0.0,0.0,0.0,0.0,0.0,-0.006749673058393439,0.0,0.003923085543874002,0.026461179961066356,0.0,0.052318976930958105
W_F_0014,15,8,1,0.0,0.0,0.0030314939562235475,0.0006649687753335245,0.0,0.0,0.0,0.0,-0.00023050508727753024,0.0,0.0,0.0,0.0,0.0,-0.0009493727248046833,0.0,0.003923085543874002,-0.0038365433626740275,0.0,0.0026031271006748333
W_F_0014,15,32,1,0.0,0.0,0.0013489251014585537,0.0007307973198226958,0.0,0.0,0.0,0.0,-0.00023050508727753024,0.0,0.0,0.0,0.0,0.0,-0.002018667574618312,0.0,-0.0006920920866956647,-0.00391616308477291,0.0,-0.004777705412083168
W_F_0014,16,13,1,0.0,0.0,-0.076081880751371,-0.00461947418644694,0.0,0.0,0.0,0.0,-0.00015802983445603304,0.0,0.0,0.0,0.0,0.0,-0.0008689652458726365,0.0,-0.0006920920866956647,-0.002404728871345421,0.0,-0.0848251709761877
W_F_0014,16,23,1,0.0,0.0,-0.046592387118833664,-0.018849401547904463,0.0,0.0,0.0,0.0,-0.00023050508727753024,0.0,0.0,0.0,0.0,0.0,-0.0026340682762754065,0.0,-0.0006920920866956647,-0.003168473842349824,0.0,-0.07216692795933655
W_F_0014,16,27,1,0.0,0.0,-0.049294250452377494,-0.010811517307412356,0.0,0.0,0.0,0.0,-0.00023050508727753024,0.0,0.0,0.0,0.0,0.0,-0.001710290872594585,0.0,-0.0006920920866956647,-0.0025144236214130634,0.0,-0.06525307942777069
W_F_0014,17,22,1,0.0,0.0,-0.0872798294295862,-0.006465706252635188,0.0,0.0,0.0,0.0,-0.00023050508727753024,0.0,0.0,0.0,0.0,0.0,-0.000653649053966689,0.0,0.003923085543874002,-0.0032987041460455194,0.0,-0.09400530842563712
W_F_0014,18,24,1,0.0,0.0,-0.06858197720922345,-0.004501525283213465,0.0,0.0,0.0,0.0,-0.00023050508727753024,0.0,0.0,0.0,0.0,0.0,-0.0013879325489605592,0.0,-0.0006920920866956647,-0.004265597321320021,0.0,-0.07965962953669069
W_F_0014,18,39,0,0.0,0.0,0.06046092507569003,0.0028064014687813293,0.0,0.0,0.0,0.0,0.0005073890775622098,0.0,0.0,0.0,0.0,0.0,-1.290266782632616e-05,0.0,-0.0006920920866956647,-0.0034511281166029364,0.0,0.059618592750908625
W_F_0014,20,8,0,0.0,0.0,-0.009677790982567134,0.0026376472708127814,0.0,0.0,0.0,0.0,-0.00023050508727753024,0.0,0.0,0.0,0.0,0.0,-0.002507628439685621,0.0,-0.0006920920866956647,-0.003566163578287855,0.0,-0.014036532903701021
W_F_0014,20,27,0,0.0,0.0,-0.05083822338073313,-0.0049838489523699485,0.0,0.0,0.0,0.0,-0.00023050508727753024,0.0,0.0,0.0,0.0,0.0,-0.0008732706834767088,0.0,-0.0006920920866956647,-0.003611189577674235,0.0,-0.06122912976822721
W_F_0014,21,6,1,0.0,0.0,-0.0008309891840834424,0.0013634974128097206,0.0,0.0,0.0,0.0,-0.00015906781518297468,0.0,0.0,0.0,0.0,0.0,-0.0014587655973551537,0.0,-0.0006920920866956647,-0.002998115695504999,0.0,-0.004775532966012514
W_F_0014,21,32,1,0.0,0.0,0.005412682549825757,0.0010966624935236694,0.0,0.0,0.0,0.0,-0.00023050508727753024,0.0,0.0,0.0,0.0,0.0,-0.002647186480011039,0.0,-0.0006920920866956647,-0.0019796302933147436,0.0,0.0009599310960504486
W_F_0014,21,36,0,0.0,0.0,0.032993547105788425,0.0013182054288116063,0.0,0.0,0.0,0.0,0.0007400866045941602,0.0,0.0,0.0,0.0,0.0,-0.0037528589574557384,0.0,-0.0006920920866956647,-0.0025683376562323675,0.0,0.02803855043881042
W_F_0014,22,35,1,0.0,0.0,0.05405275298223054,0.0007947434085201807,0.0,0.0,0.0,0.0,0.0005073890775622098,0.0,0.0,0.0,0.0,0.0,-0.001004031876059409,0.0,-0.0006920920866956647,-0.003994623896013765,0.0,0.0496641376095441
W_F_0014,23,1,1,0.0,0.0,0.03797433784437435,0.0014383679858604812,0.0,0.0,0.0,0.0,0.0007400866045941602,0.0,0.0,0.0,0.0,0.0,0.0187191955442509,0.0,0.003923085543874002,0.01999981597786306,0.0,0.08279488950081695
W_F_0014,23,14,0,0.0,0.0,-0.030972577519447195,-0.01027164424596859,0.0,0.0,0.0,0.0,-0.00015802983445603304,0.0,0.0,0.0,0.0,0.0,-0.0018428311156747583,0.0,-0.0006920920866956647,-0.0020633586374946616,0.0,-0.0460005334397369
W_F_0014,24,2,0,0.0,0.0,0.03388628093808018,0.0005999524681114772,0.0,0.0,0.0,0.0,0.0007400866045941602,0.0,0.0,0.0,0.0,0.0,0.021186771103451577,0.0,0.003923085543874002,0.046155783913709614,0.0,0.106491960571821
W_F_0014,24,20,1,0.0,0.0,-0.0602674528976771,-0.015573155324394267,0.0,0.0,0.0,0.0,-0.00011986354306593903,0.0,0.0,0.0,0.0,0.0,-0.0014691629568133154,0.0,-0.0006920920866956647,-0.0022291275461671536,0.0,-0.08035085435481344
W_F_0014,24,27,1,0.0,0.0,-0.04883188136193698,-0.0015286704471582058,0.0,0.0,0.0,0.0,-0.00015802983445603304,0.0,0.0,0.0,0.0,0.0,-0.0008908700930775306,0.0,0.003923085543874002,-0.003116854489575695,0.0,-0.05060322068233045
W_F_0014,25,6,0,0.0,0.0,-0.028940291292414166,0.003123931695767683,0.0,0.0,0.0,0.0,-0.00011986354306593903,0.0,0.0,0.0,0.0,0.0,-0.0029895246231492626,0.0,-0.0006920920866956647,-0.0030855634025679732,0.0,-0.032703403252125327
W_F_0014,25,19,0,0.0,0.0,-0.07018054828333511,-0.012340599660963491,0.0,0.0,0.0,0.0,-0.00023050508727753024,0.0,0.0,0.0,0.0,0.0,0.01489104374811322,0.0,0.003923085543874002,-0.0021547421119797287,0.0,-0.06609226585156863
W_F_0014,27,13,1,0.0,0.0,-0.04267282755384387,0.0007792228594559842,0.0,0.0,0.0,0.0,-0.00015802983445603304,0.0,0.0,0.0,0.0,0.0,-0.0009199030537417627,0.0,0.003923085543874002,-0.001957546877436258,0.0,-0.041005998916147944
W_F_0014,27,34,1,0.0,0.0,0.034177892876148745,0.0008251227113732073,0.0,0.0,0.0,0.0,0.0005073890775622098,0.0,0.0,0.0,0.0,0.0,-0.0021120286979006545,0.0,-0.0006920920866956647,-0.00409923706375561,0.0,0.028607046816732234
W_F_0014,28,32,1,0.0,0.0,0.012689259806958777,0.003917457967436527,0.0,0.0,0.0,0.0,-0.00015802983445603304,0.0,0.0,0.0,0.0,0.0,0.0005500194729669332,0.0,-0.0006920920866956647,-0.002068158782259633,0.0,0.014238456543950905
W_F_0014,29,13,1,0.0,0.0,-0.029138030206577178,0.0014539553520236386,0.0,0.0,0.0,0.0,-0.00023050508727753024,0.0,0.0,0.0,0.0,0.0,-0.0022012771020536656,0.0,-0.0006920920866956647,-0.00420205727022965,0.0,-0.03501000640081005
W_F_0014,29,24,0,0.0,0.0,-0.06188405891408146,0.0014509263108482475,0.0,0.0,0.0,0.0,-0.00019333593670944356,0.0,0.0,0.0,0.0,0.0,-0.0015876197959021595,0.0,0.003923085543874002,-0.004057078376468335,0.0,-0.06234808116843915
W_F_0014,29,26,1,0.0,0.0,-0.017446823124210968,0.0027279067434683177,0.0,0.0,0.0,0.0,-0.00023050508727753024,0.0,0.0,0.0,0.0,0.0,-0.003483476665368487,0.0,-0.0006920920866956647,-0.0027073475729582777,0.0,-0.02183233779304261
W_F_0014,30,14,0,0.0,0.0,-0.027382381193333413,0.000569949740044981,0.0,0.0,0.0,0.0,-0.00023050508727753024,0.0,0.0,0.0,0.0,0.0,-0.0015099392710125998,0.0,-0.0006920920866956647,-0.00421083700538402,0.0,-0.03345580490365825
W_F_0014,30,15,1,0.0,0.0,-0.028750817355155396,0.0010714368183538747,0.0,0.0,0.0,0.0,-0.00023050508727753024,0.0,0.0,0.0,0.0,0.0,-0.0032677881450329333,0.0,-0.0006920920866956647,-0.003972111428994514,0.0,-0.03584187728480216
W_F_0014,30,16,1,0.0,0.0,-0.034995816921164956,0.0012841638725439792,0.0,0.0,0.0,0.0,-0.00023050508727753024,0.0,0.0,0.0,0.0,0.0,-0.00011481609662427017,0.0,-0.0006920920866956647,-0.0032335619393375485,0.0,-0.03798262825855599
W_F_0014,30,18,1,0.0,0.0,-0.03397794200122123,0.002834567560145763,0.0,0.0,0.0,0.0,-0.00023050508727753024,0.0,0.0,0.0,0.0,0.0,-0.002258416184667825,0.0,0.003923085543874002,-0.0026235452668669744,0.0,-0.032332755436013785
W_F_0014,30,22,1,0.0,0.0,-0.016203601707622466,0.0008017526121327944,0.0,0.0,0.0,0.0,-0.00023050508727753024,0.0,0.0,0.0,0.0,0.0,-0.0009102223089424619,0.0,0.003923085543874002,0.0212442465200437,0.0,0.00862475557220804
W_F_0014,31,5,1,0.0,0.0,0.03314306142840414,0.0018755749701943973,0.0,0.0,0.0,0.0,0.0007400866045941602,0.0,0.0,0.0,0.0,0.0,-0.0011594778596462092,0.0,-0.0006920920866956647,0.0002590160707611896,0.0,0.034166169127612014
W_F_0014,31,16,1,0.0,0.0,-0.013941480197080955,0.0012144491241535037,0.0,0.0,0.0,0.0,-0.00023050508727753024,0.0,0.0,0.0,0.0,0.0,-0.0007852219665548579,0.0,0.003923085543874002,0.0006975217602467581,0.0,-0.00912215082263908
W_F_0014,32,5,1,0.0,0.0,0.032505774793397293,0.004335978374643895,0.0,0.0,0.0,0.0,0.0005073890775622098,0.0,0.0,0.0,0.0,0.0,0.0010784437344957534,0.0,-0.0006920920866956647,-0.002017260835920243,0.0,0.03571823305748325
W_F_0014,32,22,1,0.0,0.0,-0.0010282270264474283,0.0035972319052279193,0.0,0.0,0.0,0.0,-0.00023050508727753024,0.0,0.0,0.0,0.0,0.0,-0.0035986680116734606,0.0,0.003923085543874002,0.018784668933000646,0.0,0.02144758625670415
W_F_0014,32,27,1,0.0,0.0,0.005690509498967915,0.002293862727537874,0.0,0.0,0.0,0.0,-0.00023050508727753024,0.0,0.0,0.0,0.0,0.0,-0.0011903959991961305,0.0,-0.0006920920866956647,-0.003087039557903421,0.0,0.002784339495433041
W_F_0014,33,8,0,0.0,0.0,0.04166826176845887,0.005248150435712394,0.0,0.0,0.0,0.0,-0.00015802983445603304,0.0,0.0,0.0,0.0,0.0,-0.0018477883985989255,0.0,-0.0006920920866956647,-0.004648343532000767,0.0,0.03957015835241987
W_F_0014,33,15,1,0.0,0.0,-0.0016990171956996216,0.0018925485669768422,0.0,0.0,0.0,0.0,-0.00023050508727753024,0.0,0.0,0.0,0.0,0.0,-0.002410056919725285,0.0,-0.0006920920866956647,-0.0048829714446874005,0.0,-0.00802209416710866
W_F_0014,33,22,1,0.0,0.0,0.011732100588180989,0.0011381869321484552,0.0,0.0,0.0,0.0,-0.00023050508727753024,0.0,0.0,0.0,0.0,0.0,-0.0028262851081360374,0.0,0.003923085543874002,0.03031428366001253,0.0,0.04405086652880241
W_F_0014,33,25,1,0.0,0.0,-0.0005527894181464027,0.0029231576083218066,0.0,0.0,0.0,0.0,-0.00023050508727753024,0.0,0.0,0.0,0.0,0.0,-0.0022584797478316532,0.0,-0.0006920920866956647,-0.0043950104969320706,0.0,-0.0052057192285615145
W_F_0014,33,27,1,0.0,0.0,-0.0019016405285118853,0.003237366540727758,0.0,0.0,0.0,0.0,-0.00015802983445603304,0.0,0.0,0.0,0.0,0.0,-0.0011702375553702838,0.0,0.003923085543874002,-0.0025100120001502,0.0,0.0014205321661133578
W_F_0014,34,10,1,0.0,0.0,0.01855011875835914,0.0011832603327679991,0.0,0.0,0.0,0.0,-0.00015906781518297468,0.0,0.0,0.0,0.0,0.0,-0.0018482289680490933,0.0,-0.0006920920866956647,-0.0019711367220654817,0.0,0.015062853499133923
W_F_0014,35,31,1,0.0,0.0,0.03330763683720981,0.0018746092581480142,0.0,0.0,0.0,0.0,0.0005107217399381664,0.0,0.0,0.0,0.0,0.0,-0.0023730524977364684,0.0,0.003923085543874002,0.033463245599810926,0.0,0.07070624648124445
W_F_0014,36,17,0,0.0,0.0,0.033819834352297934,0.0009724930046730764,0.0,0.0,0.0,0.0,0.0007400866045941602,0.0,0.0,0.0,0.0,0.0,0.029201200489336675,0.0,0.003923085543874002,0.033690742389168866,0.0,0.10234744238394472
W_F_0014,36,22,1,0.0,0.0,0.03908789654904145,0.0008165319150098722,0.0,0.0,0.0,0.0,0.0005073890775622098,0.0,0.0,0.0,0.0,0.0,0.023308063597931375,0.0,0.003923085543874002,0.04513892275838708,0.0,0.112781889441806
W_F_0014,37,10,0,0.0,0.0,0.03327069857690594,0.0015294695254642152,0.0,0.0,0.0,0.0,0.0007400866045941602,0.0,0.0,0.0,0.0,0.0,0.011639709107079397,0.0,-0.0006920920866956647,-0.0029768557149581517,0.0,0.0435110160123899
W_F_0014,37,12,0,0.0,0.0,0.0413929055749416,0.004073834768253863,0.0,0.0,0.0,0.0,0.0014932022458227158,0.0,0.0,0.0,0.0,0.0,-1.130316764177047e-05,0.0,-0.0006920920866956647,-0.0010730078865355873,0.0,0.045183539448145155
W_F_0014,37,21,1,0.0,0.0,0.03844703720758408,0.0017067226064041792,0.0,0.0,0.0,0.0,0.0007400866045941602,0.0,0.0,0.0,0.0,0.0,0.010041254118390889,0.0,0.003923085543874002,0.019401234483704063,0.0,0.07425942056455137
W_F_0014,38,22,1,0.0,0.0,0.056967387592957316,0.0018768090524740792,0.0,0.0,0.0,0.0,0.0007400866045941602,0.0,0.0,0.0,0.0,0.0,0.015673281741033395,0.0,0.003923085543874002,0.034228633891503144,0.0,0.11340928442643611
W_F_0014,38,27,1,0.0,0.0,0.04326921400296602,0.0018186310992204277,0.0,0.0,0.0,0.0,0.0007400866045941602,0.0,0.0,0.0,0.0,0.0,0.013256312158229755,0.0,0.003923085543874002,0.026125052885431602,0.0,0.08913238229431596
W_F_0014,40,18,1,0.0,0.0,0.04907607403420734,0.0013687250473016302,0.0,0.0,0.0,0.0,0.0014932022458227158,0.0,0.0,0.0,0.0,0.0,0.013829892315131969,0.0,0.003923085543874002,0.04123225481659861,0.0,0.11092323400293627
W_F_0014,40,20,1,0.0,0.0,0.05800022049637295,0.002263150110237212,0.0,0.0,0.0,0.0,0.0007400866045941602,0.0,0.0,0.0,0.0,0.0,0.0027501504694621274,0.0,0.003923085543874002,0.039405485207150655,0.0,0.1070821784316911
W_F_0014,40,23,1,0.0,0.0,0.025755967206285382,0.0005242277833390312,0.0,0.0,0.0,0.0,0.0005107217399381664,0.0,0.0,0.0,0.0,0.0,0.015932086795023993,0.0,0.003923085543874002,0.017825457283343202,0.0,0.06447154635180377
W_N_0018,0,10,0,0.0,0.0,0.04265967380434027,0.0035432954207886913,0.0,0.0,0.0,0.0,0.0005073890775622098,0.0,0.0,0.0,0.0,0.0,-0.001956805566350965,0.0,-0.00043977378136639755,-0.003340913891644082,0.0,0.04097286506332973
W_N_0018,3,11,0,0.0,0.0,0.039969004081134664,0.001274179690331266,0.0,0.0,0.0,0.0,0.0007400866045941602,0.0,0.0,0.0,0.0,0.0,-0.0029249281059243568,0.0,-0.00043977378136639755,-0.00470285919870712,0.0,0.03391570929006221
W_N_0018,4,4,0,0.0,0.0,0.06430629225867815,0.004543813674236133,0.0,0.0,0.0,0.0,0.0007400866045941602,0.0,0.0,0.0,0.0,0.0,-0.0011903516891295072,0.0,-0.00043977378136639755,-0.005064204342700233,0.0,0.0628958627243123
W_N_0018,5,17,0,0.0,0.0,0.005121228242471573,0.0023024261752665875,0.0,0.0,0.0,0.0,0.0007400866045941602,0.0,0.0,0.0,0.0,0.0,-0.002545185696904463,0.0,-0.00043977378136639755,-0.002351730772350191,0.0,0.0028270507717112685
W_N_0018,6,3,0,0.0,0.0,0.05131023700103097,0.0032984000536923352,0.0,0.0,0.0,0.0,0.0005107217399381664,0.0,0.0,0.0,0.0,0.0,-0.0025949254274307276,0.0,-0.00043977378136639755,-0.002164437860437352,0.0,0.04992022172542699
W_N_0018,6,4,0,0.0,0.0,0.03240654542173893,0.0018744888101774042,0.0,0.0,0.0,0.0,0.0007400866045941602,0.0,0.0,0.0,0.0,0.0,0.0012290994972687587,0.0,-0.00043977378136639755,-0.0019512893399378835,0.0,0.03385915721247497
W_N_0018,6,9,0,0.0,0.0,0.0005658720780182074,0.001268255803688227,0.0,0.0,0.0,0.0,-0.00023050508727753024,0.0,0.0,0.0,0.0,0.0,-0.0011167145225786724,0.0,-0.00043977378136639755,-0.002482142959714888,0.0,-0.002435008469231054
W_N_0018,6,20,0,0.0,0.0,0.04449583491485263,0.0011289451903823166,0.0,0.0,0.0,0.0,0.0007400866045941602,0.0,0.0,0.0,0.0,0.0,-0.0031507573978674704,0.0,-0.00043977378136639755,-0.0018370643308167976,0.0,0.040937271199778434
W_N_0018,8,11,0,0.0,0.0,-0.06659590778231604,-0.013400717062469255,0.0,0.0,0.0,0.0,-0.00015802983445603304,0.0,0.0,0.0,0.0,0.0,-0.0030297206435636165,0.0,-0.00043977378136639755,-0.0039788232986104925,0.0,-0.08760297240278184
W_N_0018,9,22,0,0.0,0.0,0.051032756127219976,0.0007971618140517123,0.0,0.0,0.0,0.0,0.0007400866045941602,0.0,0.0,0.0,0.0,0.0,-0.00014133977804279592,0.0,-0.00043977378136639755,-0.0018860312942377035,0.0,0.05010285969221895
W_N_0018,12,2,0,0.0,0.0,0.06517736174621713,0.003932645586340715,0.0,0.0,0.0,0.0,0.0007400866045941602,0.0,0.0,0.0,0.0,0.0,0.030027013177698268,0.0,0.0024928332477986816,0.05014875245113221,0.0,0.15251869281378116
W_N_0018,12,12,0,0.0,0.0,-0.04515346507854856,-0.028167822699190413,0.0,0.0,0.0,0.0,-0.00015906781518297468,0.0,0.0,0.0,0.0,0.0,-0.0006034913082860749,0.0,-0.00043977378136639755,-0.004885472442641989,0.0,-0.0794090931252164
W_N_0018,12,23,0,0.0,0.0,0.04789716074146075,0.0009627622879723411,0.0,0.0,0.0,0.0,0.0005107217399381664,0.0,0.0,0.0,0.0,0.0,0.00046671585308061134,0.0,-0.00043977378136639755,-0.002536825705484998,0.0,0.04686076113560047
W_N_0018,13,2,0,0.0,0.0,0.04214722032570917,0.002381001877380024,0.0,0.0,0.0,0.0,0.0005073890775622098,0.0,0.0,0.0,0.0,0.0,0.019774820702632926,0.0,0.0024928332477986816,0.021377996323831843,0.0,0.08868126155491486
W_N_0018,15,14,0,0.0,0.0,-0.04725305602082708,-0.029403669532617027,0.0,0.0,0.0,0.0,-0.00015802983445603304,0.0,0.0,0.0,0.0,0.0,-0.001340709823332274,0.0,-0.00043977378136639755,-0.004324253701744694,0.0,-0.0829194926943435
W_N_0018,15,15,0,0.0,0.0,-0.05192442478363128,-0.0039023152889563406,0.0,0.0,0.0,0.0,-0.00023050508727753024,0.0,0.0,0.0,0.0,0.0,-0.0014315158615736045,0.0,-0.00043977378136639755,-0.0017979210874914128,0.0,-0.05972645589029657
W_N_0018,19,7,0,0.0,0.0,-0.029867736644425196,0.0005069594283158514,0.0,0.0,0.0,0.0,-0.00023050508727753024,0.0,0.0,0.0,0.0,0.0,-0.003872176580203023,0.0,-0.00043977378136639755,-0.0037498451925759638,0.0,-0.03765307785753226
W_N_0018,20,9,0,0.0,0.0,-0.023795917044469116,0.0011914005262028467,0.0,0.0,0.0,0.0,-0.00015906781518297468,0.0,0.0,0.0,0.0,0.0,-0.001812343668200301,0.0,-0.00043977378136639755,-0.004690635640728843,0.0,-0.029706337423744785
W_N_0018,21,6,0,0.0,0.0,0.0420011398829244,0.0014001728730597567,0.0,0.0,0.0,0.0,0.0005073890775622098,0.0,0.0,0.0,0.0,0.0,-0.0032658722990746565,0.0,-0.00043977378136639755,-0.0032393477166317974,0.0,0.03696370803647351
W_N_0018,21,13,0,0.0,0.0,-0.015326252449725008,0.0013576984061868865,0.0,0.0,0.0,0.0,0.0007400866045941602,0.0,0.0,0.0,0.0,0.0,-0.0018092061746728433,0.0,-0.00043977378136639755,-0.002912133298722127,0.0,-0.01838958069370533
W_N_0018,21,17,0,0.0,0.0,0.006685914396636044,0.0005889758857442412,0.0,0.0,0.0,0.0,0.0007400866045941602,0.0,0.0,0.0,0.0,0.0,-0.0023218986389891565,0.0,-0.00043977378136639755,-0.003393697056166433,0.0,0.0018596074104524586
W_N_0018,22,17,0,0.0,0.0,0.02284168147117503,0.001186678710028097,0.0,0.0,0.0,0.0,0.0007400866045941602,0.0,0.0,0.0,0.0,0.0,-0.0007263163690049802,0.0,-0.00043977378136639755,-0.0041899625366220335,0.0,0.019412394098803874
W_N_0018,24,10,0,0.0,0.0,0.044974797591017135,0.0015257672074386257,0.0,0.0,0.0,0.0,0.0007400866045941602,0.0,0.0,0.0,0.0,0.0,-0.00015476103053514882,0.0,-0.00043977378136639755,-0.0036618902233260687,0.0,0.04298422636782231
W_N_0018,25,10,0,0.0,0.0,0.03891976134478633,0.0015658861063026592,0.0,0.0,0.0,0.0,0.0005107217399381664,0.0,0.0,0.0,0.0,0.0,8.789745308074351e-05,0.0,-0.00043977378136639755,-0.002746726171287022,0.0,0.03789776669145447
W_N_0018,26,10,0,0.0,0.0,0.03168956448673374,0.0012027919982127199,0.0,0.0,0.0,0.0,0.0007400866045941602,0.0,0.0,0.0,0.0,0.0,0.009031817200256663,0.0,-0.00043977378136639755,-0.0013341373709191357,0.0,0.04089034913751175
W_N_0108,2,8,0,0.0,0.0,0.05531465029320413,0.0009325657745397164,0.0,0.0,0.0,0.0,0.0005107217399381664,0.0,0.0,0.0,0.0,0.0,-0.0005416870804671699,0.0,-0.0006920920866956647,-0.0030197201037497133,0.0,0.05250443853676946
W_N_0108,2,15,1,0.0,0.0,0.02869837959383994,0.0010322329287158639,0.0,0.0,0.0,0.0,0.0007400866045941602,0.0,0.0,0.0,0.0,0.0,0.015815791466663474,0.0,-0.0006920920866956647,0.00036260935054744357,0.0,0.04595700785766522
W_N_0108,3,19,0,0.0,0.0,0.030593164124479863,0.004788382337077367,0.0,0.0,0.0,0.0,0.0007400866045941602,0.0,0.0,0.0,0.0,0.0,-0.0025737943244939928,0.0,-0.0006920920866956647,-0.004448901029584596,0.0,0.02840684562537714
W_N_0108,4,15,1,0.0,0.0,-0.022303571128931235,0.0011953970238708779,0.0,0.0,0.0,0.0,0.0007400866045941602,0.0,0.0,0.0,0.0,0.0,-0.0015451405314322161,0.0,-0.0006920920866956647,-0.0035347559124406214,0.0,-0.026140076031034697
W_N_0108,5,7,1,0.0,0.0,0.004213855392646645,0.0032155686107980127,0.0,0.0,0.0,0.0,0.0005107217399381664,0.0,0.0,0.0,0.0,0.0,-0.0011373783518217322,0.0,-0.0006920920866956647,-0.002412841156167249,0.0,0.0036978341486981793
W_N_0108,5,10,0,0.0,0.0,-0.028444234989125263,0.003188104432873958,0.0,0.0,0.0,0.0,0.0009044796987777874,0.0,0.0,0.0,0.0,0.0,-0.001510499572188426,0.0,-0.0006920920866956647,-0.003604745270078911,0.0,-0.03015898778643652
W_N_0108,6,7,0,0.0,0.0,-0.018138970133300146,0.000793378017370988,0.0,0.0,0.0,0.0,-0.00023050508727753024,0.0,0.0,0.0,0.0,0.0,-0.003143218373227832,0.0,0.003923085543874002,-0.0045244973130663,0.0,-0.02132072734562682
W_N_0108,6,11,0,0.0,0.0,-0.019801461070048862,0.002470129542652842,0.0,0.0,0.0,0.0,-0.00023050508727753024,0.0,0.0,0.0,0.0,0.0,-0.004764070192633189,0.0,-0.0006920920866956647,-0.0038662928483489075,0.0,-0.026884291742351317
W_N_0108,6,12,0,0.0,0.0,-0.034979291634783236,0.003466273423998929,0.0,0.0,0.0,0.0,-0.00015802983445603304,0.0,0.0,0.0,0.0,0.0,-0.002068525393030319,0.0,-0.0006920920866956647,-0.0027534270391530997,0.0,-0.03718509256411942
W_N_0108,6,18,1,0.0,0.0,-0.00434921952100809,0.0028064014687813293,0.0,0.0,0.0,0.0,-0.00015906781518297468,0.0,0.0,0.0,0.0,0.0,-0.0012016554075872357,0.0,0.003923085543874002,-0.0018126784831792105,0.0,-0.0007931342143021789
W_N_0108,6,23,1,0.0,0.0,0.04487017853020983,0.0029504975376989174,0.0,0.0,0.0,0.0,0.00038484791659062085,0.0,0.0,0.0,0.0,0.0,-0.001377196586407901,0.0,-0.0006920920866956647,-0.003596003438631678,0.0,0.04254023187276413
W_N_0108,7,10,0,0.0,0.0,-0.04558785858972711,0.0010315122757252482,0.0,0.0,0.0,0.0,-0.0004650681580503844,0.0,0.0,0.0,0.0,0.0,-0.00015493437428713228,0.0,-0.0006920920866956647,-0.0023438753049860313,0.0,-0.04821231623802107
W_N_0108,7,15,0,0.0,0.0,-0.07526473938267234,-0.0015384624670321339,0.0,0.0,0.0,0.0,-0.00011986354306593903,0.0,0.0,0.0,0.0,0.0,-0.0016491443778451063,0.0,-0.0006920920866956647,-0.002455994781388621,0.0,-0.08172029663869981
W_N_0108,8,5,1,0.0,0.0,0.0028694208163569097,0.0012144491241535037,0.0,0.0,0.0,0.0,0.0007400866045941602,0.0,0.0,0.0,0.0,0.0,-0.002463087573251951,0.0,-0.0006920920866956647,-0.0031175740250687436,0.0,-0.001448797139911786
W_N_0108,8,13,1,0.0,0.0,-0.06944875190056933,-0.013903120917660059,0.0,0.0,0.0,0.0,-0.00019333593670944356,0.0,0.0,0.0,0.0,0.0,-0.00126850153903781,0.0,-0.0006920920866956647,-0.0038512637009665745,0.0,-0.08935706608163889
W_N_0108,9,10,0,0.0,0.0,-0.07601298338452707,-0.017979223966247324,0.0,0.0,0.0,0.0,-0.00023050508727753024,0.0,0.0,0.0,0.0,0.0,-0.0024856373400918264,0.0,-0.0006920920866956647,-0.0047578960288106285,0.0,-0.10215833789365004
W_N_0108,9,15,0,0.0,0.0,-0.06499657944966074,-0.006903837464433014,0.0,0.0,0.0,0.0,-0.00023050508727753024,0.0,0.0,0.0,0.0,0.0,-0.001257817577455629,0.0,-0.0006920920866956647,-0.003910236006371889,0.0,-0.07799106767189447
W_N_0108,10,0,0,0.0,0.0,0.04191251488428142,0.003605567745721826,0.0,0.0,0.0,0.0,0.0005107217399381664,0.0,0.0,0.0,0.0,0.0,0.0011014597713801316,0.0,-0.0006920920866956647,-0.003775022319980349,0.0,0.04266314973464553
W_N_0108,11,6,0,0.0,0.0,-0.05047286155098014,0.0009688327087076381,0.0,0.0,0.0,0.0,-0.00023050508727753024,0.0,0.0,0.0,0.0,0.0,-0.0013383035807220914,0.0,-0.0006920920866956647,-0.004752428735572967,0.0,-0.056517358332540756
W_N_0108,11,10,1,0.0,0.0,-0.06982707585440003,-0.004820007420983207,0.0,0.0,0.0,0.0,-0.00015802983445603304,0.0,0.0,0.0,0.0,0.0,-0.0029091883426958097,0.0,-0.0006920920866956647,-0.00338954300863856,0.0,-0.0817959365478693
W_N_0108,11,26,0,0.0,0.0,0.06251255608058295,0.002394566060283775,0.0,0.0,0.0,0.0,0.0005073890775622098,0.0,0.0,0.0,0.0,0.0,0.023129970924688624,0.0,-0.0006920920866956647,-0.001156256464593679,0.0,0.0866961335918282
W_N_0108,12,2,1,0.0,0.0,0.027753101676145125,0.006472662306280893,0.0,0.0,0.0,0.0,0.0005107217399381664,0.0,0.0,0.0,0.0,0.0,-0.0032871213498750344,0.0,-0.0006920920866956647,-0.002703729425577634,0.0,0.028053542860215844
W_N_0108,12,4,0,0.0,0.0,-0.00753758436736066,0.0006782463454375991,0.0,0.0,0.0,0.0,0.0005107217399381664,0.0,0.0,0.0,0.0,0.0,-0.0029272023679054186,0.0,-0.0006920920866956647,-0.00427168524844837,0.0,-0.014239595985034348
W_N_0108,13,15,0,0.0,0.0,-0.04335665692716354,-0.0072306506256652175,0.0,0.0,0.0,0.0,-0.00023050508727753024,0.0,0.0,0.0,0.0,0.0,-0.0007923563504647819,0.0,-0.0006920920866956647,-0.004450143992118224,0.0,-0.05675240506938496
W_N_0108,13,18,0,0.0,0.0,-0.06161726832893301,-0.010753199203522506,0.0,0.0,0.0,0.0,-0.00015802983445603304,0.0,0.0,0.0,0.0,0.0,-0.0032611423182800177,0.0,-0.0006920920866956647,-0.0026837511670152778,0.0,-0.07916548293890252
W_N_0108,14,0,0,0.0,0.0,0.039961058585032024,0.0014079037037947363,0.0,0.0,0.0,0.0,0.0007400866045941602,0.0,0.0,0.0,0.0,0.0,-0.001517100459780996,0.0,-0.0006920920866956647,-0.002790203411088662,0.0,0.0371096529358556
W_N_0108,14,8,0,0.0,0.0,-0.05319467876943528,-0.0010156634766852047,0.0,0.0,0.0,0.0,-0.00015906781518297468,0.0,0.0,0.0,0.0,0.0,-0.000204862667668953,0.0,-0.0006920920866956647,-0.00385507110148908,0.0,-0.05912143591715716
W_N_0108,14,23,1,0.0,0.0,0.0357852042877178,0.004342854200571348,0.0,0.0,0.0,0.0,0.0007400866045941602,0.0,0.0,0.0,0.0,0.0,-0.0010833537117458855,0.0,-0.0006920920866956647,-0.004067979260089431,0.0,0.035024720034352336
W_N_0108,15,20,0,0.0,0.0,-0.02254956419706996,0.0032448038616328533,0.0,0.0,0.0,0.0,-0.00023050508727753024,0.0,0.0,0.0,0.0,0.0,-0.0019882964830166367,0.0,-0.0006920920866956647,-0.0026649383879952192,0.0,-0.02488059238042216
W_N_0108,16,6,1,0.0,0.0,-0.00197048030162238,0.0006405589638580669,0.0,0.0,0.0,0.0,-0.00023050508727753024,0.0,0.0,0.0,0.0,0.0,-0.001967504726714103,0.0,-0.0006920920866956647,-0.004047476904057865,0.0,-0.008267500142509477
W_N_0108,17,11,0,0.0,0.0,-0.024352479055693734,0.002838278777475566,0.0,0.0,0.0,0.0,-0.00015802983445603304,0.0,0.0,0.0,0.0,0.0,-0.00181105847189612,0.0,-0.0006920920866956647,-0.003059385296993281,0.0,-0.02723476596825927
W_N_0108,17,16,1,0.0,0.0,-0.023993738758553686,0.0033488655447959214,0.0,0.0,0.0,0.0,-0.00015802983445603304,0.0,0.0,0.0,0.0,0.0,-0.0006807835803146792,0.0,-0.0006920920866956647,-0.0036129301138527227,0.0,-0.025788708829076863
W_N_0108,18,12,1,0.0,0.0,-0.03827341548175641,0.001080569662998989,0.0,0.0,0.0,0.0,-0.00015906781518297468,0.0,0.0,0.0,0.0,0.0,-9.115560855713542e-05,0.0,-0.0006920920866956647,-0.0032819095903476965,0.0,-0.041417070919540895
W_N_0108,18,24,0,0.0,0.0,0.05278572749201262,0.003043566249922978,0.0,0.0,0.0,0.0,0.0005107217399381664,0.0,0.0,0.0,0.0,0.0,0.007349935638063757,0.0,-0.0006920920866956647,0.025744528502652075,0.0,0.08874238753589393
W_N_0108,19,14,1,0.0,0.0,-0.004579650231662625,0.0012658300025367613,0.0,0.0,0.0,0.0,0.0005073890775622098,0.0,0.0,0.0,0.0,0.0,0.000881969695972348,0.0,-0.0006920920866956647,-0.0034046108802278,0.0,-0.00602116442251477
W_N_0108,20,9,0,0.0,0.0,0.002278579614900349,0.0006406163455827528,0.0,0.0,0.0,0.0,0.0005073890775622098,0.0,0.0,0.0,0.0,0.0,-0.0017001053070590168,0.0,0.003923085543874002,-0.0029817245583109945,0.0,0.002667840716549303
W_N_0108,22,19,0,0.0,0.0,0.04103064120383238,0.0010027014833698415,0.0,0.0,0.0,0.0,0.0007400866045941602,0.0,0.0,0.0,0.0,0.0,0.0007909459434677758,0.0,-0.0006920920866956647,-0.005163277276898172,0.0,0.03770900587167032
W_N_0108,23,14,0,0.0,0.0,0.053649036291505685,0.0011771731062680316,0.0,0.0,0.0,0.0,0.0007400866045941602,0.0,0.0,0.0,0.0,0.0,0.011481096372305367,0.0,0.003923085543874002,0.036183985293504764,0.0,0.10715446321205202
W_N_0108,23,18,0,0.0,0.0,0.04517957035796622,0.002716623262055134,0.0,0.0,0.0,0.0,0.0007400866045941602,0.0,0.0,0.0,0.0,0.0,-0.0019279119833583642,0.0,-0.0006920920866956647,-0.0014551291677847836,0.0,0.044561146986776705
W_N_0108,24,10,1,0.0,0.0,0.06277302141042934,0.002804084879067791,0.0,0.0,0.0,0.0,0.0007400866045941602,0.0,0.0,0.0,0.0,0.0,0.010928137344933996,0.0,0.003923085543874002,0.01790900432288991,0.0,0.09907742010578918
W_N_0006,0,13,0,0.0,0.0,0.07259301592557031,0.0018106951102382204,0.0,0.0,0.0,0.0,0.0005107217399381664,0.0,0.0,0.0,0.0,0.0,0.009914872670255849,0.0,-0.0006920920866956647,0.0383020099429561,0.0,0.12243922330226299
W_N_0006,2,10,1,0.0,0.0,0.030970354913978274,0.002609662959993128,0.0,0.0,0.0,0.0,0.0005073890775622098,0.0,0.0,0.0,0.0,0.0,-0.0017592873815712427,0.0,0.003923085543874002,0.03263320510942171,0.0,0.06888441022325809
W_N_0006,2,16,1,0.0,0.0,0.041530543084594924,0.0015286284177327082,0.0,0.0,0.0,0.0,0.0005107217399381664,0.0,0.0,0.0,0.0,0.0,0.01866372379895509,0.0,0.003923085543874002,0.04444574688121921,0.0,0.11060244946631409
W_N_0006,2,17,1,0.0,0.0,0.04642626496399353,0.0012168434446186511,0.0,0.0,0.0,0.0,0.0007400866045941602,0.0,0.0,0.0,0.0,0.0,0.032187236999524894,0.0,0.003923085543874002,0.056053237322635376,0.0,0.14054675487924062
W_N_0006,2,20,0,0.0,0.0,0.06767639944439467,0.0013485931781541515,0.0,0.0,0.0,0.0,0.0007400866045941602,0.0,0.0,0.0,0.0,0.0,0.007542172668250362,0.0,-0.0006920920866956647,0.03691585923208653,0.0,0.11353101904078419
W_N_0006,4,5,1,0.0,0.0,0.037426142831862276,0.0014275306132209853,0.0,0.0,0.0,0.0,0.00038484791659062085,0.0,0.0,0.0,0.0,0.0,0.016948170500954877,0.0,0.003923085543874002,0.03962503258910184,0.0,0.0997348099956046
W_N_0006,4,11,0,0.0,0.0,-0.005075052080725395,0.0013591091673281887,0.0,0.0,0.0,0.0,0.0007400866045941602,0.0,0.0,0.0,0.0,0.0,0.019028684995177923,0.0,0.003923085543874002,-0.0011728695153117132,0.0,0.018803044714937166
W_N_0006,6,3,0,0.0,0.0,0.04035131708801732,0.0011691900144076522,0.0,0.0,0.0,0.0,0.0007400866045941602,0.0,0.0,0.0,0.0,0.0,0.023868340335032812,0.0,0.003923085543874002,0.055872056509197396,0.0,0.12592407609512335
W_N_0006,6,21,0,0.0,0.0,0.03707752997042023,0.007232580644730161,0.0,0.0,0.0,0.0,0.0005073890775622098,0.0,0.0,0.0,0.0,0.0,-0.003950904087417728,0.0,-0.0006920920866956647,-0.00467742201582093,0.0,0.03549708150277828
W_N_0006,7,2,0,0.0,0.0,0.04288591583305857,0.0015401472944203702,0.0,0.0,0.0,0.0,0.0007400866045941602,0.0,0.0,0.0,0.0,0.0,0.013362332183372981,0.0,0.003923085543874002,0.03001926170415161,0.0,0.09247082916347169
W_N_0006,7,17,0,0.0,0.0,-0.023256616744191883,0.0008586387672242165,0.0,0.0,0.0,0.0,-0.00015802983445603304,0.0,0.0,0.0,0.0,0.0,-0.0005113447817367874,0.0,0.003923085543874002,-0.004651517371184411,0.0,-0.023795784420470895
W_N_0006,7,20,1,0.0,0.0,-0.006564548858821637,0.001363672822002132,0.0,0.0,0.0,0.0,-0.00023050508727753024,0.0,0.0,0.0,0.0,0.0,-0.000947204700514673,0.0,-0.0006920920866956647,-0.0018522551062880727,0.0,-0.008922933017595447
W_N_0006,7,21,1,0.0,0.0,0.004401742002653921,0.0015891846516533318,0.0,0.0,0.0,0.0,0.0007400866045941602,0.0,0.0,0.0,0.0,0.0,-0.002955089241209228,0.0,0.003923085543874002,-0.0017619966110889874,0.0,0.005937012950477199
W_N_0006,8,3,1,0.0,0.0,0.04595286947908802,0.0039381228212823725,0.0,0.0,0.0,0.0,0.0007400866045941602,0.0,0.0,0.0,0.0,0.0,0.01447255910605365,0.0,0.003923085543874002,0.016137388063116435,0.0,0.08516411161800864
W_N_0006,8,16,0,0.0,0.0,-0.061188820164275404,-0.0029726137885324076,0.0,0.0,0.0,0.0,-0.00023050508727753024,0.0,0.0,0.0,0.0,0.0,-0.002055109993915662,0.0,0.003923085543874002,0.025680988951132133,0.0,-0.03684297453899485
W_N_0006,9,10,0,0.0,0.0,-0.05960525226749551,-0.008832389382704028,0.0,0.0,0.0,0.0,-0.00023050508727753024,0.0,0.0,0.0,0.0,0.0,-0.00230938695899279,0.0,0.003923085543874002,-0.004660379151750191,0.0,-0.07171482730434603
W_N_0006,9,16,1,0.0,0.0,-0.039893546964297553,-0.004184233835602538,0.0,0.0,0.0,0.0,-0.00015906781518297468,0.0,0.0,0.0,0.0,0.0,0.0028965021522460548,0.0,0.003923085543874002,0.022443565312340357,0.0,-0.01497369560662266
W_N_0006,9,22,0,0.0,0.0,-0.01688368941598561,0.0008731193647457285,0.0,0.0,0.0,0.0,0.00038484791659062085,0.0,0.0,0.0,0.0,0.0,-0.0016883069408670853,0.0,-0.0006920920866956647,-0.0029292245276112292,0.0,-0.020935345689823245
W_N_0006,10,5,0,0.0,0.0,0.007116184461558167,0.00343763844039125,0.0,0.0,0.0,0.0,0.0008969675304056708,0.0,0.0,0.0,0.0,0.0,-0.002168560995243493,0.0,-0.0006920920866956647,-0.0019008116921645833,0.0,0.006689325658251347
W_N_0006,10,13,0,0.0,0.0,-0.04786573179188448,-0.0126166771943073,0.0,0.0,0.0,0.0,-0.00023050508727753024,0.0,0.0,0.0,0.0,0.0,0.010142441152410713,0.0,0.003923085543874002,0.01960587569664811,0.0,-0.027041511680536492
W_N_0006,11,1,0,0.0,0.0,0.023656843521648492,0.0010322147537359869,0.0,0.0,0.0,0.0,0.00038484791659062085,0.0,0.0,0.0,0.0,0.0,0.011887142148517209,0.0,0.003923085543874002,0.018805351947812486,0.0,0.0596894858321788
W_N_0006,12,3,1,0.0,0.0,0.0269019597996415,0.0005962680891259974,0.0,0.0,0.0,0.0,0.00038484791659062085,0.0,0.0,0.0,0.0,0.0,0.0009079354281183629,0.0,0.003923085543874002,0.013946756798835074,0.0,0.04666085357618555
W_N_0006,12,23,1,0.0,0.0,0.030773715038200367,0.0012998633772941214,0.0,0.0,0.0,0.0,0.0007400866045941602,0.0,0.0,0.0,0.0,0.0,-0.0009111112873897053,0.0,-0.0006920920866956647,-0.0024395955395993887,0.0,0.02877086610640389
W_N_0006,13,19,0,0.0,0.0,-0.02938873130497635,0.002558884688053834,0.0,0.0,0.0,0.0,-0.00023050508727753024,0.0,0.0,0.0,0.0,0.0,-0.001930371316875037,0.0,0.003923085543874002,-0.0018475776155003401,0.0,-0.026915215092701426
W_N_0006,14,12,0,0.0,0.0,-0.03799673327754052,-0.00907128380152528,0.0,0.0,0.0,0.0,-0.00015906781518297468,0.0,0.0,0.0,0.0,0.0,0.021411776279320865,0.0,0.003923085543874002,0.03576895789875633,0.0,0.013876734827702422
W_N_0006,14,20,0,0.0,0.0,-0.03553986700122273,0.00465677805004946,0.0,0.0,0.0,0.0,-0.00023050508727753024,0.0,0.0,0.0,0.0,0.0,-0.0012932800827594204,0.0,0.003923085543874002,-0.003942591095420759,0.0,-0.03242637967275698
W_N_0006,14,21,0,0.0,0.0,-0.002401884560306613,0.0017537087709780142,0.0,0.0,0.0,0.0,0.0005107217399381664,0.0,0.0,0.0,0.0,0.0,-0.0010458611619230318,0.0,-0.0006920920866956647,-0.002106484238060844,0.0,-0.003981891536069973
W_N_0006,14,23,1,0.0,0.0,0.026871625180458856,0.0038342647981288343,0.0,0.0,0.0,0.0,0.0005107217399381664,0.0,0.0,0.0,0.0,0.0,-0.0018078170092784506,0.0,-0.0006920920866956647,-0.0017137729581637438,0.0,0.027002929664387994
W_N_0006,14,24,1,0.0,0.0,0.048882185387775216,0.00300523331144864,0.0,0.0,0.0,0.0,0.0005073890775622098,0.0,0.0,0.0,0.0,0.0,-0.0007165715122258021,0.0,-0.0006920920866956647,-0.001722585563896757,0.0,0.04926355861396785
W_N_0006,15,5,1,0.0,0.0,0.0012499961967332273,0.001248251578361648,0.0,0.0,0.0,0.0,0.0005073890775622098,0.0,0.0,0.0,0.0,0.0,-0.0032776429029010307,0.0,0.003923085543874002,-0.002355399735700233,0.0,0.0012956797579298232
W_N_0006,15,14,1,0.0,0.0,-0.044141555969097926,-0.012645823421584273,0.0,0.0,0.0,0.0,-0.00015802983445603304,0.0,0.0,0.0,0.0,0.0,0.026298382168024922,0.0,0.003923085543874002,0.01544147952782555,0.0,-0.011282461985413763
W_N_0006,16,11,0,0.0,0.0,-0.03860383565827437,-0.004191251103621748,0.0,0.0,0.0,0.0,-0.00023050508727753024,0.0,0.0,0.0,0.0,0.0,-0.0018537118104021099,0.0,0.003923085543874002,0.00033059465552892305,0.0,-0.04062562346017283
W_N_0006,16,19,1,0.0,0.0,-0.010715562638164011,0.0031209573393479657,0.0,0.0,0.0,0.0,-0.00023050508727753024,0.0,0.0,0.0,0.0,0.0,0.026495475191911325,0.0,0.003923085543874002,-0.0014187543676190283,0.0,0.021174695982072722
W_N_0006,17,8,1,0.0,0.0,-0.006501888861297579,0.002481787061632422,0.0,0.0,0.0,0.0,-0.00015906781518297468,0.0,0.0,0.0,0.0,0.0,-0.0005916787691501234,0.0,0.003923085543874002,-0.0015115131540157267,0.0,-0.002359275994139979
W_N_0006,17,24,0,0.0,0.0,0.04574292562934638,0.001344846295869038,0.0,0.0,0.0,0.0,0.0005107217399381664,0.0,0.0,0.0,0.0,0.0,0.01183574132212739,0.0,0.003923085543874002,0.03224510715411351,0.0,0.09560242768526848
W_N_0006,18,2,0,0.0,0.0,0.06585273423001906,0.0017172801573351242,0.0,0.0,0.0,0.0,0.0007400866045941602,0.0,0.0,0.0,0.0,0.0,0.007649335059721378,0.0,0.003923085543874002,0.027697274144003903,0.0,0.10757979573954761
W_N_0006,20,5,0,0.0,0.0,0.054413395836511315,0.002702803043651516,0.0,0.0,0.0,0.0,0.0007400866045941602,0.0,0.0,0.0,0.0,0.0,0.0008574469479332247,0.0,0.003923085543874002,0.038228185159950245,0.0,0.10086500313651446
W_N_0006,20,18,1,0.0,0.0,0.024318843372028505,0.0006419519592829021,0.0,0.0,0.0,0.0,0.0007400866045941602,0.0,0.0,0.0,0.0,0.0,-0.0018526834727678615,0.0,0.003923085543874002,0.021794463378767594,0.0,0.049565747385779305
W_N_0006,21,5,0,0.0,0.0,0.041281903018750406,0.004067896360428843,0.0,0.0,0.0,0.0,0.0007400866045941602,0.0,0.0,0.0,0.0,0.0,0.02545540671211982,0.0,0.003923085543874002,0.022636901054064178,0.0,0.09810527929383142
W_N_0006,22,16,0,0.0,0.0,0.04237499882221409,0.0014234219979824742,0.0,0.0,0.0,0.0,0.0005073890775622098,0.0,0.0,0.0,0.0,0.0,0.02235786396460334,0.0,0.003923085543874002,0.03554647804753073,0.0,0.10613323745376685
W_N_0006,23,11,0,0.0,0.0,0.05291162051487832,0.004723925143575451,0.0,0.0,0.0,0.0,0.0005073890775622098,0.0,0.0,0.0,0.0,0.0,-0.0035925102856098896,0.0,0.003923085543874002,0.01795598523245762,0.0,0.07642949522673771
W_N_0006,23,12,0,0.0,0.0,0.041932068509794786,0.0012093603172452726,0.0,0.0,0.0,0.0,0.0005073890775622098,0.0,0.0,0.0,0.0,0.0,-0.0036429276158847627,0.0,0.003923085543874002,0.02298881870617924,0.0,0.06691779453877075
W_N_0145,3,11,0,0.0,0.0,0.050666726725134725,0.0008184323724784331,0.0,0.0,0.0,0.0,0.0014385752323179976,0.0,0.0,0.0,0.0,0.0,0.0008875049277651699,0.0,-0.0002564286634833484,-0.0033033765460684893,0.0,0.050251434048144486
W_N_0145,3,18,0,0.0,0.0,0.041464902579160585,0.0046134089380738255,0.0,0.0,0.0,0.0,0.0014385752323179976,0.0,0.0,0.0,0.0,0.0,-0.0027528320006336483,0.0,-0.0002564286634833484,-0.003147743898228947,0.0,0.041359882187206466
W_N_0145,4,14,0,0.0,0.0,0.040207996609557824,0.002404068537820472,0.0,0.0,0.0,0.0,0.0014385752323179976,0.0,0.0,0.0,0.0,0.0,-0.001119630439421204,0.0,-0.0002564286634833484,-0.004405875885297251,0.0,0.03826870539149449
W_N_0145,5,6,0,0.0,0.0,0.0344503026906963,0.0032643979970810475,0.0,0.0,0.0,0.0,0.0014385752323179976,0.0,0.0,0.0,0.0,0.0,-0.00166777097023543,0.0,-0.0002564286634833484,-0.0017853527638539977,0.0,0.03544372352252256
W_N_0145,5,7,0,0.0,0.0,0.0462560298108051,0.0014224196608425392,0.0,0.0,0.0,0.0,0.0014385752323179976,0.0,0.0,0.0,0.0,0.0,-0.0033950400835291035,0.0,-0.0002564286634833484,-0.003430711792443733,0.0,0.042034844164509456
W_N_0145,5,14,0,0.0,0.0,-0.0008298307965371867,0.001881880830769996,0.0,0.0,0.0,0.0,0.0014385752323179976,0.0,0.0,0.0,0.0,0.0,-0.002190966386127489,0.0,-0.0002564286634833484,-0.002657373968656476,0.0,-0.002614143751716506
W_N_0145,5,21,0,0.0,0.0,0.056464723784533766,0.004231215422127437,0.0,0.0,0.0,0.0,0.0014385752323179976,0.0,0.0,0.0,0.0,0.0,-0.0027390841378779015,0.0,-0.0002564286634833484,-0.003492600775035505,0.0,0.05564640086258245
W_N_0145,8,16,1,0.0,0.0,-0.02071047026959661,0.00264270025883457,0.0,0.0,0.0,0.0,-0.0002519490523300968,0.0,0.0,0.0,0.0,0.0,-0.00043845901312701525,0.0,0.0014535516329185,-0.004204318589158925,0.0,-0.021508945032459578
W_N_0145,9,8,0,0.0,0.0,-0.0021022241235024324,0.0012723651463732637,0.0,0.0,0.0,0.0,-0.00044805419720113924,0.0,0.0,0.0,0.0,0.0,-0.0040094376542662334,0.0,-0.0002564286634833484,-0.0029617260900039583,0.0,-0.008505505582083848
W_N_0145,10,2,0,0.0,0.0,0.03545610029176851,0.0016953664260792984,0.0,0.0,0.0,0.0,0.0008019271659491864,0.0,0.0,0.0,0.0,0.0,-0.0016486346350548084,0.0,-0.0002564286634833484,-0.0029964163718325235,0.0,0.03305191421342631
W_N_0145,10,23,0,0.0,0.0,-0.0017769718292990765,0.00244865088270869,0.0,0.0,0.0,0.0,-0.0002497657574530816,0.0,0.0,0.0,0.0,0.0,-0.0034567423704005285,0.0,-0.0002564286634833484,-0.0034089368692071936,0.0,-0.006700194607134538
W_N_0145,11,1,0,0.0,0.0,0.04549267253694473,0.0015225705282509402,0.0,0.0,0.0,0.0,0.000808937107948482,0.0,0.0,0.0,0.0,0.0,0.01969903147586172,0.0,-0.0002564286634833484,-0.003999750773693576,0.0,0.06326703221182893
W_N_0145,11,16,0,0.0,0.0,-0.04664335675464978,-0.0022930920161300097,0.0,0.0,0.0,0.0,-0.00044805419720113924,0.0,0.0,0.0,0.0,0.0,-0.0020727625280769105,0.0,0.0014535516329185,-0.0015678066716983585,0.0,-0.0515715205348377
W_N_0145,12,4,0,0.0,0.0,0.03992843556258975,0.003465831706486991,0.0,0.0,0.0,0.0,0.000808937107948482,0.0,0.0,0.0,0.0,0.0,0.005680333853111059,0.0,-0.0002564286634833484,-0.003522528720159002,0.0,0.04610458084649393
W_N_0145,13,3,0,0.0,0.0,0.035500878940039345,0.0022420610625666134,0.0,0.0,0.0,0.0,0.0014385752323179976,0.0,0.0,0.0,0.0,0.0,-0.0030843611130246407,0.0,-0.0002564286634833484,-0.0036384001201527926,0.0,0.03220232533826318
W_N_0145,13,20,0,0.0,0.0,-0.04501056728960717,-0.010141873575307624,0.0,0.0,0.0,0.0,-0.00044805419720113924,0.0,0.0,0.0,0.0,0.0,-0.0023973506476475345,0.0,-0.0002564286634833484,-0.002210687293008285,0.0,-0.060464961666255104
W_N_0145,13,26,0,0.0,0.0,0.024831097613132628,0.002893891373228204,0.0,0.0,0.0,0.0,0.0014385752323179976,0.0,0.0,0.0,0.0,0.0,-0.002955603979570584,0.0,-0.0002564286634833484,-0.004350920701380596,0.0,0.0216006108742443
W_N_0145,14,6,0,0.0,0.0,-0.020123862311573117,0.0016686770446065573,0.0,0.0,0.0,0.0,-0.00044805419720113924,0.0,0.0,0.0,0.0,0.0,-0.0009987056313600098,0.0,-0.0002564286634833484,-0.0023462339866660797,0.0,-0.022504607745677134
W_N_0145,14,23,0,0.0,0.0,-0.010602578616205074,0.001790520458348224,0.0,0.0,0.0,0.0,-0.0002519490523300968,0.0,0.0,0.0,0.0,0.0,0.0011927172566856491,0.0,-0.0002564286634833484,-0.0033673688440083393,0.0,-0.011495087460992984
W_N_0145,17,0,0,0.0,0.0,0.05504090318707665,0.000981005471952737,0.0,0.0,0.0,0.0,0.0014385752323179976,0.0,0.0,0.0,0.0,0.0,-0.004151299280696081,0.0,-0.0002564286634833484,-0.0035971318483766592,0.0,0.04945562409879129
W_N_0145,20,18,0,0.0,0.0,-0.04975386212920866,-0.018385096706144667,0.0,0.0,0.0,0.0,-0.0002519490523300968,0.0,0.0,0.0,0.0,0.0,-0.0009449577866211037,0.0,0.0014535516329185,-0.001999924400823691,0.0,-0.06988223844220971
W_N_0145,24,5,0,0.0,0.0,0.013921256441104517,0.0010875989630196228,0.0,0.0,0.0,0.0,0.000808937107948482,0.0,0.0,0.0,0.0,0.0,0.0017796670851648797,0.0,-0.0002564286634833484,-0.004182979556733848,0.0,0.013158051377020306
W_N_0145,24,24,0,0.0,0.0,0.0004944033630199718,0.0008515580213185488,0.0,0.0,0.0,0.0,-0.00044805419720113924,0.0,0.0,0.0,0.0,0.0,-0.0029449147331919072,0.0,-0.0002564286634833484,-0.002707549801779774,0.0,-0.0050109860113176485
W_N_0145,26,16,1,0.0,0.0,-0.0354438071788307,0.0018981271231833104,0.0,0.0,0.0,0.0,-0.00044805419720113924,0.0,0.0,0.0,0.0,0.0,-0.0013172363816184927,0.0,-0.0002564286634833484,-0.004241506694349697,0.0,-0.03980890599230007
W_N_0145,26,20,0,0.0,0.0,-0.007612204870931249,0.0011845359731435024,0.0,0.0,0.0,0.0,-0.00044805419720113924,0.0,0.0,0.0,0.0,0.0,-0.0012533759155089691,0.0,-0.0002564286634833484,-0.00238841875907331,0.0,-0.010773946433054512
W_N_0145,28,8,1,0.0,0.0,0.02356656529805239,0.0013521539392378002,0.0,0.0,0.0,0.0,-0.0001694865515836404,0.0,0.0,0.0,0.0,0.0,-0.002667049735430717,0.0,-0.0002564286634833484,-0.0016070514274466481,0.0,0.020218702859345836
W_N_0145,29,6,0,0.0,0.0,0.07492142377449201,0.003954997569569211,0.0,0.0,0.0,0.0,0.0008019271659491864,0.0,0.0,0.0,0.0,0.0,-0.002509217177410545,0.0,-0.0002564286634833484,-0.004809695019809198,0.0,0.07210300764930733
W_N_0145,33,17,0,0.0,0.0,0.048668860254069586,0.004302328991942501,0.0,0.0,0.0,0.0,0.000808937107948482,0.0,0.0,0.0,0.0,0.0,0.009098193762722967,0.0,-0.0002564286634833484,-0.002365018791300954,0.0,0.06025687266189923
W_F_0019,1,24,1,0.0,0.0,0.06241475921236236,0.0022621017607588603,0.0,0.0,0.0,0.0,0.006048942376760622,0.0,0.0,0.0,0.0,0.0,0.009762623352023698,0.0,0.004804837645520473,0.03978849802954655,0.0,0.12508176237697255
W_F_0019,2,15,1,0.0,0.0,0.03464002371680062,0.0012827921373830726,0.0,0.0,0.0,0.0,0.0010113458193720198,0.0,0.0,0.0,0.0,0.0,0.011381896371203347,0.0,0.004804837645520473,0.021414036212285215,0.0,0.07453493190256474
W_F_0019,3,11,1,0.0,0.0,0.0497248868090407,0.0017883357671427517,0.0,0.0,0.0,0.0,0.006048942376760622,0.0,0.0,0.0,0.0,0.0,0.013705559883440063,0.0,0.004804837645520473,0.02623698747196144,0.0,0.10230954995386604
W_F_0019,3,15,1,0.0,0.0,0.02980304389854567,0.001601022281097865,0.0,0.0,0.0,0.0,0.0019252850363656625,0.0,0.0,0.0,0.0,0.0,0.01752945281918594,0.0,0.004804837645520473,0.03917232519775302,0.0,0.09483596687846862
W_F_0019,4,22,0,0.0,0.0,0.03248196545657536,0.0019116564023953897,0.0,0.0,0.0,0.0,0.006048942376760622,0.0,0.0,0.0,0.0,0.0,0.018749589900239096,0.0,0.004804837645520473,0.05346888058941149,0.0,0.11746587237090243
W_F_0019,7,12,0,0.0,0.0,0.02232335659193644,0.0016318382115056945,0.0,0.0,0.0,0.0,-0.0018839849037080654,0.0,0.0,0.0,0.0,0.0,-0.0008294283954843982,0.0,0.004804837645520473,0.03451915764248872,0.0,0.06056577679225886
W_F_0019,7,24,0,0.0,0.0,-0.021896433596424902,0.0030966684941768495,0.0,0.0,0.0,0.0,-0.0006073848200035545,0.0,0.0,0.0,0.0,0.0,-0.0031043695291943494,0.0,-0.0008476465973358216,-0.003876174606859148,0.0,-0.027235340655640927
W_F_0019,8,18,0,0.0,0.0,-0.020145257338179387,0.0014731213468370489,0.0,0.0,0.0,0.0,-0.0006073848200035545,0.0,0.0,0.0,0.0,0.0,-0.0014938769365272265,0.0,-0.0008476465973358216,-0.007461294262155983,0.0,-0.02908233860736492
W_F_0019,8,20,0,0.0,0.0,-0.010454324816170354,0.002507349410814542,0.0,0.0,0.0,0.0,-0.0018839849037080654,0.0,0.0,0.0,0.0,0.0,-0.0025514793519702665,0.0,-0.0008476465973358216,-0.0047055371945574,0.0,-0.017935623452927367
W_F_0019,9,16,0,0.0,0.0,-0.016743311377878125,0.001261506867342816,0.0,0.0,0.0,0.0,-0.0018839849037080654,0.0,0.0,0.0,0.0,0.0,-0.0029894983437085167,0.0,-0.0008476465973358216,-0.004359264265410675,0.0,-0.025562198620698386
W_F_0019,9,34,1,0.0,0.0,0.03543370654611332,0.0054719954883205146,0.0,0.0,0.0,0.0,-0.0005996433290195129,0.0,0.0,0.0,0.0,0.0,-0.002524842625520083,0.0,0.004804837645520473,-0.004443122256441454,0.0,0.03814293146897326
W_F_0019,13,11,1,0.0,0.0,1.3556830179228093e-05,0.003286233842512209,0.0,0.0,0.0,0.0,-0.0018839849037080654,0.0,0.0,0.0,0.0,0.0,-0.0009248905088339603,0.0,0.004804837645520473,-0.0014330787730066229,0.0,0.0038626741326632614
W_F_0019,13,27,0,0.0,0.0,-0.03528750153855645,0.001992416795714298,0.0,0.0,0.0,0.0,-0.0006073848200035545,0.0,0.0,0.0,0.0,0.0,0.001364532919092029,0.0,0.004804837645520473,-0.005129294112108948,0.0,-0.032862393110342156
W_F_0019,14,7,1,0.0,0.0,0.015225363018536574,0.001929872674343955,0.0,0.0,0.0,0.0,-0.0018839849037080654,0.0,0.0,0.0,0.0,0.0,-0.0011903959991961305,0.0,0.004804837645520473,-0.004396318158126231,0.0,0.014489374277370577
W_F_0019,14,14,1,0.0,0.0,-0.053158269622308324,0.0025781789163193064,0.0,0.0,0.0,0.0,-0.0018839849037080654,0.0,0.0,0.0,0.0,0.0,-0.0011620069742407297,0.0,-0.0008476465973358216,-0.005948086133591443,0.0,-0.060421815314865075
W_F_0019,15,15,0,0.0,0.0,-0.0779873338251625,-0.010942182298594786,0.0,0.0,0.0,0.0,-0.0006073848200035545,0.0,0.0,0.0,0.0,0.0,-0.0015482909498134721,0.0,-0.0008476465973358216,-0.0050199220532994426,0.0,-0.09695276054420958
W_F_0019,15,23,0,0.0,0.0,-0.051657046816953364,-0.005519187735188883,0.0,0.0,0.0,0.0,-0.0018839849037080654,0.0,0.0,0.0,0.0,0.0,0.005874059097445315,0.0,0.004804837645520473,0.03392189733020628,0.0,-0.014459425382678241
W_F_0019,16,39,0,0.0,0.0,0.058145236820347716,0.000915413264581711,0.0,0.0,0.0,0.0,0.0019501407731502382,0.0,0.0,0.0,0.0,0.0,0.009261521597404097,0.0,0.004804837645520473,0.028056438595639263,0.0,0.1031335886966435
W_F_0019,18,25,0,0.0,0.0,-0.06179327949967247,-0.005802792991300359,0.0,0.0,0.0,0.0,-0.0006073848200035545,0.0,0.0,0.0,0.0,0.0,-0.0018445705129962455,0.0,0.004804837645520473,-0.003747143584121468,0.0,-0.06899033376257362
W_F_0019,18,29,0,0.0,0.0,-0.05183311879464215,-0.00038667632072252045,0.0,0.0,0.0,0.0,-0.00031499064422325077,0.0,0.0,0.0,0.0,0.0,-0.0023072655282995623,0.0,-0.0008476465973358216,-0.005117961595888157,0.0,-0.060807659481111456
W_F_0019,19,32,0,0.0,0.0,-0.0014785337400374955,0.003959534769746894,0.0,0.0,0.0,0.0,-0.0018839849037080654,0.0,0.0,0.0,0.0,0.0,-0.0023777973705789387,0.0,-0.0008476465973358216,-0.005990126006421753,0.0,-0.008618553848335181
W_F_0019,22,5,1,0.0,0.0,0.008316433514617845,0.0018564934876893681,0.0,0.0,0.0,0.0,0.0019252850363656625,0.0,0.0,0.0,0.0,0.0,-0.004718200478159534,0.0,0.004804837645520473,0.04425076565884376,0.0,0.05643561486487758
W_F_0019,22,6,0,0.0,0.0,-0.004624855963405803,0.001051608304071447,0.0,0.0,0.0,0.0,-0.00031499064422325077,0.0,0.0,0.0,0.0,0.0,-0.002060428418788712,0.0,0.004804837645520473,-0.0034845197283606875,0.0,-0.004628348805186533
W_F_0019,22,22,1,0.0,0.0,-0.04716939226413301,-0.008292948329859103,0.0,0.0,0.0,0.0,-0.00031499064422325077,0.0,0.0,0.0,0.0,0.0,-0.0006538734017841263,0.0,-0.0008476465973358216,-0.004540995525475243,0.0,-0.06181984676281056
W_F_0019,23,19,0,0.0,0.0,-0.036241912590307956,-0.006670096576784941,0.0,0.0,0.0,0.0,-0.0006073848200035545,0.0,0.0,0.0,0.0,0.0,0.000574674070826187,0.0,0.004804837645520473,-0.005177246180661574,0.0,-0.043317128451411356
W_F_0019,23,31,1,0.0,0.0,-0.01644795812033869,0.0006614735301183878,0.0,0.0,0.0,0.0,-0.0018839849037080654,0.0,0.0,0.0,0.0,0.0,-0.0018843614837091031,0.0,-0.0008476465973358216,-0.009380085657209748,0.0,-0.029782563232183035
W_F_0019,23,33,0,0.0,0.0,-0.01545389008872,0.0014499230624693174,0.0,0.0,0.0,0.0,-0.006666666262799024,0.0,0.0,0.0,0.0,0.0,-0.0018738608915170763,0.0,-0.0008476465973358216,-0.004320856021134272,0.0,-0.02771299679903688
W_F_0019,23,34,0,0.0,0.0,-0.0014692156234094548,0.001141638539094915,0.0,0.0,0.0,0.0,-0.0006073848200035545,0.0,0.0,0.0,0.0,0.0,0.0005594585450831984,0.0,-0.0008476465973358216,-0.006139621921135498,0.0,-0.007362771877706216
W_F_0019,23,36,1,0.0,0.0,0.04068027649008944,0.0013485746850509864,0.0,0.0,0.0,0.0,0.0019501407731502382,0.0,0.0,0.0,0.0,0.0,-0.0019623924213118663,0.0,-0.0008476465973358216,-0.006610126321230667,0.0,0.034558826608412314
W_F_0019,25,24,0,0.0,0.0,-0.0707529967752799,-0.02864354837579993,0.0,0.0,0.0,0.0,-0.0018839849037080654,0.0,0.0,0.0,0.0,0.0,-0.0024845245940063325,0.0,-0.0008476465973358216,-0.005535812527646208,0.0,-0.11014851377377625
W_F_0019,26,5,0,0.0,0.0,0.03967601367251388,0.003214591206952292,0.0,0.0,0.0,0.0,0.0019252850363656625,0.0,0.0,0.0,0.0,0.0,0.03036882701948885,0.0,0.004804837645520473,0.050173309621250835,0.0,0.130162864202092
W_F_0019,26,26,1,0.0,0.0,-0.04176392455743007,-0.008632681627172855,0.0,0.0,0.0,0.0,-0.0005996433290195129,0.0,0.0,0.0,0.0,0.0,-0.0020482109734183463,0.0,-0.0008476465973358216,-0.005142520850167243,0.0,-0.05903462793454385
W_F_0019,31,14,0,0.0,0.0,-0.019336885165422167,0.0013185976521638946,0.0,0.0,0.0,0.0,-0.0005996433290195129,0.0,0.0,0.0,0.0,0.0,-0.0024255254559132837,0.0,-0.0008476465973358216,-0.0037012167938232947,0.0,-0.025592319689350187
W_F_0019,32,5,0,0.0,0.0,0.05747016563422309,0.002874263223127988,0.0,0.0,0.0,0.0,0.006048942376760622,0.0,0.0,0.0,0.0,0.0,0.030065237657422857,0.0,0.004804837645520473,0.051002249426893936,0.0,0.15226569596394895
W_F_0019,32,29,0,0.0,0.0,-0.00021445996982033717,0.0020642412147467283,0.0,0.0,0.0,0.0,-0.0018839849037080654,0.0,0.0,0.0,0.0,0.0,-0.001386122366035638,0.0,-0.0008476465973358216,-0.005402611815622046,0.0,-0.00767058443777518
W_F_0019,34,21,0,0.0,0.0,-0.0059392673325365,0.0014976350176405253,0.0,0.0,0.0,0.0,-0.0018839849037080654,0.0,0.0,0.0,0.0,0.0,-0.002820529814216863,0.0,0.004804837645520473,-0.006223369148051901,0.0,-0.01056467853535233
W_F_0019,34,22,0,0.0,0.0,0.0033284348006388706,0.0006377112171334687,0.0,0.0,0.0,0.0,-0.006666666262799024,0.0,0.0,0.0,0.0,0.0,-0.002652578191063602,0.0,-0.0008476465973358216,-0.005034961910144989,0.0,-0.011235706943571098
W_F_0019,40,19,1,0.0,0.0,0.035609334831794105,0.0011286687058380915,0.0,0.0,0.0,0.0,0.0019501407731502382,0.0,0.0,0.0,0.0,0.0,0.007599603035817196,0.0,0.004804837645520473,0.03585000756569379,0.0,0.08694259255781389
W_F_0019,40,24,0,0.0,0.0,0.05462716308115764,0.002759158929805595,0.0,0.0,0.0,0.0,0.0019252850363656625,0.0,0.0,0.0,0.0,0.0,0.00762165089481971,0.0,0.004804837645520473,0.03610766283452813,0.0,0.10784575842219721
W_N_0112,1,15,0,0.0,0.0,0.05619703538778265,0.0011191178905362866,0.0,0.0,0.0,0.0,0.0007400866045941602,0.0,0.0,0.0,0.0,0.0,0.013033789129353225,0.0,-0.0006920920866956647,-0.0012135570277000418,0.0,0.06918437989787062
W_N_0112,1,17,1,0.0,0.0,0.05880232633783957,0.002785629661443707,0.0,0.0,0.0,0.0,0.0007400866045941602,0.0,0.0,0.0,0.0,0.0,0.015612431242381116,0.0,-0.0006920920866956647,0.05651700628585031,0.0,0.1337653880454132
W_N_0112,2,9,1,0.0,0.0,0.04440530533030398,0.00126224254093303,0.0,0.0,0.0,0.0,0.0005073890775622098,0.0,0.0,0.0,0.0,0.0,0.012956311197200601,0.0,-0.0006920920866956647,0.02114143721284865,0.0,0.0795805932721528
W_N_0112,2,23,1,0.0,0.0,0.051628482149820056,0.001295892419665244,0.0,0.0,0.0,0.0,0.0007400866045941602,0.0,0.0,0.0,0.0,0.0,0.015300525088441983,0.0,-0.0006920920866956647,0.0007256039296642815,0.0,0.06899849810549005
W_N_0112,3,16,1,0.0,0.0,0.03835183109339968,0.0004340285542538538,0.0,0.0,0.0,0.0,0.0007400866045941602,0.0,0.0,0.0,0.0,0.0,-0.0014446325189875588,0.0,0.003923085543874002,0.0003700702113300558,0.0,0.0423744694884642
W_N_0112,4,7,0,0.0,0.0,0.022104852498023127,0.0009327023413406718,0.0,0.0,0.0,0.0,0.0005073890775622098,0.0,0.0,0.0,0.0,0.0,-0.000910160021028223,0.0,-0.0006920920866956647,-0.0018659242422907297,0.0,0.020076767566911388
W_N_0112,4,24,1,0.0,0.0,0.048361248654370116,0.001722304104222612,0.0,0.0,0.0,0.0,0.00038484791659062085,0.0,0.0,0.0,0.0,0.0,0.007133869835485602,0.0,-0.0006920920866956647,-0.001574351547028693,0.0,0.05533582687694459
W_N_0112,4,27,1,0.0,0.0,0.055411788570627986,0.0011468537124738236,0.0,0.0,0.0,0.0,0.0007400866045941602,0.0,0.0,0.0,0.0,0.0,-0.0028770885996464894,0.0,-0.0006920920866956647,-0.004572035774284952,0.0,0.04915751242706887
W_N_0112,5,5,1,0.0,0.0,0.04371965556952888,0.003320550628359501,0.0,0.0,0.0,0.0,0.0007400866045941602,0.0,0.0,0.0,0.0,0.0,-0.0033826879571212574,0.0,-0.0006920920866956647,-0.004927133173178516,0.0,0.038778379585487105
W_N_0112,5,6,0,0.0,0.0,0.07219840946240055,0.0014523740362262347,0.0,0.0,0.0,0.0,0.0007400866045941602,0.0,0.0,0.0,0.0,0.0,-0.0021817605589452348,0.0,-0.0006920920866956647,-0.001984349314131358,0.0,0.06953266814344869
W_N_0112,5,12,0,0.0,0.0,-0.004607212380683485,0.002760065512600306,0.0,0.0,0.0,0.0,0.0007400866045941602,0.0,0.0,0.0,0.0,0.0,0.00016405654448545882,0.0,-0.0006920920866956647,-0.004283350680753795,0.0,-0.00591844648645302
W_N_0112,5,25,1,0.0,0.0,0.030277356041135867,0.0006941772626283108,0.0,0.0,0.0,0.0,0.0005073890775622098,0.0,0.0,0.0,0.0,0.0,-0.0008347365390823106,0.0,-0.0006920920866956647,-0.001547774346468803,0.0,0.028404319409079608
W_N_0112,5,28,1,0.0,0.0,0.04414886110153209,0.0017932574733575727,0.0,0.0,0.0,0.0,0.0007400866045941602,0.0,0.0,0.0,0.0,0.0,-0.0032413199806556065,0.0,-0.0006920920866956647,-0.0034089599041698796,0.0,0.03933983320796268
W_N_0112,6,21,0,0.0,0.0,-0.0016774387625556868,0.0014287345367641417,0.0,0.0,0.0,0.0,-0.00023050508727753024,0.0,0.0,0.0,0.0,0.0,-0.002429714153612237,0.0,-0.0006920920866956647,-0.004235298272464118,0.0,-0.007836313825841094
W_N_0112,7,20,0,0.0,0.0,-0.02709718655708942,0.0012808002892380828,0.0,0.0,0.0,0.0,-0.00011986354306593903,0.0,0.0,0.0,0.0,0.0,-0.0005603877287399871,0.0,-0.0006920920866956647,-0.005139296053698249,0.0,-0.03232802568005118
W_N_0112,9,9,1,0.0,0.0,-0.0012695494077413253,0.0030656801825852016,0.0,0.0,0.0,0.0,-0.00015802983445603304,0.0,0.0,0.0,0.0,0.0,0.001015245783904613,0.0,-0.0006920920866956647,-0.005640278743795621,0.0,-0.003679024106198829
W_N_0112,10,7,0,0.0,0.0,-0.017486426170639013,0.002771136651333083,0.0,0.0,0.0,0.0,-0.00023050508727753024,0.0,0.0,0.0,0.0,0.0,-3.844460126145328e-06,0.0,-0.0006920920866956647,-0.0058720688967400505,0.0,-0.02151380005014532
W_N_0112,10,32,1,0.0,0.0,0.05001645539764174,0.0016825204950760505,0.0,0.0,0.0,0.0,0.00038484791659062085,0.0,0.0,0.0,0.0,0.0,0.009707775398152416,0.0,-0.0006920920866956647,0.030416748743406257,0.0,0.09151625586417142
W_N_0112,11,3,1,0.0,0.0,0.05717325742715419,0.0009503594726140396,0.0,0.0,0.0,0.0,0.00038484791659062085,0.0,0.0,0.0,0.0,0.0,-0.00023758678595243912,0.0,-0.0006920920866956647,-0.003516712064297208,0.0,0.054062073879413544
W_N_0112,11,17,0,0.0,0.0,-0.06395134866220344,-0.006494025521589536,0.0,0.0,0.0,0.0,-0.00023050508727753024,0.0,0.0,0.0,0.0,0.0,-0.0030240506505813947,0.0,-0.0006920920866956647,-0.0054748786049585675,0.0,-0.07986690061330613
W_N_0112,11,19,0,0.0,0.0,-0.05489329688764908,-0.015950158803057952,0.0,0.0,0.0,0.0,-0.00023050508727753024,0.0,0.0,0.0,0.0,0.0,-0.004076665673454528,0.0,-0.0006920920866956647,-0.0037202366503638826,0.0,-0.07956295518849862
W_N_0112,11,24,0,0.0,0.0,-0.049342742873861534,0.004178388390563386,0.0,0.0,0.0,0.0,-0.00023050508727753024,0.0,0.0,0.0,0.0,0.0,-0.002234131844955665,0.0,-0.0006920920866956647,-0.0031133232696739016,0.0,-0.05143440677190091
W_N_0112,12,5,0,0.0,0.0,0.004194590591121461,0.0007156151539597233,0.0,0.0,0.0,0.0,0.0007400866045941602,0.0,0.0,0.0,0.0,0.0,0.000618444615589881,0.0,-0.0006920920866956647,-0.003854497660162382,0.0,0.0017221472184071793
W_N_0112,12,12,0,0.0,0.0,-0.060792248615238444,-0.0056890474040264165,0.0,0.0,0.0,0.0,-0.00023050508727753024,0.0,0.0,0.0,0.0,0.0,-0.0021475376377402423,0.0,-0.0006920920866956647,-0.0043211263063874334,0.0,-0.07387255713736574
W_N_0112,12,21,0,0.0,0.0,-0.04126321627596056,-0.0059057473915683145,0.0,0.0,0.0,0.0,-0.00023050508727753024,0.0,0.0,0.0,0.0,0.0,-0.0003971943587371569,0.0,-0.0006920920866956647,-0.004001456288911356,0.0,-0.052490211489150576
W_N_0112,12,22,0,0.0,0.0,-0.0543773687589384,-0.014874748518250658,0.0,0.0,0.0,0.0,-0.00023050508727753024,0.0,0.0,0.0,0.0,0.0,-0.0030360365442241104,0.0,-0.0006920920866956647,-0.0023584746445488767,0.0,-0.07556922563993523
W_N_0112,12,23,0,0.0,0.0,-0.05791964925003988,-0.013388777967342481,0.0,0.0,0.0,0.0,-0.00015906781518297468,0.0,0.0,0.0,0.0,0.0,0.001962799761332872,0.0,-0.0006920920866956647,-0.002232373673037708,0.0,-0.07242916103096585
W_N_0112,12,26,1,0.0,0.0,-0.01287988673461749,0.0011792879887488098,0.0,0.0,0.0,0.0,-0.00023050508727753024,0.0,0.0,0.0,0.0,0.0,-0.0009293302617900069,0.0,-0.0006920920866956647,-0.0038619881649165928,0.0,-0.017414514346548476
W_N_0112,13,10,1,0.0,0.0,-0.0293343276797773,-0.00224508980862582,0.0,0.0,0.0,0.0,-0.00023050508727753024,0.0,0.0,0.0,0.0,0.0,0.0003826995933050523,0.0,-0.0006920920866956647,-0.0019417232650694237,0.0,-0.03406103833414069
W_N_0112,13,31,0,0.0,0.0,0.03951106737324268,0.0044009549166172226,0.0,0.0,0.0,0.0,0.0007400866045941602,0.0,0.0,0.0,0.0,0.0,-0.001115773696183943,0.0,0.003923085543874002,0.04017256911899888,0.0,0.087631989861143
W_N_0112,14,31,1,0.0,0.0,0.04209889912281696,0.0006345689256566196,0.0,0.0,0.0,0.0,0.00038484791659062085,0.0,0.0,0.0,0.0,0.0,-0.0009931598076495542,0.0,0.003923085543874002,0.017959460735752084,0.0,0.06400770243704074
W_N_0112,15,22,1,0.0,0.0,-0.06147248730060096,-0.011124943122279043,0.0,0.0,0.0,0.0,-0.00015802983445603304,0.0,0.0,0.0,0.0,0.0,-0.0009735650196536475,0.0,-0.0006920920866956647,-0.0036136817024475967,0.0,-0.07803479906613295
W_N_0112,15,33,0,0.0,0.0,0.05956225998160495,0.0011448255116528864,0.0,0.0,0.0,0.0,0.0005107217399381664,0.0,0.0,0.0,0.0,0.0,0.007189045049139632,0.0,-0.0006920920866956647,0.028058679127832973,0.0,0.09577343932347293
W_N_0112,16,6,1,0.0,0.0,0.001954931769515988,0.0010242485900407877,0.0,0.0,0.0,0.0,-0.00023050508727753024,0.0,0.0,0.0,0.0,0.0,-0.0014708426413836066,0.0,-0.0006920920866956647,-0.0018920753733576282,0.0,-0.0013063348291576546
W_N_0112,16,7,0,0.0,0.0,-0.011443913151007623,0.0025867106913753215,0.0,0.0,0.0,0.0,-0.00023050508727753024,0.0,0.0,0.0,0.0,0.0,0.0016541183953723128,0.0,-0.0006920920866956647,-0.00298769550842943,0.0,-0.011113376746662615
W_N_0112,17,23,0,0.0,0.0,-0.05875980179155153,-0.014564566515683285,0.0,0.0,0.0,0.0,-0.00023050508727753024,0.0,0.0,0.0,0.0,0.0,-0.0015868795313165357,0.0,-0.0006920920866956647,-0.004323876642467093,0.0,-0.08015772165499165
W_N_0112,17,32,0,0.0,0.0,0.053497375334366215,0.0007656165313534627,0.0,0.0,0.0,0.0,0.0007400866045941602,0.0,0.0,0.0,0.0,0.0,0.026408407382363632,0.0,0.003923085543874002,0.021597678964657235,0.0,0.10693225036120872
W_N_0112,18,14,1,0.0,0.0,-0.06885285373670713,-0.005160990257511061,0.0,0.0,0.0,0.0,-0.00015802983445603304,0.0,0.0,0.0,0.0,0.0,-0.0018191970764122646,0.0,-0.0006920920866956647,-0.0024336519368792853,0.0,-0.07911681492866145
W_N_0112,18,16,1,0.0,0.0,-0.02930199070692552,-0.015777070750321212,0.0,0.0,0.0,0.0,-0.00011986354306593903,0.0,0.0,0.0,0.0,0.0,-0.00230856422113193,0.0,-0.0006920920866956647,-0.002860766458448302,0.0,-0.05106034776658856
W_N_0112,18,19,0,0.0,0.0,-0.0731588096993948,-0.008416624612270553,0.0,0.0,0.0,0.0,-0.00023050508727753024,0.0,0.0,0.0,0.0,0.0,-0.0026090702222256457,0.0,-0.0006920920866956647,-0.0035828483191900832,0.0,-0.08868995002705427
W_N_0112,18,20,0,0.0,0.0,-0.07299448498597334,-0.027825293778992035,0.0,0.0,0.0,0.0,-0.00015802983445603304,0.0,0.0,0.0,0.0,0.0,-0.00030515134162428515,0.0,-0.0006920920866956647,-0.00245508847015266,0.0,-0.10443014049789404
W_N_0112,19,31,1,0.0,0.0,0.045751712591278575,0.0009879005240151675,0.0,0.0,0.0,0.0,0.0007400866045941602,0.0,0.0,0.0,0.0,0.0,0.00822028659497619,0.0,0.003923085543874002,0.01952220704690893,0.0,0.07914527890564702
W_N_0112,20,3,1,0.0,0.0,0.049935099549771676,0.0014068763849533184,0.0,0.0,0.0,0.0,0.0005107217399381664,0.0,0.0,0.0,0.0,0.0,-0.005738442347956122,0.0,0.003923085543874002,-0.0004595581269632446,0.0,0.0495777827436178
W_N_0112,20,23,1,0.0,0.0,-0.014623309975377398,0.0008525892688857943,0.0,0.0,0.0,0.0,-0.00023050508727753024,0.0,0.0,0.0,0.0,0.0,-0.0015079466844615031,0.0,-0.0006920920866956647,-0.004257618618805967,0.0,-0.020458883183732266
W_N_0112,20,27,1,0.0,0.0,-0.006322814265836577,0.001211775984084721,0.0,0.0,0.0,0.0,-0.00011986354306593903,0.0,0.0,0.0,0.0,0.0,-0.0027758051091638937,0.0,0.003923085543874002,-0.001997428098816119,0.0,-0.006081049488923806
W_N_0112,21,5,1,0.0,0.0,0.020122563834728647,0.0023943906510913637,0.0,0.0,0.0,0.0,0.0005107217399381664,0.0,0.0,0.0,0.0,0.0,-0.005148761699455884,0.0,-0.0006920920866956647,-0.0022823948631902494,0.0,0.014904427576416378
W_N_0112,22,14,1,0.0,0.0,-0.017555782508312353,0.0007133200369624673,0.0,0.0,0.0,0.0,-0.00015802983445603304,0.0,0.0,0.0,0.0,0.0,-0.0010112126448937567,0.0,-0.0006920920866956647,-0.001555813590495933,0.0,-0.020259610627891275
W_N_0112,22,25,1,0.0,0.0,0.010304933758662305,0.0012867019370790271,0.0,0.0,0.0,0.0,-0.00015802983445603304,0.0,0.0,0.0,0.0,0.0,-0.002179509680932779,0.0,-0.0006920920866956647,-0.0022346103667743914,0.0,0.0063273937268824645
W_N_0112,22,28,1,0.0,0.0,0.04366475886688705,0.001147738007482852,0.0,0.0,0.0,0.0,0.0007400866045941602,0.0,0.0,0.0,0.0,0.0,0.02164376690262572,0.0,0.003923085543874002,0.04487528576581186,0.0,0.11599472169127564
W_N_0112,23,5,1,0.0,0.0,0.03553543326385351,0.004646918351237123,0.0,0.0,0.0,0.0,0.0007400866045941602,0.0,0.0,0.0,0.0,0.0,-0.0032418658815690994,0.0,-0.0006920920866956647,-0.0018817238913589017,0.0,0.03510675636006112
W_N_0112,23,24,0,0.0,0.0,0.002549391007706035,0.0006751144702727879,0.0,0.0,0.0,0.0,-0.00015906781518297468,0.0,0.0,0.0,0.0,0.0,-0.00038037137908932504,0.0,0.003923085543874002,-0.004097622614234321,0.0,0.0025105292133462036
W_N_0112,24,17,1,0.0,0.0,-0.004843001712326292,0.0031725758601006075,0.0,0.0,0.0,0.0,0.00038484791659062085,0.0,0.0,0.0,0.0,0.0,-0.0007058554355974674,0.0,-0.0006920920866956647,-0.004107864251095077,0.0,-0.0067913897090232725
W_N_0112,25,13,1,0.0,0.0,0.0082778587859075,0.001398726872014128,0.0,0.0,0.0,0.0,0.0005107217399381664,0.0,0.0,0.0,0.0,0.0,-0.004305064635032087,0.0,0.003923085543874002,-0.0025801895849576666,0.0,0.007225138721744045
W_N_0112,25,23,1,0.0,0.0,0.051958195363762345,0.001263456603865145,0.0,0.0,0.0,0.0,0.0005073890775622098,0.0,0.0,0.0,0.0,0.0,-0.0026195485406086093,0.0,-0.0006920920866956647,-0.00269306139125716,0.0,0.04772433902662827
W_N_0112,25,25,0,0.0,0.0,0.04638521050430321,0.0006997558540587161,0.0,0.0,0.0,0.0,0.0014932022458227158,0.0,0.0,0.0,0.0,0.0,0.03101146755090459,0.0,0.003923085543874002,0.03269090462443062,0.0,0.11620362632339387
W_N_0112,25,26,1,0.0,0.0,0.0262353925353691,0.0007354904085192475,0.0,0.0,0.0,0.0,0.0007400866045941602,0.0,0.0,0.0,0.0,0.0,0.0068420933759210534,0.0,0.003923085543874002,0.024934863525396502,0.0,0.06341101199367406
W_N_0112,25,27,0,0.0,0.0,0.03181460670905283,0.0011928521716525608,0.0,0.0,0.0,0.0,0.0005073890775622098,0.0,0.0,0.0,0.0,0.0,0.010050288184936574,0.0,0.003923085543874002,0.03168183206748827,0.0,0.07917005375456646
W_N_0112,27,16,1,0.0,0.0,0.03077673596047178,0.005389657993231802,0.0,0.0,0.0,0.0,0.0005073890775622098,0.0,0.0,0.0,0.0,0.0,-0.002147359261040969,0.0,-0.0006920920866956647,-0.0028365812617060313,0.0,0.030997750421823136
W_N_0112,28,13,1,0.0,0.0,0.0481448429637292,0.0026811132241753434,0.0,0.0,0.0,0.0,0.0007400866045941602,0.0,0.0,0.0,0.0,0.0,-0.003336522034445932,0.0,-0.0006920920866956647,-0.0023680273738613923,0.0,0.045169401297495713
W_N_0112,28,15,1,0.0,0.0,0.030198814814598546,0.0007399943302289649,0.0,0.0,0.0,0.0,0.0007400866045941602,0.0,0.0,0.0,0.0,0.0,-0.002029340825216841,0.0,-0.0006920920866956647,-0.0038050234250944313,0.0,0.025152439412414733
W_N_0112,29,14,1,0.0,0.0,0.03801840888721755,0.003012055436735733,0.0,0.0,0.0,0.0,0.0005073890775622098,0.0,0.0,0.0,0.0,0.0,0.019960337457704272,0.0,-0.0006920920866956647,-0.003164376550991395,0.0,0.05764172222153271
W_N_0112,29,17,1,0.0,0.0,0.0436892485742967,0.001666185794658827,0.0,0.0,0.0,0.0,0.0005073890775622098,0.0,0.0,0.0,0.0,0.0,-0.002881811700256789,0.0,-0.0006920920866956647,0.0025743192958684606,0.0,0.044863238955433746
W_N_0127,1,12,0,0.0,0.0,0.05291107306327781,0.0014683395676438039,0.0,0.0,0.0,0.0,0.0005107217399381664,0.0,0.0,0.0,0.0,0.0,-0.0007810205477155416,0.0,-0.00043977378136639755,-0.0027008039136910285,0.0,0.050968536128086814
W_N_0127,5,23,0,0.0,0.0,0.040142850230167726,0.002460949797591438,0.0,0.0,0.0,0.0,0.00038484791659062085,0.0,0.0,0.0,0.0,0.0,-0.0028112957395624552,0.0,-0.00043977378136639755,-0.004416408437620788,0.0,0.03532116998580014
W_N_0127,6,4,0,0.0,0.0,0.06389128117738191,0.0012480383213848895,0.0,0.0,0.0,0.0,0.0007400866045941602,0.0,0.0,0.0,0.0,0.0,-0.0006916364145752177,0.0,-0.00043977378136639755,-0.003348509527628988,0.0,0.06139948637979035
W_N_0127,6,8,0,0.0,0.0,0.009938446512043777,0.0035651703990300307,0.0,0.0,0.0,0.0,-0.00015802983445603304,0.0,0.0,0.0,0.0,0.0,-0.0014217896699451032,0.0,-0.00043977378136639755,-0.0019696464485263587,0.0,0.009514377176779916
W_N_0127,7,5,0,0.0,0.0,0.032875211541189275,0.0014827439050732636,0.0,0.0,0.0,0.0,0.0007400866045941602,0.0,0.0,0.0,0.0,0.0,-0.0015604945669819759,0.0,-0.00043977378136639755,-0.002562210335816544,0.0,0.030535563366691776
W_N_0127,7,8,0,0.0,0.0,-0.01894523519623286,0.0014291698371080473,0.0,0.0,0.0,0.0,-0.00023050508727753024,0.0,0.0,0.0,0.0,0.0,-0.0013410251291904268,0.0,-0.00043977378136639755,-0.0025760162380956777,0.0,-0.02210338559505485
W_N_0127,8,18,1,0.0,0.0,-0.026673039090179998,0.0037808257668666473,0.0,0.0,0.0,0.0,-0.00023050508727753024,0.0,0.0,0.0,0.0,0.0,-0.0025004917542911283,0.0,-0.00043977378136639755,-0.0018489935678662505,0.0,-0.027911977514114658
W_N_0127,10,4,1,0.0,0.0,0.013049923285586042,0.0011983965916726371,0.0,0.0,0.0,0.0,0.0007400866045941602,0.0,0.0,0.0,0.0,0.0,-0.0016573382951299337,0.0,-0.00043977378136639755,-0.001960419341634343,0.0,0.010930875063722166
W_N_0127,10,19,1,0.0,0.0,-0.010733328485392971,0.0039156650305223525,0.0,0.0,0.0,0.0,-0.00023050508727753024,0.0,0.0,0.0,0.0,0.0,-0.0028451227957722843,0.0,-0.00043977378136639755,-0.0030448084072398,0.0,-0.013377873526526632
W_N_0127,12,9,0,0.0,0.0,-0.0623316586468775,-0.006851206818912782,0.0,0.0,0.0,0.0,-0.00023050508727753024,0.0,0.0,0.0,0.0,0.0,-0.0014419863550376947,0.0,-0.00043977378136639755,-0.001742594765367064,0.0,-0.07303772545483896
W_N_0127,13,9,0,0.0,0.0,-0.05079508074818731,-0.006486377874601327,0.0,0.0,0.0,0.0,-0.00023050508727753024,0.0,0.0,0.0,0.0,0.0,-0.0006964029643768195,0.0,-0.00043977378136639755,-0.0031681992190426517,0.0,-0.06181633967485203
W_N_0127,13,11,0,0.0,0.0,-0.0627370840882818,-0.010341646351406594,0.0,0.0,0.0,0.0,-0.00015906781518297468,0.0,0.0,0.0,0.0,0.0,-0.0017591436830988458,0.0,-0.00043977378136639755,-0.0037135182317611214,0.0,-0.07915023395109773
W_N_0127,13,14,0,0.0,0.0,-0.08728341949600285,-0.006612135311861065,0.0,0.0,0.0,0.0,-0.00023050508727753024,0.0,0.0,0.0,0.0,0.0,-0.0011736834760368107,0.0,-0.00043977378136639755,-0.0018958869835498326,0.0,-0.09763540413609449
W_N_0127,15,0,0,0.0,0.0,0.042190457430648635,0.003378531280149417,0.0,0.0,0.0,0.0,0.0007400866045941602,0.0,0.0,0.0,0.0,0.0,-0.0016492819171993528,0.0,-0.00043977378136639755,-0.0039861217568277155,0.0,0.04023389785999874
W_N_0127,15,2,1,0.0,0.0,0.061507627606138086,0.0014374022738140979,0.0,0.0,0.0,0.0,0.0007400866045941602,0.0,0.0,0.0,0.0,0.0,-0.0009227028690540419,0.0,-0.00043977378136639755,-0.002317031341258905,0.0,0.06000560849286698
W_N_0127,15,22,0,0.0,0.0,0.017168201545523665,0.0011110075198424755,0.0,0.0,0.0,0.0,0.0005073890775622098,0.0,0.0,0.0,0.0,0.0,-0.00206399086282866,0.0,-0.00043977378136639755,-0.003787775631249315,0.0,0.01249505786748398
W_N_0127,16,7,0,0.0,0.0,-0.05390824610312716,0.0013381695439716077,0.0,0.0,0.0,0.0,-0.00011986354306593903,0.0,0.0,0.0,0.0,0.0,-0.0007591863580129726,0.0,-0.00043977378136639755,-0.003174447296215889,0.0,-0.05706334753781675
W_N_0127,16,8,0,0.0,0.0,-0.036883771951685906,-0.006489955418976123,0.0,0.0,0.0,0.0,-0.0004650681580503844,0.0,0.0,0.0,0.0,0.0,-0.0005437222312029953,0.0,-0.00043977378136639755,-0.0038480862897444074,0.0,-0.04867037783102622
W_N_0127,16,24,0,0.0,0.0,0.03013098537936321,0.0027530219333118436,0.0,0.0,0.0,0.0,0.0009044796987777874,0.0,0.0,0.0,0.0,0.0,-0.0008318023655355638,0.0,-0.00043977378136639755,-0.0016968611943615705,0.0,0.030820049670189302
W_N_0127,17,15,0,0.0,0.0,-0.0642367709329599,-0.0033076155408984344,0.0,0.0,0.0,0.0,-0.00015906781518297468,0.0,0.0,0.0,0.0,0.0,-0.0023557932131098055,0.0,-0.00043977378136639755,-0.003860245887828274,0.0,-0.07435926717134578
W_N_0127,17,16,0,0.0,0.0,-0.048143883584492904,-0.015243456004772199,0.0,0.0,0.0,0.0,-0.00023050508727753024,0.0,0.0,0.0,0.0,0.0,-0.0038473626161215023,0.0,-0.00043977378136639755,-0.0018149734318683379,0.0,-0.06971995450589887
W_N_0127,18,12,0,0.0,0.0,-0.06655665643925174,-0.005613917447537311,0.0,0.0,0.0,0.0,-0.00023050508727753024,0.0,0.0,0.0,0.0,0.0,-0.003112319259901078,0.0,-0.00043977378136639755,-0.0023390434315989665,0.0,-0.078292215446933
W_N_0127,19,7,0,0.0,0.0,-0.007892057352839644,0.002918994045966338,0.0,0.0,0.0,0.0,-0.00023050508727753024,0.0,0.0,0.0,0.0,0.0,-0.001852629281664566,0.0,-0.00043977378136639755,-0.0032199479936422517,0.0,-0.010715919450824053
W_N_0127,20,20,0,0.0,0.0,0.0016442434216132795,0.0032314141609503847,0.0,0.0,0.0,0.0,-0.00015906781518297468,0.0,0.0,0.0,0.0,0.0,-0.0010099732837231755,0.0,-0.00043977378136639755,-0.003277809809495808,0.0,-1.0967107204691486e-05
W_N_0127,21,4,0,0.0,0.0,0.031162714144213764,0.0011018283497567097,0.0,0.0,0.0,0.0,0.0005073890775622098,0.0,0.0,0.0,0.0,0.0,-0.0010807972393738741,0.0,-0.00043977378136639755,-0.0031961820835540947,0.0,0.028055178467238318
W_N_0127,23,13,0,0.0,0.0,0.0040155605757987356,0.0035784872168387718,0.0,0.0,0.0,0.0,0.0007400866045941602,0.0,0.0,0.0,0.0,0.0,-0.0037095575626241153,0.0,-0.00043977378136639755,-0.004651498982993978,0.0,-0.0004666959297528238
W_N_0127,24,22,0,0.0,0.0,0.030478531397845145,0.0010793457570671418,0.0,0.0,0.0,0.0,0.0007400866045941602,0.0,0.0,0.0,0.0,0.0,-0.0020482602716091155,0.0,-0.00043977378136639755,-0.0033568461857373237,0.0,0.026453083520793612
W_N_0127,26,14,0,0.0,0.0,0.06229442364033785,0.001507678090641408,0.0,0.0,0.0,0.0,0.0007400866045941602,0.0,0.0,0.0,0.0,0.0,-0.0004663925709285883,0.0,-0.00043977378136639755,-0.0038287431061152072,0.0,0.05980727887716321
W_N_0127,27,17,0,0.0,0.0,0.03733038831893808,0.0014385967953260582,0.0,0.0,0.0,0.0,0.0007400866045941602,0.0,0.0,0.0,0.0,0.0,-0.0016869345354076787,0.0,-0.00043977378136639755,-0.0019429284175401034,0.0,0.03543943498454412
W_N_0128,0,15,1,0.0,0.0,0.04863490097981442,0.0007843908613484726,0.0,0.0,0.0,0.0,0.0014385752323179976,0.0,0.0,0.0,0.0,0.0,0.013565236715153535,0.0,-0.0002564286634833484,-0.0021697574612017973,0.0,0.06199691766394926
W_N_0128,1,13,1,0.0,0.0,0.04544099518157391,0.0007764721046556696,0.0,0.0,0.0,0.0,0.0014385752323179976,0.0,0.0,0.0,0.0,0.0,0.0081502392199641,0.0,-0.0002564286634833484,-0.0013340180172771998,0.0,0.05421583505775112
W_N_0128,1,18,0,0.0,0.0,0.06346203186024876,0.0027259077323995118,0.0,0.0,0.0,0.0,0.0014385752323179976,0.0,0.0,0.0,0.0,0.0,-0.002418060339344579,0.0,-0.0002564286634833484,-0.0024981500076367595,0.0,0.06245387581450158
W_N_0128,3,15,0,0.0,0.0,0.027712948554544523,0.00372047961097621,0.0,0.0,0.0,0.0,0.0005441733541216158,0.0,0.0,0.0,0.0,0.0,-0.0009313137323928495,0.0,-0.0002564286634833484,-0.00488892500144654,0.0,0.025900934122319613
W_N_0128,5,15,1,0.0,0.0,0.002677917127530506,0.00375567140702629,0.0,0.0,0.0,0.0,0.0008019271659491864,0.0,0.0,0.0,0.0,0.0,-0.0017358744034986662,0.0,-0.0002564286634833484,-0.004051870032719927,0.0,0.0011913426008040408
W_N_0128,6,7,0,0.0,0.0,-0.0041348631526205255,0.004044814748438839,0.0,0.0,0.0,0.0,-0.00044805419720113924,0.0,0.0,0.0,0.0,0.0,-0.0030782433361179876,0.0,0.0014535516329185,-0.0016501124396291144,0.0,-0.0038129067442114277
W_N_0128,6,9,0,0.0,0.0,-0.00824860953516197,0.0013905500133788882,0.0,0.0,0.0,0.0,-0.0002519490523300968,0.0,0.0,0.0,0.0,0.0,-0.002169883712191815,0.0,0.0014535516329185,-0.003514373861990367,0.0,-0.011340714515376863
W_N_0128,6,10,0,0.0,0.0,-0.03357125943716493,0.0015033668323109473,0.0,0.0,0.0,0.0,-0.00044805419720113924,0.0,0.0,0.0,0.0,0.0,0.020861574966987765,0.0,-0.0002564286634833484,-0.0032421654311250445,0.0,-0.015152965929675747
W_N_0128,6,12,0,0.0,0.0,-0.023618036843127316,0.0018571582055908074,0.0,0.0,0.0,0.0,-0.00044805419720113924,0.0,0.0,0.0,0.0,0.0,-0.0005113938792259932,0.0,-0.0002564286634833484,-0.002645555943856778,0.0,-0.02562231132130377
W_N_0128,6,16,0,0.0,0.0,-0.024542360699595204,0.0013063917771052324,0.0,0.0,0.0,0.0,-0.0002497657574530816,0.0,0.0,0.0,0.0,0.0,-0.003189282461962983,0.0,-0.0002564286634833484,-0.0031852054146454525,0.0,-0.03011665122003484
W_N_0128,7,16,0,0.0,0.0,-0.047087575745737666,0.0009252957283789376,0.0,0.0,0.0,0.0,-0.00044805419720113924,0.0,0.0,0.0,0.0,0.0,-0.0017010311676715698,0.0,-0.0002564286634833484,-0.001913369867380766,0.0,-0.05048116391309555
W_N_0128,7,22,1,0.0,0.0,0.07491053760947783,0.005368883207152772,0.0,0.0,0.0,0.0,0.000808937107948482,0.0,0.0,0.0,0.0,0.0,-0.001965280403802837,0.0,-0.0002564286634833484,-0.0014857329446033107,0.0,0.07738091591268957
W_N_0128,8,10,1,0.0,0.0,-0.05450780342278841,-0.002931381601223775,0.0,0.0,0.0,0.0,-0.0002519490523300968,0.0,0.0,0.0,0.0,0.0,-0.0018559424847557895,0.0,-0.0002564286634833484,-0.0047891152251959826,0.0,-0.0645926204497774
W_N_0128,10,1,0,0.0,0.0,0.05742729844834834,0.0040839909077395025,0.0,0.0,0.0,0.0,0.000808937107948482,0.0,0.0,0.0,0.0,0.0,-0.0003096739826367776,0.0,-0.0002564286634833484,-0.0036504889831609592,0.0,0.05810363483475524
W_N_0128,10,24,0,0.0,0.0,0.04459277274112882,0.0035541599459932897,0.0,0.0,0.0,0.0,0.000808937107948482,0.0,0.0,0.0,0.0,0.0,-0.0013154083648284427,0.0,-0.0002564286634833484,-0.0033516780651045327,0.0,0.04403235470165427
W_N_0128,11,0,1,0.0,0.0,0.06572689664915811,0.0025593853599001374,0.0,0.0,0.0,0.0,0.0014385752323179976,0.0,0.0,0.0,0.0,0.0,-0.002324386533140966,0.0,-0.0002564286634833484,-0.0032049756098842578,0.0,0.06393906643486767
W_N_0128,11,2,1,0.0,0.0,0.03784599360212949,0.001544102709327975,0.0,0.0,0.0,0.0,0.000808937107948482,0.0,0.0,0.0,0.0,0.0,-0.0014724870253961266,0.0,-0.0002564286634833484,-0.0018905540366859672,0.0,0.0365795636938405
W_N_0128,11,9,0,0.0,0.0,-0.058997180914565246,-0.019024758127525358,0.0,0.0,0.0,0.0,-0.0002519490523300968,0.0,0.0,0.0,0.0,0.0,-0.0009000725935423955,0.0,-0.0002564286634833484,-0.003073498874669376,0.0,-0.08250388822611583
W_N_0128,11,18,0,0.0,0.0,-0.08545012564693441,0.004497164251159108,0.0,0.0,0.0,0.0,-0.00044805419720113924,0.0,0.0,0.0,0.0,0.0,-0.0019650755455901513,0.0,-0.0002564286634833484,-0.0038714595463510792,0.0,-0.08749397934840103
W_N_0128,11,19,0,0.0,0.0,-0.03811863672060808,0.0023719403876217952,0.0,0.0,0.0,0.0,-0.0002519490523300968,0.0,0.0,0.0,0.0,0.0,0.001495326176246267,0.0,-0.0002564286634833484,-0.002979583102338809,0.0,-0.03773933097489228
W_N_0128,11,22,1,0.0,0.0,0.02002681716569614,0.0028365005496393497,0.0,0.0,0.0,0.0,0.0008019271659491864,0.0,0.0,0.0,0.0,0.0,-0.003607487616172797,0.0,-0.0002564286634833484,-0.0018181463207938952,0.0,0.017983182280834637
W_N_0128,12,1,1,0.0,0.0,0.039511306177992166,0.005066263839431395,0.0,0.0,0.0,0.0,0.0014385752323179976,0.0,0.0,0.0,0.0,0.0,-0.0010480150360866094,0.0,-0.0002564286634833484,-0.004118711070580686,0.0,0.04059299047959091
W_N_0128,12,24,0,0.0,0.0,0.039296122036911414,0.0028353594284005555,0.0,0.0,0.0,0.0,0.0005441733541216158,0.0,0.0,0.0,0.0,0.0,-0.0010662038833415943,0.0,-0.0002564286634833484,-0.003587581115085247,0.0,0.037765441157523394
W_N_0128,13,8,0,0.0,0.0,-0.06656768001587239,-0.005852450579264411,0.0,0.0,0.0,0.0,-0.0002519490523300968,0.0,0.0,0.0,0.0,0.0,-0.0020708719235149357,0.0,-0.0002564286634833484,-0.0030006612548468194,0.0,-0.07800004148931201
W_N_0128,14,16,0,0.0,0.0,-0.04566239721955575,-0.004990250233026303,0.0,0.0,0.0,0.0,-0.00044805419720113924,0.0,0.0,0.0,0.0,0.0,-0.0011181240491634668,0.0,-0.0002564286634833484,-0.004034238873925715,0.0,-0.05650949323635572
W_N_0128,15,1,0,0.0,0.0,0.04356574516341331,0.004140185774219221,0.0,0.0,0.0,0.0,0.000808937107948482,0.0,0.0,0.0,0.0,0.0,0.000640726809676688,0.0,-0.0002564286634833484,-0.0032675717473403176,0.0,0.04563159444443403
W_N_0128,15,12,1,0.0,0.0,-0.06026463213037355,-0.005336364014628479,0.0,0.0,0.0,0.0,-0.00044805419720113924,0.0,0.0,0.0,0.0,0.0,4.5380609100411326e-05,0.0,-0.0002564286634833484,-0.0034245588199272536,0.0,-0.06968465721651337
W_N_0128,16,3,0,0.0,0.0,0.03863421218900712,0.0013888881033602691,0.0,0.0,0.0,0.0,0.0008019271659491864,0.0,0.0,0.0,0.0,0.0,-0.0013564537350142433,0.0,-0.0002564286634833484,-0.004333536128213011,0.0,0.03487860893160597
W_N_0128,16,14,1,0.0,0.0,-0.07057769831163743,-0.006980408143901402,0.0,0.0,0.0,0.0,-0.0002519490523300968,0.0,0.0,0.0,0.0,0.0,-0.0008833116698551266,0.0,-0.0002564286634833484,-0.0029895632125919902,0.0,-0.0819393590537994
W_N_0128,17,17,0,0.0,0.0,-0.02479983658917111,0.0010255875558218303,0.0,0.0,0.0,0.0,-0.00044805419720113924,0.0,0.0,0.0,0.0,0.0,-0.004762394379445115,0.0,-0.0002564286634833484,-0.003561175579881042,0.0,-0.03280230185335992
W_N_0128,17,22,1,0.0,0.0,0.04477967625941661,0.0012130257687210154,0.0,0.0,0.0,0.0,0.0014385752323179976,0.0,0.0,0.0,0.0,0.0,-0.0007949775921459021,0.0,-0.0002564286634833484,-0.0025461372632037895,0.0,0.04383373374162258
W_N_0128,18,2,1,0.0,0.0,0.04810829881125262,0.0017099356349759484,0.0,0.0,0.0,0.0,0.0014385752323179976,0.0,0.0,0.0,0.0,0.0,-0.0026006534541985196,0.0,-0.0002564286634833484,-0.0036129212706298834,0.0,0.044786806290234814
W_N_0128,18,11,0,0.0,0.0,-0.04205148078656697,0.0008475183001727337,0.0,0.0,0.0,0.0,-0.00044805419720113924,0.0,0.0,0.0,0.0,0.0,-0.0017371519194309553,0.0,-0.0002564286634833484,-0.00347009594778667,0.0,-0.04711569321429635
W_N_0128,18,16,0,0.0,0.0,-0.04596962166536799,0.003554039867344793,0.0,0.0,0.0,0.0,-0.00044805419720113924,0.0,0.0,0.0,0.0,0.0,-0.001581818424350066,0.0,-0.0002564286634833484,-0.004412316940278427,0.0,-0.04911420002333618
W_N_0128,20,16,1,0.0,0.0,0.013297699133093227,0.00441790584758585,0.0,0.0,0.0,0.0,0.0014385752323179976,0.0,0.0,0.0,0.0,0.0,-0.0007830318672563963,0.0,-0.0002564286634833484,-0.0024561291920698614,0.0,0.01565859049018747
W_N_0128,21,11,0,0.0,0.0,-0.02467463749838509,0.0024633393724687357,0.0,0.0,0.0,0.0,0.0014385752323179976,0.0,0.0,0.0,0.0,0.0,-0.002580535108589337,0.0,-0.0002564286634833484,-0.003436250462108128,0.0,-0.027045937127779168
W_N_0128,21,19,0,0.0,0.0,0.0673488352877767,0.0045310097633322445,0.0,0.0,0.0,0.0,0.0014385752323179976,0.0,0.0,0.0,0.0,0.0,-0.0021305092222269517,0.0,-0.0002564286634833484,-0.0043861936151217374,0.0,0.0665452887825949
W_N_0128,22,9,1,0.0,0.0,0.039500981057064795,0.0016593006054521247,0.0,0.0,0.0,0.0,0.0009798831239426346,0.0,0.0,0.0,0.0,0.0,-0.0027261020478525394,0.0,0.0014535516329185,-0.0034450849631739995,0.0,0.03742252940835151
W_N_0128,23,9,1,0.0,0.0,0.0511054477434127,0.002330003913726036,0.0,0.0,0.0,0.0,0.0014385752323179976,0.0,0.0,0.0,0.0,0.0,-0.001462974794103682,0.0,0.0014535516329185,0.024092404380537107,0.0,0.07895700810880865
W_N_0128,23,15,1,0.0,0.0,0.05072072261599083,0.0025079252818905264,0.0,0.0,0.0,0.0,0.003616111222748803,0.0,0.0,0.0,0.0,0.0,0.016682746283446938,0.0,0.0014535516329185,0.055601279754227274,0.0,0.13058233679122289
W_N_0128,23,19,1,0.0,0.0,0.025344843795472853,0.0013616487037583294,0.0,0.0,0.0,0.0,0.0008019271659491864,0.0,0.0,0.0,0.0,0.0,-0.0008870525249324399,0.0,-0.0002564286634833484,-0.0032425365674880343,0.0,0.023122401909276547
W_N_0128,24,13,0,0.0,0.0,0.04513886619176025,0.002630636026815394,0.0,0.0,0.0,0.0,0.000808937107948482,0.0,0.0,0.0,0.0,0.0,0.012686611370588078,0.0,0.0014535516329185,0.03990892047560427,0.0,0.10262752280563497
W_N_0128,25,11,0,0.0,0.0,0.04080358136184422,0.0028534741464217948,0.0,0.0,0.0,0.0,0.0008019271659491864,0.0,0.0,0.0,0.0,0.0,-0.002279568593548564,0.0,-0.0002564286634833484,0.015947086346925175,0.0,0.05787007176410846
W_N_0126,1,26,0,0.0,0.0,0.0475450814211408,0.0025803300930031417,0.0,0.0,0.0,0.0,0.006048942376760622,0.0,0.0,0.0,0.0,0.0,-0.0015203806228560465,0.0,-0.00020179418115306882,-0.0030855308154851186,0.0,0.051366648271410326
W_N_0126,3,19,1,0.0,0.0,0.03736324889406513,0.001568632477290879,0.0,0.0,0.0,0.0,0.006048942376760622,0.0,0.0,0.0,0.0,0.0,-0.002210622016194488,0.0,-0.00020179418115306882,-0.003631510814992033,0.0,0.03893689673577705
W_N_0126,3,23,0,0.0,0.0,0.04549726515273887,0.0040986854490405915,0.0,0.0,0.0,0.0,0.006048942376760622,0.0,0.0,0.0,0.0,0.0,-0.00169507400998622,0.0,-0.00020179418115306882,-0.004501430854910231,0.0,0.04924659393249057
W_N_0126,4,12,0,0.0,0.0,0.032127578889100575,0.004498112415408074,0.0,0.0,0.0,0.0,0.0019501407731502382,0.0,0.0,0.0,0.0,0.0,-0.00031414141999458044,0.0,-0.00020179418115306882,-0.0019492917561128417,0.0,0.0361106047203984
W_N_0126,6,27,0,0.0,0.0,-0.006542204893351658,0.00232704075237991,0.0,0.0,0.0,0.0,-0.0006073848200035545,0.0,0.0,0.0,0.0,0.0,-0.0007661766899488396,0.0,-0.00020179418115306882,-0.0019294617977211998,0.0,-0.00771998162979841
W_N_0126,8,13,1,0.0,0.0,0.0019672389726739263,0.0011254439556283007,0.0,0.0,0.0,0.0,-0.0018839849037080654,0.0,0.0,0.0,0.0,0.0,-6.80548835100016e-05,0.0,-0.00020179418115306882,-0.0032199197550850014,0.0,-0.0022810707951539102
W_N_0126,8,28,0,0.0,0.0,-0.004848215312917062,0.0015700627983524494,0.0,0.0,0.0,0.0,-0.0006073848200035545,0.0,0.0,0.0,0.0,0.0,-0.001200941887677727,0.0,-0.00020179418115306882,-0.0037663964475994276,0.0,-0.009054669850998391
W_N_0126,8,31,1,0.0,0.0,0.01888712873212433,0.0009461735597736552,0.0,0.0,0.0,0.0,-0.00031499064422325077,0.0,0.0,0.0,0.0,0.0,-0.000716954850002967,0.0,-0.00020179418115306882,-0.002318113112583933,0.0,0.016281449503934765
W_N_0126,9,29,1,0.0,0.0,0.0007308070956734159,0.0011866260864335709,0.0,0.0,0.0,0.0,-0.00031499064422325077,0.0,0.0,0.0,0.0,0.0,-0.0012833292693314705,0.0,-0.00020179418115306882,-0.0016158590527129537,0.0,-0.001498539965313757
W_N_0126,9,34,0,0.0,0.0,0.04780267801334732,0.0017132935405773846,0.0,0.0,0.0,0.0,-0.0018839849037080654,0.0,0.0,0.0,0.0,0.0,-0.0005656375399785469,0.0,-0.00020179418115306882,-0.0031649111362941442,0.0,0.04369964379279088
W_N_0126,10,8,0,0.0,0.0,0.020419820028558123,0.0035896992943717956,0.0,0.0,0.0,0.0,-0.0005996433290195129,0.0,0.0,0.0,0.0,0.0,-0.001609049664943771,0.0,-0.00020179418115306882,-0.00343996485622877,0.0,0.018159067291584795
W_N_0126,11,5,1,0.0,0.0,0.03556591427020054,0.000942845349553637,0.0,0.0,0.0,0.0,0.0019252850363656625,0.0,0.0,0.0,0.0,0.0,-0.002779180873075686,0.0,-0.00020179418115306882,-0.0016013537181638247,0.0,0.03385171588372725
W_N_0126,11,23,0,0.0,0.0,-0.04483630742684808,-0.01997065031329238,0.0,0.0,0.0,0.0,-0.0005996433290195129,0.0,0.0,0.0,0.0,0.0,-0.0009114683787229042,0.0,-0.00020179418115306882,-0.001672307060036839,0.0,-0.06819217068907278
W_N_0126,11,25,0,0.0,0.0,-0.05633015646203232,0.004728309958526908,0.0,0.0,0.0,0.0,-0.0018839849037080654,0.0,0.0,0.0,0.0,0.0,-0.0011922993930834622,0.0,-0.00020179418115306882,-0.002487324856337394,0.0,-0.057367249837787404
W_N_0126,11,29,1,0.0,0.0,-0.043767989612838336,0.002500382172791728,0.0,0.0,0.0,0.0,-0.0005996433290195129,0.0,0.0,0.0,0.0,0.0,-0.002961682774785861,0.0,-0.00020179418115306882,-0.0019162079391298011,0.0,-0.046946935664134846
W_N_0126,12,10,0,0.0,0.0,-0.002369665890042378,0.0019017682795020717,0.0,0.0,0.0,0.0,-0.0005996433290195129,0.0,0.0,0.0,0.0,0.0,-0.00363300373373162,0.0,-0.00020179418115306882,-0.0018135478274478982,0.0,-0.006715886681892406
W_N_0126,12,18,0,0.0,0.0,-0.07239910049324257,-0.010752667065897555,0.0,0.0,0.0,0.0,-0.0005996433290195129,0.0,0.0,0.0,0.0,0.0,-0.0009331382473691409,0.0,-0.00020179418115306882,-0.0024217391669370154,0.0,-0.08730808248361886
W_N_0126,12,19,0,0.0,0.0,-0.08806600116225696,-0.0037874300169462604,0.0,0.0,0.0,0.0,-0.0005996433290195129,0.0,0.0,0.0,0.0,0.0,-0.002230228051127966,0.0,-0.00020179418115306882,-0.0035360889881913458,0.0,-0.09842118572869511
W_N_0126,13,3,0,0.0,0.0,0.06595310980335589,0.004166416306680952,0.0,0.0,0.0,0.0,0.006048942376760622,0.0,0.0,0.0,0.0,0.0,-0.0022891362974620483,0.0,-0.00020179418115306882,-0.003577836797980936,0.0,0.07009970121020141
W_N_0126,14,37,0,0.0,0.0,0.05190486192038137,0.001217895962556011,0.0,0.0,0.0,0.0,0.0019501407731502382,0.0,0.0,0.0,0.0,0.0,0.000852384458001536,0.0,-0.00020179418115306882,-0.003056939448054386,0.0,0.052666549484881704
W_N_0126,15,40,0,0.0,0.0,0.07093067166145241,0.00489184083987879,0.0,0.0,0.0,0.0,0.0019252850363656625,0.0,0.0,0.0,0.0,0.0,-0.001861602845740177,0.0,-0.00020179418115306882,-0.0017329109501444506,0.0,0.07395148956065915
W_N_0126,16,8,1,0.0,0.0,-0.007445553938719079,0.0013987166051559862,0.0,0.0,0.0,0.0,-0.0005996433290195129,0.0,0.0,0.0,0.0,0.0,-0.0015517336361820279,0.0,-0.00020179418115306882,-0.0015836326161521887,0.0,-0.00998364109606989
W_N_0126,17,24,1,0.0,0.0,-0.06190183387025,-0.005343414145621806,0.0,0.0,0.0,0.0,-0.0018839849037080654,0.0,0.0,0.0,0.0,0.0,-0.0013633767761125654,0.0,-0.00020179418115306882,-0.0015453071550933233,0.0,-0.07223971103193884
W_N_0126,18,23,0,0.0,0.0,-0.05848045979183004,-0.00403371159154373,0.0,0.0,0.0,0.0,-0.0018839849037080654,0.0,0.0,0.0,0.0,0.0,0.0006093623774518202,0.0,-0.00020179418115306882,-0.002943562703621973,0.0,-0.06693415079440507
W_N_0126,19,31,0,0.0,0.0,-0.04434425985478754,0.004290629904892436,0.0,0.0,0.0,0.0,-0.0018839849037080654,0.0,0.0,0.0,0.0,0.0,-0.0018927684596706112,0.0,-0.00020179418115306882,-0.0019640348411991667,0.0,-0.04599621233562602
W_N_0126,20,16,0,0.0,0.0,-0.06527316587554903,-0.0187978166785654,0.0,0.0,0.0,0.0,-0.006666666262799024,0.0,0.0,0.0,0.0,0.0,-0.0024117078755780457,0.0,-0.00020179418115306882,-0.0031267363842417068,0.0,-0.09647788725788628
W_N_0126,20,35,1,0.0,0.0,0.009614908886509302,0.0012241911920400836,0.0,0.0,0.0,0.0,-0.0018839849037080654,0.0,0.0,0.0,0.0,0.0,-0.0026646042480318933,0.0,-0.00020179418115306882,-0.0015021031335609478,0.0,0.004586613612095411
W_N_0126,21,1,0,0.0,0.0,0.052683250384892966,0.0014304879241145332,0.0,0.0,0.0,0.0,0.006048942376760622,0.0,0.0,0.0,0.0,0.0,-0.0015715065814290608,0.0,-0.00020179418115306882,-0.004142633813521129,0.0,0.05424674610966487
W_N_0126,21,13,1,0.0,0.0,-0.06212570181544696,-0.0022471010958939734,0.0,0.0,0.0,0.0,-0.0006073848200035545,0.0,0.0,0.0,0.0,0.0,-0.0021854378190385325,0.0,-0.00020179418115306882,-0.00211808962509626,0.0,-0.06948550935663234
W_N_0126,21,29,0,0.0,0.0,-0.0461686168234331,-2.3775453421789368e-05,0.0,0.0,0.0,0.0,-0.0018839849037080654,0.0,0.0,0.0,0.0,0.0,-0.0009188933510891796,0.0,-0.00020179418115306882,-0.002648151848579183,0.0,-0.05184521656138439
W_N_0126,22,1,1,0.0,0.0,0.0555557282984795,0.0017145624836196833,0.0,0.0,0.0,0.0,0.006048942376760622,0.0,0.0,0.0,0.0,0.0,-0.0031462840340913223,0.0,-0.00020179418115306882,-0.0030022225237338876,0.0,0.056968932419881525
W_N_0126,25,18,1,0.0,0.0,-0.05287319587248797,-0.0015002709843536595,0.0,0.0,0.0,0.0,-0.0018839849037080654,0.0,0.0,0.0,0.0,0.0,-0.0019873196905249055,0.0,-0.00020179418115306882,-0.003022672276768284,0.0,-0.06146923790899595
W_N_0126,25,39,1,0.0,0.0,0.06167131552885317,0.001986661118766379,0.0,0.0,0.0,0.0,0.0010113458193720198,0.0,0.0,0.0,0.0,0.0,0.0020662822782527724,0.0,-0.00020179418115306882,-0.0015708875147529182,0.0,0.06496292304933836
W_N_0126,26,32,0,0.0,0.0,-0.003998843513014867,0.004619360716495138,0.0,0.0,0.0,0.0,-0.0005996433290195129,0.0,0.0,0.0,0.0,0.0,-0.004469306064023589,0.0,-0.00020179418115306882,-0.0016457820299647895,0.0,-0.006296008400680689
W_N_0126,27,32,0,0.0,0.0,-0.014457805887351172,0.00119650455771087,0.0,0.0,0.0,0.0,-0.0005996433290195129,0.0,0.0,0.0,0.0,0.0,-0.0019290482072036412,0.0,-0.00020179418115306882,-0.0031027335270510372,0.0,-0.019094520574067565
W_N_0126,28,15,1,0.0,0.0,-0.019908847999600222,0.0007123980128579561,0.0,0.0,0.0,0.0,-0.0018839849037080654,0.0,0.0,0.0,0.0,0.0,-0.0031079102273199473,0.0,-0.00020179418115306882,-0.00210664144564981,0.0,-0.026496780744573158
W_N_0126,29,7,1,0.0,0.0,0.03964651559463832,0.002228615620778717,0.0,0.0,0.0,0.0,-0.0018839849037080654,0.0,0.0,0.0,0.0,0.0,-0.002614876661122699,0.0,-0.00020179418115306882,-0.002523276524308405,0.0,0.03465119894512479
W_N_0126,30,21,1,0.0,0.0,-0.009408140846144445,0.001297515842549471,0.0,0.0,0.0,0.0,-0.0005996433290195129,0.0,0.0,0.0,0.0,0.0,-0.0029509513596889816,0.0,-0.00020179418115306882,-0.0036037168835133557,0.0,-0.015466730756969894
W_N_0126,31,7,0,0.0,0.0,0.05057756960471358,0.0026515227614902956,0.0,0.0,0.0,0.0,-0.0018839849037080654,0.0,0.0,0.0,0.0,0.0,-0.0012600561510928568,0.0,-0.00020179418115306882,-0.003945626064252201,0.0,0.045937631065997686
W_N_0126,31,34,1,0.0,0.0,0.05647738786480842,0.0017045255341183057,0.0,0.0,0.0,0.0,-0.0018839849037080654,0.0,0.0,0.0,0.0,0.0,-0.002335192060053722,0.0,-0.00020179418115306882,-0.0021445861794062906,0.0,0.05161635607460558
W_N_0126,33,11,0,0.0,0.0,0.031045223290120296,0.0016240506295393889,0.0,0.0,0.0,0.0,0.0019252850363656625,0.0,0.0,0.0,0.0,0.0,-0.004348575714549995,0.0,-0.00020179418115306882,-0.0019468538228661649,0.0,0.028097335237456115
W_N_0126,34,18,0,0.0,0.0,0.05031024514356402,0.003954997569569211,0.0,0.0,0.0,0.0,0.006048942376760622,0.0,0.0,0.0,0.0,0.0,-0.004402760863729398,0.0,-0.00020179418115306882,-0.002801583590389184,0.0,0.0529080464546222
W_N_0126,35,13,1,0.0,0.0,0.037370701537322575,0.0018619846703555104,0.0,0.0,0.0,0.0,0.006048942376760622,0.0,0.0,0.0,0.0,0.0,-0.0028249974636319988,0.0,-0.00020179418115306882,-0.0021588257780606234,0.0,0.04009601116159302
W_N_0126,37,21,1,0.0,0.0,0.05792167638618512,0.0016492492250122393,0.0,0.0,0.0,0.0,0.006048942376760622,0.0,0.0,0.0,0.0,0.0,-0.0025028503663021584,0.0,-0.00020179418115306882,-0.002625883652989885,0.0,0.060289339787512865
W_F_0030,1,9,1,0.0,0.0,0.03939849785822215,0.0012835699816684354,0.0,0.0,0.0,0.0,0.0007400866045941602,0.0,0.0,0.0,0.0,0.0,-0.0020539236835033416,0.0,-0.0006920920866956647,-0.0021817858134311795,0.0,0.036494352860854555
W_F_0030,1,17,0,0.0,0.0,0.05432336017068283,0.00275539713683032,0.0,0.0,0.0,0.0,0.0007400866045941602,0.0,0.0,0.0,0.0,0.0,0.014274031531301721,0.0,0.003923085543874002,0.04436957639077276,0.0,0.1203855373780558
W_F_0030,2,18,1,0.0,0.0,0.0491616522879506,0.003111097640535629,0.0,0.0,0.0,0.0,0.0005073890775622098,0.0,0.0,0.0,0.0,0.0,-0.0025126270530186744,0.0,0.003923085543874002,0.031111976361437747,0.0,0.08530257385834152
W_F_0030,3,10,0,0.0,0.0,0.013113615077332524,0.004178388390563386,0.0,0.0,0.0,0.0,0.0007400866045941602,0.0,0.0,0.0,0.0,0.0,-0.0035328451370264906,0.0,-0.0006920920866956647,-0.003284369641185376,0.0,0.010522783207582539
W_F_0030,4,15,0,0.0,0.0,-0.040244874821832435,0.0011955491720071969,0.0,0.0,0.0,0.0,0.0007400866045941602,0.0,0.0,0.0,0.0,0.0,0.011773428097838863,0.0,0.003923085543874002,0.018095825985727662,0.0,-0.00451689941779055
W_F_0030,5,3,0,0.0,0.0,0.04030363577364663,0.0014738504932580569,0.0,0.0,0.0,0.0,0.0005073890775622098,0.0,0.0,0.0,0.0,0.0,-0.0018206148254535164,0.0,-0.0006920920866956647,-0.0035542382123190234,0.0,0.036217930219998695
W_F_0030,5,6,0,0.0,0.0,0.03189871061155807,0.0015409440993397415,0.0,0.0,0.0,0.0,0.0007400866045941602,0.0,0.0,0.0,0.0,0.0,-0.0015695178909710815,0.0,-0.0006920920866956647,-0.003924856114345318,0.0,0.02799327522347991
W_F_0030,5,12,0,0.0,0.0,-0.0007009823380531191,0.002834567560145763,0.0,0.0,0.0,0.0,0.0007400866045941602,0.0,0.0,0.0,0.0,0.0,-0.0012142699507319006,0.0,0.003923085543874002,0.03537193588297446,0.0,0.04095442330280336
W_F_0030,5,14,1,0.0,0.0,-0.024780671153640327,0.0013774006776480305,0.0,0.0,0.0,0.0,0.0007400866045941602,0.0,0.0,0.0,0.0,0.0,-0.0011589974959152361,0.0,0.003923085543874002,0.046436767466235006,0.0,0.026537671642795635
W_F_0030,6,4,1,0.0,0.0,0.04817779500385742,0.0017492439412812478,0.0,0.0,0.0,0.0,0.0007400866045941602,0.0,0.0,0.0,0.0,0.0,-0.0018967204033078506,0.0,-0.0006920920866956647,-0.0044991734395457925,0.0,0.04357913962018352
W_F_0030,6,5,0,0.0,0.0,0.05206132786113404,0.0016514620894924287,0.0,0.0,0.0,0.0,0.00038484791659062085,0.0,0.0,0.0,0.0,0.0,-0.0014351938662837504,0.0,-0.0006920920866956647,-0.005107758189461122,0.0,0.04686259372477655
W_F_0030,6,8,0,0.0,0.0,-0.0031727183492109685,0.0022137437745457823,0.0,0.0,0.0,0.0,-0.00023050508727753024,0.0,0.0,0.0,0.0,0.0,-0.0011717169229513388,0.0,0.003923085543874002,-0.002655190452433288,0.0,-0.0010933014934533412
W_F_0030,6,9,0,0.0,0.0,-0.007620144481880642,0.0022446222804907733,0.0,0.0,0.0,0.0,-0.00015802983445603304,0.0,0.0,0.0,0.0,0.0,-0.0023934619852238807,0.0,0.003923085543874002,-0.001115553385591407,0.0,-0.0051194818627871876
W_F_0030,6,10,0,0.0,0.0,-0.02933854937333319,0.001666185794658827,0.0,0.0,0.0,0.0,-0.00015802983445603304,0.0,0.0,0.0,0.0,0.0,-0.0034855902268364136,0.0,0.003923085543874002,0.042080364950729005,0.0,0.014687466854636198
W_F_0030,6,11,0,0.0,0.0,-0.02556033160554969,0.0011354826255171768,0.0,0.0,0.0,0.0,-0.00023050508727753024,0.0,0.0,0.0,0.0,0.0,-0.0017805307652518432,0.0,0.003923085543874002,0.03315614691334441,0.0,0.010643347624656525
W_F_0030,7,24,1,0.0,0.0,0.06472320116739565,0.0012876373910430201,0.0,0.0,0.0,0.0,0.0007400866045941602,0.0,0.0,0.0,0.0,0.0,0.018842320568476376,0.0,0.003923085543874002,0.017061563034124174,0.0,0.10657789430950738
W_F_0030,8,2,0,0.0,0.0,0.053758858038336285,0.004181016237780199,0.0,0.0,0.0,0.0,0.0005073890775622098,0.0,0.0,0.0,0.0,0.0,-0.0007702097741571347,0.0,-0.0006920920866956647,0.001011776675683644,0.0,0.057996738168509546
W_F_0030,8,7,0,0.0,0.0,-0.019768503970652343,0.0024590605115273455,0.0,0.0,0.0,0.0,-0.00023050508727753024,0.0,0.0,0.0,0.0,0.0,-0.003286268769117944,0.0,0.003923085543874002,-0.003889141376594971,0.0,-0.02079227314824144
W_F_0030,8,20,1,0.0,0.0,-0.028532023116895643,0.0012206728856264276,0.0,0.0,0.0,0.0,-0.00015906781518297468,0.0,0.0,0.0,0.0,0.0,0.010024875428554127,0.0,0.003923085543874002,0.030352504191063147,0.0,0.016830047117039088
W_F_0030,8,22,1,0.0,0.0,0.013117705326296056,0.0016367551493991132,0.0,0.0,0.0,0.0,0.0007400866045941602,0.0,0.0,0.0,0.0,0.0,-0.0011803836434979048,0.0,0.003923085543874002,-0.0005311098811805156,0.0,0.017706139099484913
W_F_0030,11,10,0,0.0,0.0,-0.07713425334105659,-0.0031017968006003824,0.0,0.0,0.0,0.0,-0.00011986354306593903,0.0,0.0,0.0,0.0,0.0,0.0009275020618146396,0.0,0.003923085543874002,0.027252292574638685,0.0,-0.04825303350439558
W_F_0030,11,22,0,0.0,0.0,-0.015769536014038955,0.0006676605405030165,0.0,0.0,0.0,0.0,0.0005107217399381664,0.0,0.0,0.0,0.0,0.0,0.030102940278072057,0.0,0.003923085543874002,0.02651724716230114,0.0,0.045952119250649424
W_F_0030,12,22,0,0.0,0.0,-0.0018072145928912115,0.0010036522736465744,0.0,0.0,0.0,0.0,0.0007400866045941602,0.0,0.0,0.0,0.0,0.0,0.03136864481258178,0.0,0.003923085543874002,0.0006105454498792084,0.0,0.03583880009168451
W_F_0030,13,25,0,0.0,0.0,0.052109974640357735,0.004136444661602173,0.0,0.0,0.0,0.0,0.0005107217399381664,0.0,0.0,0.0,0.0,0.0,0.022174285409086,0.0,0.003923085543874002,0.05645504195541863,0.0,0.13930955395027672
W_F_0030,14,6,0,0.0,0.0,-0.026057958230405277,0.0006592386077211781,0.0,0.0,0.0,0.0,-0.00023050508727753024,0.0,0.0,0.0,0.0,0.0,-0.0019557317809114475,0.0,0.003923085543874002,-0.0025898460200112034,0.0,-0.026251716967010282
W_F_0030,15,17,1,0.0,0.0,-0.05951062576006795,-0.014395494831955569,0.0,0.0,0.0,0.0,-0.00015802983445603304,0.0,0.0,0.0,0.0,0.0,0.008895023232033962,0.0,0.003923085543874002,0.047377257624940106,0.0,-0.013868784025631485
W_F_0030,15,21,0,0.0,0.0,0.00033887464472836897,0.003997054345698659,0.0,0.0,0.0,0.0,0.0007400866045941602,0.0,0.0,0.0,0.0,0.0,-0.00016767514341997067,0.0,0.003923085543874002,-0.0014411088200713582,0.0,0.007390317175403862
W_F_0030,16,5,1,0.0,0.0,-0.005202445808307274,0.003958024487979075,0.0,0.0,0.0,0.0,0.0007400866045941602,0.0,0.0,0.0,0.0,0.0,-0.0008937050563147379,0.0,0.003923085543874002,0.029722353450229128,0.0,0.03224739922205435
W_F_0030,17,12,0,0.0,0.0,-0.039834105868963014,-0.013749173052563757,0.0,0.0,0.0,0.0,-0.00015802983445603304,0.0,0.0,0.0,0.0,0.0,0.008064734982446642,0.0,0.003923085543874002,0.013797095473472364,0.0,-0.0279563927561898
W_F_0030,19,3,0,0.0,0.0,0.044932181364978334,0.0014774566222177487,0.0,0.0,0.0,0.0,0.0005107217399381664,0.0,0.0,0.0,0.0,0.0,-0.010300789086183027,0.0,0.003923085543874002,0.018995812880147,0.0,0.05953846906497223
W_F_0030,21,9,0,0.0,0.0,0.043987937540988835,0.0015609017843792048,0.0,0.0,0.0,0.0,0.0005073890775622098,0.0,0.0,0.0,0.0,0.0,-0.000952333644084946,0.0,0.003923085543874002,0.025655165603048913,0.0,0.07468214590576822
W_F_0030,21,13,1,0.0,0.0,0.005289133465075754,0.0010582390119370413,0.0,0.0,0.0,0.0,0.00038484791659062085,0.0,0.0,0.0,0.0,0.0,0.0009317989455594864,0.0,0.003923085543874002,0.03377631104832038,0.0,0.04536341593135729
W_F_0030,22,19,1,0.0,0.0,0.031624758029975344,0.0059366002181263046,0.0,0.0,0.0,0.0,0.0007400866045941602,0.0,0.0,0.0,0.0,0.0,0.0267104885992989,0.0,0.003923085543874002,0.04344925919742123,0.0,0.11238427819328994
W_F_0030,22,20,0,0.0,0.0,0.04949994465786197,0.003937118499059251,0.0,0.0,0.0,0.0,0.0005073890775622098,0.0,0.0,0.0,0.0,0.0,0.0408112588805447,0.0,0.003923085543874002,0.06696042454172262,0.0,0.16563922120062474
W_F_0030,23,14,0,0.0,0.0,0.09027966109824868,0.003433701023876037,0.0,0.0,0.0,0.0,0.0007400866045941602,0.0,0.0,0.0,0.0,0.0,0.026919859289301393,0.0,0.003923085543874002,0.04207371725788163,0.0,0.16737011081777592
W_F_0030,23,18,0,0.0,0.0,0.04777166536355258,0.0017861741903174007,0.0,0.0,0.0,0.0,0.0008969675304056708,0.0,0.0,0.0,0.0,0.0,0.018902538780347967,0.0,0.003923085543874002,0.0399512441042332,0.0,0.11323167551273083
W_F_0030,23,19,1,0.0,0.0,0.029941953668876642,0.0008789060757754771,0.0,0.0,0.0,0.0,0.0007400866045941602,0.0,0.0,0.0,0.0,0.0,0.004150963147470258,0.0,0.003923085543874002,0.026514930877458907,0.0,0.06614992591804944
W_N_0010,2,8,0,0.0,0.0,0.0444792954081426,0.002867926462842071,0.0,0.0,0.0,0.0,0.0005107217399381664,0.0,0.0,0.0,0.0,0.0,0.0012469111857982493,0.0,-0.0006920920866956647,-0.004006901138547338,0.0,0.04440586157147808
W_N_0010,2,14,1,0.0,0.0,0.02559323266826368,0.0007926598364743335,0.0,0.0,0.0,0.0,0.0007400866045941602,0.0,0.0,0.0,0.0,0.0,0.04430802699811261,0.0,0.003923085543874002,0.036407648785295545,0.0,0.11176474043661433
W_N_0010,3,15,0,0.0,0.0,0.03549327820203074,0.0033982999173936463,0.0,0.0,0.0,0.0,0.0007400866045941602,0.0,0.0,0.0,0.0,0.0,-0.0027277256151442115,0.0,0.003923085543874002,0.034708864608161416,0.0,0.07553588926090976
W_N_0010,4,7,0,0.0,0.0,0.05746793618128728,0.0007557328304331109,0.0,0.0,0.0,0.0,0.0007400866045941602,0.0,0.0,0.0,0.0,0.0,-0.002066222216294905,0.0,-0.0006920920866956647,-0.004461491906419808,0.0,0.05174394940690418
W_N_0010,5,6,0,0.0,0.0,0.06209985578544607,0.003973158492089792,0.0,0.0,0.0,0.0,0.0005073890775622098,0.0,0.0,0.0,0.0,0.0,-0.0013586233404535859,0.0,-0.0006920920866956647,-0.0020086563009437206,0.0,0.06252103162700509
W_N_0010,5,23,1,0.0,0.0,0.03349259136430063,0.003993020799713619,0.0,0.0,0.0,0.0,0.0005107217399381664,0.0,0.0,0.0,0.0,0.0,-0.002001122365601388,0.0,-0.0006920920866956647,-0.002204209724927556,0.0,0.03309890972672781
W_N_0010,6,2,0,0.0,0.0,0.035750244656748774,0.0010753537763497545,0.0,0.0,0.0,0.0,0.0007400866045941602,0.0,0.0,0.0,0.0,0.0,0.013903010965876858,0.0,-0.0006920920866956647,-0.0041822600809379926,0.0,0.04659434383593589
W_N_0010,6,4,0,0.0,0.0,0.06681165046642656,0.0009525908929477221,0.0,0.0,0.0,0.0,0.0007400866045941602,0.0,0.0,0.0,0.0,0.0,-0.0010734988392660445,0.0,-0.0006920920866956647,-0.004848716062130511,0.0,0.06189002097587622
W_N_0010,6,7,0,0.0,0.0,-0.012510621554710248,0.0008393801749775903,0.0,0.0,0.0,0.0,-0.00023050508727753024,0.0,0.0,0.0,0.0,0.0,-0.0011308185046485179,0.0,-0.0006920920866956647,-0.004049303906660697,0.0,-0.017773960965015066
W_N_0010,7,12,1,0.0,0.0,-0.03854144228961184,-0.00420168929074232,0.0,0.0,0.0,0.0,-0.00015906781518297468,0.0,0.0,0.0,0.0,0.0,-0.0013500449971900403,0.0,-0.0006920920866956647,-0.0026802507293056978,0.0,-0.04762458720872853
W_N_0010,7,24,1,0.0,0.0,0.04060915116224685,0.0014298033986042053,0.0,0.0,0.0,0.0,0.0007400866045941602,0.0,0.0,0.0,0.0,0.0,-0.001162518557746837,0.0,-0.0006920920866956647,-0.002777599626960488,0.0,0.03814683089404223
W_N_0010,9,1,1,0.0,0.0,0.03366108535084094,0.001227515498587484,0.0,0.0,0.0,0.0,0.0005107217399381664,0.0,0.0,0.0,0.0,0.0,0.014670118139198959,0.0,-0.0006920920866956647,0.052925483225264754,0.0,0.10230283186713464
W_N_0010,9,10,0,0.0,0.0,-0.0588132449434885,-0.006689517630992947,0.0,0.0,0.0,0.0,-0.00023050508727753024,0.0,0.0,0.0,0.0,0.0,-0.0013058780105382627,0.0,-0.0006920920866956647,-0.0025028707831574936,0.0,-0.0702341085421504
W_N_0010,9,11,0,0.0,0.0,-0.06293068944316273,-0.006249025791580341,0.0,0.0,0.0,0.0,-0.00023050508727753024,0.0,0.0,0.0,0.0,0.0,-0.0017905026645912202,0.0,-0.0006920920866956647,-0.002136365232751912,0.0,-0.07402918030605939
W_N_0010,9,23,0,0.0,0.0,0.03928213780697358,0.004417654955972466,0.0,0.0,0.0,0.0,0.0007400866045941602,0.0,0.0,0.0,0.0,0.0,-0.0014217896699451032,0.0,-0.0006920920866956647,-0.002337149704953766,0.0,0.039988847905945674
W_N_0010,10,2,0,0.0,0.0,0.03425270096554312,0.0027845254250444228,0.0,0.0,0.0,0.0,0.0007400866045941602,0.0,0.0,0.0,0.0,0.0,0.03449757787376006,0.0,0.003923085543874002,0.036620156313587206,0.0,0.11281813272640298
W_N_0010,10,14,0,0.0,0.0,-0.04697420917058662,-0.01027164424596859,0.0,0.0,0.0,0.0,-0.0004650681580503844,0.0,0.0,0.0,0.0,0.0,-0.0034808764960037454,0.0,-0.0006920920866956647,-0.00459445995688944,0.0,-0.06647835011419444
W_N_0010,10,26,0,0.0,0.0,0.051126706322183545,0.0024744200184595258,0.0,0.0,0.0,0.0,0.00038484791659062085,0.0,0.0,0.0,0.0,0.0,-4.5231959217713594e-05,0.0,-0.0006920920866956647,-0.0035308130911729228,0.0,0.04971783712014739
W_N_0010,11,2,0,0.0,0.0,0.051717043144647236,0.002690090554820142,0.0,0.0,0.0,0.0,0.0005073890775622098,0.0,0.0,0.0,0.0,0.0,0.006506183037255886,0.0,0.003923085543874002,0.02143185256757914,0.0,0.08677564392573861
W_N_0010,11,21,1,0.0,0.0,-0.01874470740235369,0.001495365144309256,0.0,0.0,0.0,0.0,0.0007400866045941602,0.0,0.0,0.0,0.0,0.0,-0.002849730498466775,0.0,-0.0006920920866956647,-0.005201254827871159,0.0,-0.025252333066483876
W_N_0010,11,24,0,0.0,0.0,0.03576857073066431,0.0006420329360833268,0.0,0.0,0.0,0.0,0.00038484791659062085,0.0,0.0,0.0,0.0,0.0,-0.0009357885962975974,0.0,-0.0006920920866956647,-0.0021513679208883226,0.0,0.033016202979456684
W_N_0010,12,26,0,0.0,0.0,0.07281806699056667,0.0011609648592353994,0.0,0.0,0.0,0.0,0.0005073890775622098,0.0,0.0,0.0,0.0,0.0,0.00030735982481131646,0.0,-0.0006920920866956647,-0.006626115212064385,0.0,0.06747557345341554
W_N_0010,13,9,1,0.0,0.0,-0.0440186390614718,-0.0030797857338360234,0.0,0.0,0.0,0.0,-0.00015802983445603304,0.0,0.0,0.0,0.0,0.0,0.0010297488585284532,0.0,-0.0006920920866956647,-0.002860560387506818,0.0,-0.04977935824543788
W_N_0010,14,0,1,0.0,0.0,0.03548112058475773,0.0016462686732634998,0.0,0.0,0.0,0.0,0.0005107217399381664,0.0,0.0,0.0,0.0,0.0,0.01510599110238592,0.0,-0.0006920920866956647,0.03369708197674227,0.0,0.08574909199039192
W_N_0010,14,24,1,0.0,0.0,0.037609991012067495,0.006124449056124841,0.0,0.0,0.0,0.0,0.0007400866045941602,0.0,0.0,0.0,0.0,0.0,-0.0010969188439843786,0.0,-0.0006920920866956647,-0.004780282189496606,0.0,0.03790523355260984
W_N_0010,15,9,0,0.0,0.0,-0.057927386472928805,-0.0147005944456916,0.0,0.0,0.0,0.0,-0.00015802983445603304,0.0,0.0,0.0,0.0,0.0,-0.0023356046461255366,0.0,-0.0006920920866956647,-0.0054194848677373095,0.0,-0.08123319235363496
W_N_0010,16,5,1,0.0,0.0,0.007667839735238314,0.0008509449075381761,0.0,0.0,0.0,0.0,0.0007400866045941602,0.0,0.0,0.0,0.0,0.0,-0.0021422225476206377,0.0,-0.0006920920866956647,-0.0036731687952791725,0.0,0.002751387817775176
W_N_0010,16,14,0,0.0,0.0,-0.06964756815688225,-0.022336949554400687,0.0,0.0,0.0,0.0,-0.00015802983445603304,0.0,0.0,0.0,0.0,0.0,-0.0035300527648680197,0.0,-0.0006920920866956647,-0.0026796568263604595,0.0,-0.09904434922366312
W_N_0010,18,6,1,0.0,0.0,0.006536911336070498,0.001424563119221269,0.0,0.0,0.0,0.0,-0.00023050508727753024,0.0,0.0,0.0,0.0,0.0,-0.00233303864487863,0.0,-0.0006920920866956647,-0.004621317842120115,0.0,8.452079431982805e-05
W_N_0010,18,19,1,0.0,0.0,0.006643761127192722,0.0030823689397120276,0.0,0.0,0.0,0.0,-0.00023050508727753024,0.0,0.0,0.0,0.0,0.0,0.000541098815271159,0.0,-0.0006920920866956647,-0.0038932588460703684,0.0,0.005451372862132348
W_N_0010,19,3,0,0.0,0.0,0.07719883291000498,0.0015148707451079432,0.0,0.0,0.0,0.0,0.0007400866045941602,0.0,0.0,0.0,0.0,0.0,-0.0016594829532816733,0.0,-0.0006920920866956647,-0.00558501255290259,0.0,0.07151720266682715
W_N_0010,19,12,0,0.0,0.0,-0.008064357228161862,0.000749146953884574,0.0,0.0,0.0,0.0,0.0007400866045941602,0.0,0.0,0.0,0.0,0.0,-0.002355672704128254,0.0,-0.0006920920866956647,-0.005006578331680841,0.0,-0.014629466792187889
W_N_0010,20,8,0,0.0,0.0,0.034057557254651295,0.0012840754648747222,0.0,0.0,0.0,0.0,0.0005107217399381664,0.0,0.0,0.0,0.0,0.0,-0.0009874660697677241,0.0,-0.0006920920866956647,-0.002471317403110412,0.0,0.03170147889989038
W_N_0010,21,19,1,0.0,0.0,0.03385222696124941,0.0017049782858360703,0.0,0.0,0.0,0.0,0.00038484791659062085,0.0,0.0,0.0,0.0,0.0,0.010696836267930977,0.0,-0.0006920920866956647,-0.002427177681145749,0.0,0.04351961966376568
W_N_0010,21,20,1,0.0,0.0,0.041658558322173515,0.0015024137930237831,0.0,0.0,0.0,0.0,0.0005107217399381664,0.0,0.0,0.0,0.0,0.0,0.019328053663537226,0.0,-0.0006920920866956647,-0.0005273493905509358,0.0,0.0617803060414261
W_N_0010,22,6,0,0.0,0.0,0.042133665927760015,0.0030614343258719965,0.0,0.0,0.0,0.0,0.0005107217399381664,0.0,0.0,0.0,0.0,0.0,-0.0005896255066973709,0.0,-0.0006920920866956647,-0.0019268866772036224,0.0,0.042497217722973525
W_N_0010,22,13,0,0.0,0.0,0.024998072344849555,0.0009176064295032865,0.0,0.0,0.0,0.0,0.0005073890775622098,0.0,0.0,0.0,0.0,0.0,0.00022740099044322136,0.0,-0.0006920920866956647,-0.0037910710040291967,0.0,0.022167305751633407
W_N_0010,22,15,1,0.0,0.0,0.03832852474548492,0.0023024261752665875,0.0,0.0,0.0,0.0,0.0005073890775622098,0.0,0.0,0.0,0.0,0.0,-0.0032929701370777854,0.0,-0.0006920920866956647,-0.003483086187016798,0.0,0.03367019158752347
W_N_0010,23,10,0,0.0,0.0,0.07524720491847339,0.0033418484986465053,0.0,0.0,0.0,0.0,0.0005107217399381664,0.0,0.0,0.0,0.0,0.0,-0.004108555408057053,0.0,-0.0006920920866956647,-0.004739173954432678,0.0,0.06955995370787268
W_N_0010,23,13,0,0.0,0.0,0.05337258406246297,0.0015121449308754368,0.0,0.0,0.0,0.0,0.0005073890775622098,0.0,0.0,0.0,0.0,0.0,-0.0016207801877245736,0.0,-0.0006920920866956647,-0.00539668454734214,0.0,0.04768256124913824
W_N_0019,0,17,1,0.0,0.0,0.031466992591774594,0.0012866716789966368,0.0,0.0,0.0,0.0,0.0009264399343788676,0.0,0.0,0.0,0.0,0.0,-0.0012881811219335006,0.0,-0.00043977378136639755,-0.0033258433456004708,0.0,0.028626305956249733
W_N_0019,3,11,0,0.0,0.0,0.027259075589592206,0.004414501286741106,0.0,0.0,0.0,0.0,0.000917981070574502,0.0,0.0,0.0,0.0,0.0,-0.0003537981671307742,0.0,-0.00043977378136639755,-0.0017695441514048137,0.0,0.030028441847005826
W_N_0019,3,17,0,0.0,0.0,0.06189735960619273,0.0009351509223078872,0.0,0.0,0.0,0.0,0.0009264399343788676,0.0,0.0,0.0,0.0,0.0,-0.0005612063199284696,0.0,-0.00043977378136639755,-0.0015009855154639203,0.0,0.0612569848461207
W_N_0019,3,32,1,0.0,0.0,0.04629017459319956,0.00048428933993086953,0.0,0.0,0.0,0.0,0.0009264399343788676,0.0,0.0,0.0,0.0,0.0,-0.0003835088650901555,0.0,-0.00043977378136639755,-0.002667918064674235,0.0,0.0442097031563785
W_N_0019,4,20,0,0.0,0.0,0.0618717588333226,0.0006997558540587161,0.0,0.0,0.0,0.0,0.000917981070574502,0.0,0.0,0.0,0.0,0.0,-0.0006235020614618442,0.0,-0.00043977378136639755,-0.002401555332236834,0.0,0.060024664582890734
W_N_0019,4,22,0,0.0,0.0,0.05277704556980688,0.0012775481648620577,0.0,0.0,0.0,0.0,0.0017137937381067182,0.0,0.0,0.0,0.0,0.0,-0.0002750046708739933,0.0,-0.00043977378136639755,-0.0033676900711337677,0.0,0.0516859189494015
W_N_0019,4,34,1,0.0,0.0,0.028255727959835122,0.0007597358868614159,0.0,0.0,0.0,0.0,0.0009264399343788676,0.0,0.0,0.0,0.0,0.0,-0.0010133571174288582,0.0,-0.00043977378136639755,-0.0016964288878370474,0.0,0.026792343994443104
W_N_0019,5,20,1,0.0,0.0,0.011027853325727886,0.003149823700241839,0.0,0.0,0.0,0.0,0.0009264399343788676,0.0,0.0,0.0,0.0,0.0,-0.001181520124316291,0.0,-0.00043977378136639755,-0.003363265830647281,0.0,0.010119557224018623
W_N_0019,5,33,0,0.0,0.0,0.06641609657150176,0.000709099052808894,0.0,0.0,0.0,0.0,0.0017137937381067182,0.0,0.0,0.0,0.0,0.0,-0.0010207585988452937,0.0,-0.00043977378136639755,-0.002403157893978882,0.0,0.06497529908822681
W_N_0019,8,24,1,0.0,0.0,-0.007065387499456561,0.0010158330096191623,0.0,0.0,0.0,0.0,-0.00028854611961054715,0.0,0.0,0.0,0.0,0.0,-0.0007323241754366932,0.0,-0.00043977378136639755,-0.0030241905205004994,0.0,-0.010534389086751536
W_N_0019,9,15,1,0.0,0.0,0.008530960588389222,0.004566175917762729,0.0,0.0,0.0,0.0,-0.0005337729026923818,0.0,0.0,0.0,0.0,0.0,-0.0004796902291833627,0.0,-0.00043977378136639755,-0.002092468619170524,0.0,0.009551430973739283
W_N_0019,10,8,1,0.0,0.0,0.05026253364228123,0.002958683178718692,0.0,0.0,0.0,0.0,-0.0001890390105857108,0.0,0.0,0.0,0.0,0.0,-0.0009259392305876234,0.0,-0.00043977378136639755,-0.0028913399176245655,0.0,0.04877512488083562
W_N_0019,10,15,1,0.0,0.0,-0.0119404257637323,0.0018978803131745427,0.0,0.0,0.0,0.0,-0.00028854611961054715,0.0,0.0,0.0,0.0,0.0,-0.0008398997896799307,0.0,-0.00043977378136639755,-0.0025479016283536204,0.0,-0.014158666769568255
W_N_0019,10,22,0,0.0,0.0,-0.033630834737816306,0.0010434496608735285,0.0,0.0,0.0,0.0,-0.00028854611961054715,0.0,0.0,0.0,0.0,0.0,-0.0007430532278138605,0.0,-0.00043977378136639755,-0.0017558975877861149,0.0,-0.035814655793519695
W_N_0019,11,15,0,0.0,0.0,-0.012269579827923817,0.0031655588139511913,0.0,0.0,0.0,0.0,-0.0005337729026923818,0.0,0.0,0.0,0.0,0.0,-0.002502762577345507,0.0,-0.00043977378136639755,-0.0023101675025272903,0.0,-0.014890497777904202
W_N_0019,11,30,0,0.0,0.0,-0.0039786344407324375,0.0009734094717524576,0.0,0.0,0.0,0.0,-0.0005337729026923818,0.0,0.0,0.0,0.0,0.0,-0.0007666942363493937,0.0,-0.00043977378136639755,-0.002106381718019159,0.0,-0.006851847607407312
W_N_0019,12,36,0,0.0,0.0,0.01795484263632842,0.004477857234645541,0.0,0.0,0.0,0.0,-0.0005337729026923818,0.0,0.0,0.0,0.0,0.0,-0.0001243609887515519,0.0,-0.00043977378136639755,-0.002121876185314572,0.0,0.01921291601284906
W_N_0019,13,17,0,0.0,0.0,-0.05760138540700404,-0.0007498591501643626,0.0,0.0,0.0,0.0,-0.00028854611961054715,0.0,0.0,0.0,0.0,0.0,-0.0009049321161861907,0.0,-0.00043977378136639755,-0.002655782362239233,0.0,-0.06264027893657077
W_N_0019,14,15,0,0.0,0.0,-0.06524212201324263,-0.014581803580587777,0.0,0.0,0.0,0.0,-0.0005337729026923818,0.0,0.0,0.0,0.0,0.0,-0.000738754590580596,0.0,-0.00043977378136639755,-0.004118204526040717,0.0,-0.08565443139451048
W_N_0019,14,40,1,0.0,0.0,0.05190911575347691,0.001904304448378992,0.0,0.0,0.0,0.0,0.0009264399343788676,0.0,0.0,0.0,0.0,0.0,-0.00062012149396486,0.0,-0.00043977378136639755,-0.002085139408698561,0.0,0.051594825452204944
W_N_0019,16,3,1,0.0,0.0,0.050031120973201545,0.001425795968640636,0.0,0.0,0.0,0.0,0.0009264399343788676,0.0,0.0,0.0,0.0,0.0,-0.00022922297273812498,0.0,-0.00043977378136639755,-0.0014259915086038885,0.0,0.05028836861351263
W_N_0019,17,28,0,0.0,0.0,-0.05876220551687842,-0.014624727691306225,0.0,0.0,0.0,0.0,-0.00028854611961054715,0.0,0.0,0.0,0.0,0.0,-0.0006571732682952146,0.0,-0.00043977378136639755,-0.0023800961205790215,0.0,-0.07715252249803582
W_N_0019,17,29,0,0.0,0.0,-0.0984674611746043,-0.0022137676578133252,0.0,0.0,0.0,0.0,-0.0001890390105857108,0.0,0.0,0.0,0.0,0.0,-0.001750417542912176,0.0,-0.00043977378136639755,-0.0015663240415182498,0.0,-0.10462678320880016
W_N_0019,18,1,0,0.0,0.0,0.05477176026042054,0.0025603627637458583,0.0,0.0,0.0,0.0,0.0006069507668252502,0.0,0.0,0.0,0.0,0.0,-0.0008058699947230719,0.0,-0.00043977378136639755,-0.001668765848879687,0.0,0.0550246641660225
W_N_0019,18,35,0,0.0,0.0,-0.009316818278087682,0.0031203816370313896,0.0,0.0,0.0,0.0,-0.0005337729026923818,0.0,0.0,0.0,0.0,0.0,-0.001012525780016611,0.0,-0.00043977378136639755,-0.002520734860438509,0.0,-0.010703243965570193
W_N_0019,18,39,1,0.0,0.0,0.02836969167840097,0.003661364480161332,0.0,0.0,0.0,0.0,0.0017137937381067182,0.0,0.0,0.0,0.0,0.0,-0.0008262205159930192,0.0,-0.00043977378136639755,-0.0028720331740900223,0.0,0.02960682242521958
W_N_0019,20,11,1,0.0,0.0,-0.03019147777755985,0.0006890823049124555,0.0,0.0,0.0,0.0,-0.00028854611961054715,0.0,0.0,0.0,0.0,0.0,-0.0004227855415128859,0.0,-0.00043977378136639755,-0.0029202697066179136,0.0,-0.033573770621755136
W_N_0019,22,37,0,0.0,0.0,0.006726273872615135,0.001955979475789523,0.0,0.0,0.0,0.0,-0.00028854611961054715,0.0,0.0,0.0,0.0,0.0,-0.0008850437363258785,0.0,-0.00043977378136639755,-0.0045089623575337535,0.0,0.002559927353568081
W_N_0019,23,18,1,0.0,0.0,-0.05963623210527119,-0.005264661043173762,0.0,0.0,0.0,0.0,-0.0005337729026923818,0.0,0.0,0.0,0.0,0.0,-0.0013621892580035209,0.0,-0.00043977378136639755,-0.0021420037004291443,0.0,-0.0693786327909364
W_N_0019,23,27,0,0.0,0.0,-0.07842909801986457,-0.02664069975511304,0.0,0.0,0.0,0.0,-0.0005337729026923818,0.0,0.0,0.0,0.0,0.0,-0.0007821618318479071,0.0,-0.00043977378136639755,-0.0018391520693834898,0.0,-0.10866465836026779
W_N_0019,26,37,0,0.0,0.0,0.022902763065832055,0.0010398047706983858,0.0,0.0,0.0,0.0,-0.0006140450488198567,0.0,0.0,0.0,0.0,0.0,-0.0004959210754525099,0.0,-0.00043977378136639755,-0.002208349209752483,0.0,0.020184478721139196
W_N_0019,29,31,0,0.0,0.0,-0.027105780339099342,0.0009209281598443179,0.0,0.0,0.0,0.0,-0.0005337729026923818,0.0,0.0,0.0,0.0,0.0,-0.0010036299478811005,0.0,-0.00043977378136639755,-0.002286377619970662,0.0,-0.030448406431165562
W_N_0019,29,38,0,0.0,0.0,0.05433982879064527,0.0014938349678964302,0.0,0.0,0.0,0.0,0.0017137937381067182,0.0,0.0,0.0,0.0,0.0,-0.0011293520788132957,0.0,-0.00043977378136639755,-0.0021787021427116236,0.0,0.0537996294937571
W_N_0019,30,9,0,0.0,0.0,0.01017233409925827,0.002882463314504092,0.0,0.0,0.0,0.0,-0.0005337729026923818,0.0,0.0,0.0,0.0,0.0,-0.0008956724867713978,0.0,-0.00043977378136639755,-0.003664352444648136,0.0,0.0075212257982840485
W_N_0019,30,17,0,0.0,0.0,-0.03780456450779351,0.0010889701413466014,0.0,0.0,0.0,0.0,-0.0006140450488198567,0.0,0.0,0.0,0.0,0.0,-0.0006829297048508681,0.0,-0.00043977378136639755,-0.002815623191306204,0.0,-0.04126796609279024
W_N_0019,31,5,0,0.0,0.0,0.05263216844085339,0.0045637093378254,0.0,0.0,0.0,0.0,0.0017137937381067182,0.0,0.0,0.0,0.0,0.0,-0.0007222305059907942,0.0,-0.00043977378136639755,-0.002151060493636478,0.0,0.05559660673579184
W_N_0019,32,39,1,0.0,0.0,0.0340416282851736,0.004575949768831739,0.0,0.0,0.0,0.0,0.0006069507668252502,0.0,0.0,0.0,0.0,0.0,0.004758052178009865,0.0,-0.00043977378136639755,-0.0012369398997910674,0.0,0.04230586731768298
W_N_0019,35,23,0,0.0,0.0,-0.0038893312209165943,0.002209349387464805,0.0,0.0,0.0,0.0,-0.00028854611961054715,0.0,0.0,0.0,0.0,0.0,-0.00041992037633683296,0.0,-0.00043977378136639755,-0.0016622681492144409,0.0,-0.004490490259980008
W_N_0019,35,33,1,0.0,0.0,0.04884122570777843,0.0030080032322209074,0.0,0.0,0.0,0.0,-0.0005337729026923818,0.0,0.0,0.0,0.0,0.0,-0.0008409978693255883,0.0,-0.00043977378136639755,-0.002936758439365389,0.0,0.047097925947249576
W_N_0019,36,12,1,0.0,0.0,0.046787134880996624,0.0009475027789074778,0.0,0.0,0.0,0.0,0.0009264399343788676,0.0,0.0,0.0,0.0,0.0,-0.0010008390685675077,0.0,-0.00043977378136639755,-0.0015686866052441867,0.0,0.04565177813910487
W_N_0019,36,19,1,0.0,0.0,0.01982581173672592,0.002068504947711253,0.0,0.0,0.0,0.0,0.000917981070574502,0.0,0.0,0.0,0.0,0.0,-0.0006972275527222911,0.0,-0.00043977378136639755,-0.0017508282213911403,0.0,0.019924468199531847
W_N_0019,37,29,1,0.0,0.0,0.0349318785278234,0.0032065391168095508,0.0,0.0,0.0,0.0,0.000917981070574502,0.0,0.0,0.0,0.0,0.0,-0.000808229673031987,0.0,-0.00043977378136639755,-0.0016891239436034788,0.0,0.03611927131720559
W_N_0019,38,17,1,0.0,0.0,0.038864357389581355,0.002245148343440155,0.0,0.0,0.0,0.0,0.0017137937381067182,0.0,0.0,0.0,0.0,0.0,-0.0006167237444951362,0.0,-0.00043977378136639755,-0.003636481419296538,0.0,0.03813032052597015
W_N_0019,39,13,0,0.0,0.0,0.05347128583443433,0.002460949797591438,0.0,0.0,0.0,0.0,0.0017137937381067182,0.0,0.0,0.0,0.0,0.0,-0.0006300605471878554,0.0,-0.00043977378136639755,-0.004069356654589904,0.0,0.05250683838698832
W_N_0019,39,25,1,0.0,0.0,0.027922217646208707,0.0013148435118830112,0.0,0.0,0.0,0.0,0.0017137937381067182,0.0,0.0,0.0,0.0,0.0,-0.0017696440348799302,0.0,-0.00043977378136639755,-0.0015615738760543262,0.0,0.027179863203897786
W_N_0023,2,7,1,0.0,0.0,0.03145346890829876,0.0008167011959085393,0.0,0.0,0.0,0.0,0.0007400866045941602,0.0,0.0,0.0,0.0,0.0,-0.003047654898620589,0.0,-0.0006920920866956647,0.03018935947821974,0.0,0.05945986920170495
W_N_0023,2,8,0,0.0,0.0,0.05295312736182329,0.0010151670518923181,0.0,0.0,0.0,0.0,0.0005073890775622098,0.0,0.0,0.0,0.0,0.0,0.023844871552073515,0.0,-0.0006920920866956647,0.025880476839258974,0.0,0.10350893979591463
W_N_0023,4,13,1,0.0,0.0,-0.005562236950071871,0.0009496524001973806,0.0,0.0,0.0,0.0,0.0007400866045941602,0.0,0.0,0.0,0.0,0.0,0.02140088110058122,0.0,0.003923085543874002,0.022026244603034418,0.0,0.043477713302209314
W_N_0023,5,19,0,0.0,0.0,-0.003923228401529497,0.00350181522725312,0.0,0.0,0.0,0.0,0.0007400866045941602,0.0,0.0,0.0,0.0,0.0,-0.002178911727341092,0.0,-0.0006920920866956647,-0.002347870576172407,0.0,-0.00490020095989138
W_N_0023,5,20,0,0.0,0.0,0.051527759770094834,0.0014139664303172341,0.0,0.0,0.0,0.0,0.0007400866045941602,0.0,0.0,0.0,0.0,0.0,-0.0038473626161215023,0.0,-0.0006920920866956647,-0.0053630057270765445,0.0,0.043779352375112525
W_N_0023,6,13,1,0.0,0.0,-0.015102626207135608,0.0011046846306545627,0.0,0.0,0.0,0.0,-0.00023050508727753024,0.0,0.0,0.0,0.0,0.0,0.010742268504167506,0.0,0.003923085543874002,0.020109582771448843,0.0,0.020546490155731775
W_N_0023,6,19,0,0.0,0.0,-0.0009211733285518622,0.0029220027091013917,0.0,0.0,0.0,0.0,-0.00023050508727753024,0.0,0.0,0.0,0.0,0.0,-0.004108412744186307,0.0,0.003923085543874002,5.517835347701688e-05,0.0,0.001640175446436711
W_N_0023,6,21,0,0.0,0.0,0.046739967827848276,0.003311938538754699,0.0,0.0,0.0,0.0,0.0007400866045941602,0.0,0.0,0.0,0.0,0.0,-0.0032671598401009102,0.0,-0.0006920920866956647,-0.0022942489444421205,0.0,0.04453849209995844
W_N_0023,7,1,0,0.0,0.0,0.04634133938416072,0.002293548625045437,0.0,0.0,0.0,0.0,0.0007400866045941602,0.0,0.0,0.0,0.0,0.0,-0.0024282271467823773,0.0,0.003923085543874002,0.052027514457113774,0.0,0.10289734746800572
W_N_0023,7,17,0,0.0,0.0,-0.031446953441243215,0.001214373759838461,0.0,0.0,0.0,0.0,-0.00023050508727753024,0.0,0.0,0.0,0.0,0.0,0.02397337735145353,0.0,0.003923085543874002,0.016765928154737618,0.0,0.014199306281382863
W_N_0023,7,20,0,0.0,0.0,-0.006157889783230745,0.0014028352871671697,0.0,0.0,0.0,0.0,-0.00015906781518297468,0.0,0.0,0.0,0.0,0.0,-0.0008500421051416535,0.0,-0.0006920920866956647,-0.002658477428047672,0.0,-0.00911473393113154
W_N_0023,9,13,1,0.0,0.0,-0.05756589578932029,-0.019079274154883547,0.0,0.0,0.0,0.0,-0.00023050508727753024,0.0,0.0,0.0,0.0,0.0,-0.001159253175316231,0.0,0.003923085543874002,-0.0014196316145229412,0.0,-0.07553147427744653
W_N_0023,9,23,0,0.0,0.0,0.034049791577641146,0.0014521530073467672,0.0,0.0,0.0,0.0,0.00038484791659062085,0.0,0.0,0.0,0.0,0.0,-0.0006235751913246541,0.0,-0.0006920920866956647,-0.0034262731950727675,0.0,0.031144852028485454
W_N_0023,10,5,0,0.0,0.0,-0.015485817026149602,0.0029824403270319747,0.0,0.0,0.0,0.0,0.0005107217399381664,0.0,0.0,0.0,0.0,0.0,-0.0008140544814588316,0.0,-0.0006920920866956647,-0.005145797661641183,0.0,-0.01864459918897514
W_N_0023,10,9,1,0.0,0.0,-0.06272369126989127,-0.008863516675304387,0.0,0.0,0.0,0.0,-0.00023050508727753024,0.0,0.0,0.0,0.0,0.0,-0.00229104551649477,0.0,-0.0006920920866956647,-0.001879274431603788,0.0,-0.07668012506726742
W_N_0023,10,11,0,0.0,0.0,-0.08228566065384678,-0.009564134042893996,0.0,0.0,0.0,0.0,-0.00028170645247910654,0.0,0.0,0.0,0.0,0.0,0.00027983744658515586,0.0,0.003923085543874002,-0.0021797548098360987,0.0,-0.0901083329685968
W_N_0023,10,12,1,0.0,0.0,-0.038992623049448887,-0.015473326453952354,0.0,0.0,0.0,0.0,-0.00023050508727753024,0.0,0.0,0.0,0.0,0.0,0.00839746038717526,0.0,0.003923085543874002,-0.0031400652654696363,0.0,-0.045515973925099144
W_N_0023,11,17,0,0.0,0.0,-0.04785920898489893,-0.016215975162253943,0.0,0.0,0.0,0.0,-0.00023050508727753024,0.0,0.0,0.0,0.0,0.0,0.02825883607145942,0.0,0.003923085543874002,-0.0023467992404020204,0.0,-0.034470566859498994
W_N_0023,11,20,0,0.0,0.0,-0.03520066889343334,0.003802825287329748,0.0,0.0,0.0,0.0,-0.00015906781518297468,0.0,0.0,0.0,0.0,0.0,-0.00011618823108528771,0.0,-0.0006920920866956647,-0.002806904531382881,0.0,-0.0351720962704504
W_N_0023,11,21,0,0.0,0.0,-0.0018647877698958655,0.0015845804086697262,0.0,0.0,0.0,0.0,0.00038484791659062085,0.0,0.0,0.0,0.0,0.0,-0.0008370710238194479,0.0,-0.0006920920866956647,-0.002320989397368038,0.0,-0.003745511952518669
W_N_0023,17,2,1,0.0,0.0,0.0439696288486438,0.0012228467104158699,0.0,0.0,0.0,0.0,0.0005073890775622098,0.0,0.0,0.0,0.0,0.0,0.019933998969507146,0.0,-0.0006920920866956647,-0.0007991733022464817,0.0,0.06414259821718687
W_N_0023,17,3,0,0.0,0.0,0.038420560122356194,0.0013148435118830112,0.0,0.0,0.0,0.0,0.0005107217399381664,0.0,0.0,0.0,0.0,0.0,-0.0014158571926093922,0.0,-0.0006920920866956647,-0.004871553478895954,0.0,0.03326662261597636
W_N_0023,17,9,0,0.0,0.0,-0.02899250434673224,0.0005324167744240501,0.0,0.0,0.0,0.0,-0.00023050508727753024,0.0,0.0,0.0,0.0,0.0,-0.0028353156120296433,0.0,-0.0006920920866956647,-0.0021121499923758896,0.0,-0.034330150350686914
W_N_0023,17,18,0,0.0,0.0,-0.044501951580850484,0.0020563205686118862,0.0,0.0,0.0,0.0,-0.00015906781518297468,0.0,0.0,0.0,0.0,0.0,0.0016470254031615388,0.0,-0.0006920920866956647,-0.005337559366076124,0.0,-0.04698732487703182
W_N_0023,18,8,0,0.0,0.0,2.6088671970239968e-05,0.00346895203197992,0.0,0.0,0.0,0.0,-0.00023050508727753024,0.0,0.0,0.0,0.0,0.0,-0.002088369151387469,0.0,-0.0006920920866956647,-0.003154788127972225,0.0,-0.0026707137493827294
W_N_0023,18,16,0,0.0,0.0,-0.0413428864846715,0.001569422762701869,0.0,0.0,0.0,0.0,-0.00011986354306593903,0.0,0.0,0.0,0.0,0.0,-0.0017349484358543494,0.0,-0.0006920920866956647,-0.004625676058757959,0.0,-0.046946043846343544
W_N_0023,19,9,0,0.0,0.0,-0.017201205035947343,0.00175363218676278,0.0,0.0,0.0,0.0,0.0007400866045941602,0.0,0.0,0.0,0.0,0.0,-0.0007165715122258021,0.0,-0.0006920920866956647,-0.002039832848043096,0.0,-0.018155982691554967
W_N_0023,21,8,0,0.0,0.0,0.01689482177204674,0.0007400292374903135,0.0,0.0,0.0,0.0,0.0007400866045941602,0.0,0.0,0.0,0.0,0.0,-0.0013091947353866891,0.0,-0.0006920920866956647,-0.0032841921287996264,0.0,0.013089458663249232
W_N_0023,21,17,0,0.0,0.0,0.04352732715849419,0.0013067909433080484,0.0,0.0,0.0,0.0,0.0007400866045941602,0.0,0.0,0.0,0.0,0.0,-0.0017200630508588713,0.0,-0.0006920920866956647,-0.0039757586364453585,0.0,0.039186290932396506
W_N_0023,22,12,0,0.0,0.0,0.060807258531180554,0.0017547733080015744,0.0,0.0,0.0,0.0,0.0005073890775622098,0.0,0.0,0.0,0.0,0.0,0.0002919409384839922,0.0,-0.0006920920866956647,-0.004849657639793112,0.0,0.05781961212873954
W_N_0023,23,11,0,0.0,0.0,0.025718107351568254,0.001069749214414013,0.0,0.0,0.0,0.0,0.0007400866045941602,0.0,0.0,0.0,0.0,0.0,-0.002051565997043335,0.0,-0.0006920920866956647,-0.0015769896813690252,0.0,0.0232072954054684
W_N_0023,24,15,0,0.0,0.0,0.03833151826250027,0.0006227432440251189,0.0,0.0,0.0,0.0,0.0005107217399381664,0.0,0.0,0.0,0.0,0.0,-0.00036505752780735117,0.0,-0.0006920920866956647,-0.0003873807125156101,0.0,0.03802045291944494
W_N_0025,5,25,0,0.0,0.0,0.030135066578104528,0.0015926599870249329,0.0,0.0,0.0,0.0,0.00038484791659062085,0.0,0.0,0.0,0.0,0.0,-0.0024115062140063264,0.0,-0.0006920920866956647,-0.002709422432296269,0.0,0.026299553748721824
W_N_0025,6,16,1,0.0,0.0,-0.00031975159867487043,0.0018608705174149097,0.0,0.0,0.0,0.0,-0.00015906781518297468,0.0,0.0,0.0,0.0,0.0,0.0009105981499065313,0.0,-0.0006920920866956647,-0.0032640786958652752,0.0,-0.001663521529097344
W_N_0025,8,25,0,0.0,0.0,-0.009183182125072598,0.0009073639769405669,0.0,0.0,0.0,0.0,-0.00015906781518297468,0.0,0.0,0.0,0.0,0.0,0.0012097374755855976,0.0,-0.0006920920866956647,-0.00260478268518381,0.0,-0.010522023259608885
W_N_0025,8,28,1,0.0,0.0,0.04113829343078046,0.0012855528772162067,0.0,0.0,0.0,0.0,0.0005107217399381664,0.0,0.0,0.0,0.0,0.0,0.0009977720962653291,0.0,-0.0006920920866956647,-0.0014422604821759924,0.0,0.0417979875753285
W_N_0025,8,29,0,0.0,0.0,0.07240752345388576,0.0019700493589351656,0.0,0.0,0.0,0.0,0.0007400866045941602,0.0,0.0,0.0,0.0,0.0,0.0011452609915023157,0.0,-0.0006920920866956647,-0.002632729184137198,0.0,0.07293809913808454
W_N_0025,10,16,0,0.0,0.0,-0.05181242527522093,-0.00781670055397892,0.0,0.0,0.0,0.0,-0.00015802983445603304,0.0,0.0,0.0,0.0,0.0,-0.0010261720367366655,0.0,-0.0006920920866956647,-0.001654378076446444,0.0,-0.06315979786353466
W_N_0025,10,29,0,0.0,0.0,0.05520929812890068,0.0029504975376989174,0.0,0.0,0.0,0.0,0.0007400866045941602,0.0,0.0,0.0,0.0,0.0,-0.001110110145182702,0.0,-0.0006920920866956647,-0.003541453295277245,0.0,0.05355622674403814
W_N_0025,11,20,0,0.0,0.0,-0.03669183338340929,-0.014115949241494357,0.0,0.0,0.0,0.0,-0.00015802983445603304,0.0,0.0,0.0,0.0,0.0,-0.0030839500237496062,0.0,-0.0006920920866956647,-0.0019179724510222575,0.0,-0.05665982702082721
W_N_0025,12,13,1,0.0,0.0,-0.06066901726633194,-0.006708316248521481,0.0,0.0,0.0,0.0,-0.00011986354306593903,0.0,0.0,0.0,0.0,0.0,-0.001889646378980543,0.0,-0.0006920920866956647,-0.003957633877882302,0.0,-0.07403656940147786
W_N_0025,13,8,0,0.0,0.0,-0.0349081443954838,0.0037152034860333835,0.0,0.0,0.0,0.0,-0.00023050508727753024,0.0,0.0,0.0,0.0,0.0,-0.0030541376400995313,0.0,-0.0006920920866956647,-0.003645941969124074,0.0,-0.038815617692647214
W_N_0025,13,13,0,0.0,0.0,-0.0661091530931938,-0.006512316804420926,0.0,0.0,0.0,0.0,-0.00019333593670944356,0.0,0.0,0.0,0.0,0.0,-0.0008697496168357667,0.0,-0.0006920920866956647,-0.003404703407677266,0.0,-0.07778135094553287
W_N_0025,13,14,0,0.0,0.0,-0.053040389849883,-0.01541586459057875,0.0,0.0,0.0,0.0,-0.00023050508727753024,0.0,0.0,0.0,0.0,0.0,-0.003385361987590994,0.0,-0.0006920920866956647,-0.00517688830795053,0.0,-0.07794110190997647
W_N_0025,13,24,0,0.0,0.0,-0.06125719576836044,0.00107850258313491,0.0,0.0,0.0,0.0,-0.00015802983445603304,0.0,0.0,0.0,0.0,0.0,-0.0008861550773049578,0.0,-0.0006920920866956647,-0.004113993666827084,0.0,-0.06602896385050927
W_N_0025,14,13,0,0.0,0.0,-0.07794123918560833,-0.00399567363755206,0.0,0.0,0.0,0.0,-0.00023050508727753024,0.0,0.0,0.0,0.0,0.0,-0.001417578315745268,0.0,-0.0006920920866956647,-0.0032289750957945505,0.0,-0.0875060634086734
W_N_0025,14,20,0,0.0,0.0,-0.07092484359855532,-0.0074124093844438995,0.0,0.0,0.0,0.0,-0.00023050508727753024,0.0,0.0,0.0,0.0,0.0,-0.001004031876059409,0.0,-0.0006920920866956647,-0.004511766326184159,0.0,-0.08477564835921599
W_N_0025,14,30,0,0.0,0.0,0.05147793318228356,0.0007606985513129475,0.0,0.0,0.0,0.0,0.0007400866045941602,0.0,0.0,0.0,0.0,0.0,-0.0008100366579221306,0.0,-0.0006920920866956647,-0.00361982291706821,0.0,0.04785676667650467
W_N_0025,15,14,0,0.0,0.0,-0.060496744548940946,-0.01980763254028737,0.0,0.0,0.0,0.0,-0.00011986354306593903,0.0,0.0,0.0,0.0,0.0,-0.001217301084069523,0.0,-0.0006920920866956647,-0.003841207245733249,0.0,-0.0861748410487927
W_N_0025,15,19,0,0.0,0.0,-0.08400287356822761,-0.014504039113305993,0.0,0.0,0.0,0.0,-0.00023050508727753024,0.0,0.0,0.0,0.0,0.0,0.00136822681704487,0.0,-0.0006920920866956647,-0.004293637217324528,0.0,-0.10235492025578645
W_N_0025,16,23,0,0.0,0.0,-0.040785614643238835,-0.004751085681695141,0.0,0.0,0.0,0.0,-0.00023050508727753024,0.0,0.0,0.0,0.0,0.0,-0.0018191970764122646,0.0,-0.0006920920866956647,-0.0047869161485492315,0.0,-0.05306541072386867
W_N_0025,16,32,1,0.0,0.0,0.03263524770700956,0.006303809942490675,0.0,0.0,0.0,0.0,0.0009044796987777874,0.0,0.0,0.0,0.0,0.0,0.013274749301972262,0.0,-0.0006920920866956647,-0.00046902445178621376,0.0,0.05195717011176841
W_N_0025,18,12,0,0.0,0.0,-0.04151862363904759,-0.011855940817189523,0.0,0.0,0.0,0.0,-0.00023050508727753024,0.0,0.0,0.0,0.0,0.0,-0.0010775475671789651,0.0,-0.0006920920866956647,-0.0023586159688395556,0.0,-0.05773332516622883
W_N_0025,20,5,0,0.0,0.0,0.04525494915975073,0.0008226147423458748,0.0,0.0,0.0,0.0,0.0007400866045941602,0.0,0.0,0.0,0.0,0.0,-0.0010975653969064435,0.0,-0.0006920920866956647,-0.003525399952453048,0.0,0.041502593070635606
W_N_0025,20,12,0,0.0,0.0,-0.05737501570579927,0.0014261277952281593,0.0,0.0,0.0,0.0,-0.00023050508727753024,0.0,0.0,0.0,0.0,0.0,-0.0023247648103471475,0.0,-0.0006920920866956647,-0.0020099560659127013,0.0,-0.06120620596080415
W_N_0025,22,23,0,0.0,0.0,0.002091111007426442,0.0009996290915773084,0.0,0.0,0.0,0.0,-0.00015802983445603304,0.0,0.0,0.0,0.0,0.0,-0.0006420600206252061,0.0,-0.0006920920866956647,-0.003378667360712938,0.0,-0.0017801092034860915
W_N_0025,23,27,0,0.0,0.0,0.033085142307810914,0.002754163054550638,0.0,0.0,0.0,0.0,-0.00023050508727753024,0.0,0.0,0.0,0.0,0.0,-0.00013404251319375975,0.0,-0.0006920920866956647,-0.0020149324460729643,0.0,0.03276773322912163
W_N_0025,24,5,0,0.0,0.0,0.04175638529935056,0.001481113523843226,0.0,0.0,0.0,0.0,0.0007400866045941602,0.0,0.0,0.0,0.0,0.0,-0.0033635866121995168,0.0,0.003923085543874002,0.0599663692732122,0.0,0.10450345363267463
W_N_0025,25,6,0,0.0,0.0,0.05692345411057321,0.0005778014430460346,0.0,0.0,0.0,0.0,0.0005073890775622098,0.0,0.0,0.0,0.0,0.0,-7.248948719837487e-05,0.0,-0.0006920920866956647,-0.0020590695580417467,0.0,0.05518499349924567
W_N_0025,26,19,1,0.0,0.0,0.05462428721253879,0.0030056436145909408,0.0,0.0,0.0,0.0,0.0007400866045941602,0.0,0.0,0.0,0.0,0.0,-0.0015372795190364797,0.0,-0.0006920920866956647,-0.004028999961440041,0.0,0.052111645864551706
W_N_0025,27,14,0,0.0,0.0,0.051820029774307004,0.003367550917185753,0.0,0.0,0.0,0.0,0.0005073890775622098,0.0,0.0,0.0,0.0,0.0,-0.0020852118970748693,0.0,-0.0006920920866956647,-0.0016564685075091653,0.0,0.05126119727777527
W_N_0025,27,18,0,0.0,0.0,0.04670536984863936,0.0009985245400748455,0.0,0.0,0.0,0.0,0.0007400866045941602,0.0,0.0,0.0,0.0,0.0,-0.0009733427848168734,0.0,-0.0006920920866956647,-0.003713037877325251,0.0,0.04306550824447058
W_F_0003,1,13,1,0.0,0.0,0.046948385530652365,0.0017529664882236838,0.0,0.0,0.0,0.0,0.00038484791659062085,0.0,0.0,0.0,0.0,0.0,-0.0017146058696934235,0.0,-0.0006920920866956647,-0.0023187730635167653,0.0,0.044360728915560824
W_F_0003,1,14,0,0.0,0.0,0.04044555554535908,0.0008997731416420287,0.0,0.0,0.0,0.0,0.0007400866045941602,0.0,0.0,0.0,0.0,0.0,-0.0004539877334256157,0.0,-0.0006920920866956647,3.6055904182830936e-05,0.0,0.040975391375656825
W_F_0003,2,10,1,0.0,0.0,0.030881626570895215,0.0009340516240656618,0.0,0.0,0.0,0.0,0.0005107217399381664,0.0,0.0,0.0,0.0,0.0,-0.000888265276736951,0.0,-0.0006920920866956647,-0.0027818893295074648,0.0,0.027964153241958955
W_F_0003,2,11,0,0.0,0.0,0.04251159201138285,0.0017864602778297127,0.0,0.0,0.0,0.0,0.0007400866045941602,0.0,0.0,0.0,0.0,0.0,-0.002597530863975128,0.0,-0.0006920920866956647,-0.002014940493507856,0.0,0.03973357544962808
W_F_0003,2,16,1,0.0,0.0,0.053475663497739835,0.0012705318720103444,0.0,0.0,0.0,0.0,0.0007400866045941602,0.0,0.0,0.0,0.0,0.0,0.019525114322745965,0.0,0.003923085543874002,-0.0015380505696966941,0.0,0.07739643127126762
W_F_0003,3,9,1,0.0,0.0,0.04430862313068939,0.001711638807695475,0.0,0.0,0.0,0.0,0.0005107217399381664,0.0,0.0,0.0,0.0,0.0,-0.0022791958196100867,0.0,-0.0006920920866956647,-0.0006488305513944979,0.0,0.04291086522062278
W_F_0003,3,10,1,0.0,0.0,0.03710794399963865,0.0012173158816016455,0.0,0.0,0.0,0.0,0.0005107217399381664,0.0,0.0,0.0,0.0,0.0,-0.0011809965149117124,0.0,-0.0006920920866956647,-0.0048814161131226635,0.0,0.032081476906448414
W_F_0003,6,9,0,0.0,0.0,-0.004758867045737644,0.0027596889262887798,0.0,0.0,0.0,0.0,-0.00015802983445603304,0.0,0.0,0.0,0.0,0.0,-0.002528326048361169,0.0,-0.0006920920866956647,-0.0027924021977642688,0.0,-0.008170028286726
W_F_0003,6,16,0,0.0,0.0,-0.018026460402865246,0.0012486783580292788,0.0,0.0,0.0,0.0,-0.00015906781518297468,0.0,0.0,0.0,0.0,0.0,0.0009744383008792744,0.0,-0.0006920920866956647,-0.0045773897371429685,0.0,-0.021231893382978304
W_F_0003,6,18,0,0.0,0.0,-0.028134685878832118,0.001363797426317008,0.0,0.0,0.0,0.0,-0.00023050508727753024,0.0,0.0,0.0,0.0,0.0,-0.0018328757864140822,0.0,-0.0006920920866956647,-0.002476902152899443,0.0,-0.03200326356580183
W_F_0003,6,19,0,0.0,0.0,-0.006477483023629287,0.001022281508517184,0.0,0.0,0.0,0.0,-0.00028170645247910654,0.0,0.0,0.0,0.0,0.0,-0.001682284541883591,0.0,-0.0006920920866956647,-0.0037604757979427363,0.0,-0.011871760394113202
W_F_0003,6,20,0,0.0,0.0,-0.003543787721241768,0.0008507694983457647,0.0,0.0,0.0,0.0,-0.00015906781518297468,0.0,0.0,0.0,0.0,0.0,-0.0020360648171010424,0.0,0.003923085543874002,-0.00508444000826561,0.0,-0.006049505319571629
W_F_0003,6,22,0,0.0,0.0,0.038569787810447585,0.0025603627637458583,0.0,0.0,0.0,0.0,-0.00023050508727753024,0.0,0.0,0.0,0.0,0.0,0.006174134248933049,0.0,0.003923085543874002,-0.0002197944301219662,0.0,0.050777070849600994
W_F_0003,7,4,1,0.0,0.0,0.03596854472266247,0.0010898185886862308,0.0,0.0,0.0,0.0,0.0005107217399381664,0.0,0.0,0.0,0.0,0.0,-0.0004021881513384728,0.0,-0.0006920920866956647,-0.0054451663219038295,0.0,0.031029638491348897
W_F_0003,8,9,0,0.0,0.0,0.00562470355848186,0.0033181900859625526,0.0,0.0,0.0,0.0,-0.00023050508727753024,0.0,0.0,0.0,0.0,0.0,-0.0009476676377427967,0.0,-0.0006920920866956647,-0.002137941977617768,0.0,0.004934686855110652
W_F_0003,8,15,1,0.0,0.0,-0.015571683990399217,0.001512089162415351,0.0,0.0,0.0,0.0,-0.00023050508727753024,0.0,0.0,0.0,0.0,0.0,-0.0031653293733555497,0.0,-0.0006920920866956647,-0.005297514479649045,0.0,-0.023445035854961657
W_F_0003,8,26,1,0.0,0.0,0.03758029499754422,0.002928055312009493,0.0,0.0,0.0,0.0,0.0005073890775622098,0.0,0.0,0.0,0.0,0.0,0.011980905736777814,0.0,0.003923085543874002,0.04131914728556089,0.0,0.09823887795332863
W_F_0003,9,10,0,0.0,0.0,-0.041333964872660674,0.0012320733352443214,0.0,0.0,0.0,0.0,-0.00015906781518297468,0.0,0.0,0.0,0.0,0.0,-0.002547370069140297,0.0,-0.0006920920866956647,-0.0048078341003717365,0.0,-0.04830825560880703
W_F_0003,9,20,0,0.0,0.0,-0.010137349061579702,0.002928055312009493,0.0,0.0,0.0,0.0,-0.00015802983445603304,0.0,0.0,0.0,0.0,0.0,-0.001074316560505817,0.0,0.003923085543874002,-0.0023925684861289117,0.0,-0.006911123086786968
W_F_0003,10,2,1,0.0,0.0,0.027185840461546068,0.0012090616889295837,0.0,0.0,0.0,0.0,0.0005107217399381664,0.0,0.0,0.0,0.0,0.0,0.022248434193311337,0.0,-0.0006920920866956647,-0.0005319848188878937,0.0,0.0499299811781416
W_F_0003,10,11,0,0.0,0.0,-0.04665061311463325,-0.0021940481435807394,0.0,0.0,0.0,0.0,-0.00015802983445603304,0.0,0.0,0.0,0.0,0.0,-0.003850945010354511,0.0,-0.0006920920866956647,-0.0021069629294429774,0.0,-0.055652691119163177
W_F_0003,11,18,1,0.0,0.0,-0.045866620251224004,-0.01233547587622417,0.0,0.0,0.0,0.0,-0.00023050508727753024,0.0,0.0,0.0,0.0,0.0,-0.0009819414721057788,0.0,-0.0006920920866956647,-0.004800937430742281,0.0,-0.06490757220426943
W_F_0003,11,19,1,0.0,0.0,-0.06786079778707058,0.0030118080472772498,0.0,0.0,0.0,0.0,-0.00023050508727753024,0.0,0.0,0.0,0.0,0.0,-0.0015305836934315941,0.0,-0.0006920920866956647,-0.002281001277098531,0.0,-0.06958317188429664
W_F_0003,11,20,0,0.0,0.0,-0.033743752777646206,0.0008542668540504272,0.0,0.0,0.0,0.0,-0.00023050508727753024,0.0,0.0,0.0,0.0,0.0,-0.0014480766677143497,0.0,-0.0006920920866956647,-0.003040615491303629,0.0,-0.03830077525658695
W_F_0003,11,27,1,0.0,0.0,0.03605816026015359,0.0012228467104158699,0.0,0.0,0.0,0.0,0.0005107217399381664,0.0,0.0,0.0,0.0,0.0,0.018763360776398907,0.0,-0.0006920920866956647,-0.0007227163005120862,0.0,0.05514028109969878
W_F_0003,12,4,1,0.0,0.0,-0.0030561645931497156,0.0030790071581707702,0.0,0.0,0.0,0.0,0.0005073890775622098,0.0,0.0,0.0,0.0,0.0,-0.0013893795616360441,0.0,-0.0006920920866956647,-0.004320736190010119,0.0,-0.005871976195758563
W_F_0003,12,6,1,0.0,0.0,-0.0005500689272380668,0.0008670317291105534,0.0,0.0,0.0,0.0,-0.00015906781518297468,0.0,0.0,0.0,0.0,0.0,-0.0018587280368381756,0.0,-0.0006920920866956647,-0.002729970165876453,0.0,-0.005122895302720781
W_F_0003,13,6,1,0.0,0.0,-0.010583684134796514,0.0024502665849370398,0.0,0.0,0.0,0.0,-0.00023050508727753024,0.0,0.0,0.0,0.0,0.0,-0.0026782174731577566,0.0,-0.0006920920866956647,-0.003816855712064944,0.0,-0.015551087909055369
W_F_0003,13,8,1,0.0,0.0,-0.06263454444485576,0.0025603627637458583,0.0,0.0,0.0,0.0,-0.00015802983445603304,0.0,0.0,0.0,0.0,0.0,-0.0012846236467729554,0.0,-0.0006920920866956647,-0.00405175078525948,0.0,-0.06626067803429404
W_F_0003,13,16,0,0.0,0.0,-0.09680176485063267,-0.009119171727442078,0.0,0.0,0.0,0.0,-0.00023050508727753024,0.0,0.0,0.0,0.0,0.0,-0.0017296699646324827,0.0,-0.0006920920866956647,-0.003882730416231179,0.0,-0.1124559341329116
W_F_0003,14,10,1,0.0,0.0,-0.037229792095671926,-0.013812783391515022,0.0,0.0,0.0,0.0,-0.00015906781518297468,0.0,0.0,0.0,0.0,0.0,-0.0022644425657898457,0.0,-0.0006920920866956647,-0.002489214348952635,0.0,-0.05664739230380807
W_F_0003,14,19,1,0.0,0.0,-0.06332305527173113,-0.005730628664959049,0.0,0.0,0.0,0.0,-0.00015802983445603304,0.0,0.0,0.0,0.0,0.0,-0.0022056184261710536,0.0,-0.0006920920866956647,-0.002306765190022497,0.0,-0.07441618947403543
W_F_0003,14,28,0,0.0,0.0,0.04853597652338026,0.003101706817004153,0.0,0.0,0.0,0.0,0.0007400866045941602,0.0,0.0,0.0,0.0,0.0,0.008722591324681618,0.0,-0.0006920920866956647,0.0362390057514096,0.0,0.09664727493437412
W_F_0003,15,4,0,0.0,0.0,-0.013013981765514073,0.0011457150911196193,0.0,0.0,0.0,0.0,0.0007400866045941602,0.0,0.0,0.0,0.0,0.0,-0.003189282461962983,0.0,-0.0006920920866956647,-0.0022922337924556166,0.0,-0.017301788410914558
W_F_0003,15,16,0,0.0,0.0,-0.05609488083650315,-0.008177563369075878,0.0,0.0,0.0,0.0,-0.00023050508727753024,0.0,0.0,0.0,0.0,0.0,-0.0033952285789323883,0.0,-0.0006920920866956647,-0.004554819792209637,0.0,-0.07314508975069424
W_F_0003,16,0,1,0.0,0.0,0.03014221076933841,0.001022281508517184,0.0,0.0,0.0,0.0,0.0007400866045941602,0.0,0.0,0.0,0.0,0.0,0.0349500371601078,0.0,-0.0006920920866956647,-2.928445936445259e-05,0.0,0.06613323949649742
W_F_0003,16,9,0,0.0,0.0,-0.07818331813661356,-0.004083334809793796,0.0,0.0,0.0,0.0,-0.00023050508727753024,0.0,0.0,0.0,0.0,0.0,-0.002309306101285856,0.0,-0.0006920920866956647,-0.003702132207456663,0.0,-0.08920068842912306
W_F_0003,17,8,1,0.0,0.0,-0.03842599952803649,-0.004409184310174853,0.0,0.0,0.0,0.0,-0.00023050508727753024,0.0,0.0,0.0,0.0,0.0,0.0009977851969858464,0.0,-0.0006920920866956647,-0.0058671294770213855,0.0,-0.04862712529222008
W_F_0003,17,23,1,0.0,0.0,0.002905280348605962,0.001355274467298222,0.0,0.0,0.0,0.0,0.0007400866045941602,0.0,0.0,0.0,0.0,0.0,-0.001362259879581164,0.0,-0.0006920920866956647,-0.0038616216825035307,0.0,-0.0009153322282820149
W_F_0003,18,3,1,0.0,0.0,0.04618761817050752,0.0016817746793896175,0.0,0.0,0.0,0.0,0.0007400866045941602,0.0,0.0,0.0,0.0,0.0,-0.004251452180824863,0.0,0.003923085543874002,0.02983133488684433,0.0,0.07811244770438476
W_F_0003,18,20,1,0.0,0.0,-0.05067197844250174,0.004779439959645899,0.0,0.0,0.0,0.0,-0.00023050508727753024,0.0,0.0,0.0,0.0,0.0,-0.0012028305053323946,0.0,-0.0006920920866956647,-0.0024310888173807044,0.0,-0.050449054979542135
W_F_0003,18,23,0,0.0,0.0,0.0020976537161454985,0.0017010034858703817,0.0,0.0,0.0,0.0,0.0007400866045941602,0.0,0.0,0.0,0.0,0.0,-0.0032041262975526586,0.0,-0.0006920920866956647,-0.003921450686211681,0.0,-0.003278925263849964
W_F_0003,19,10,0,0.0,0.0,-0.06738393676582395,-0.005019997010983258,0.0,0.0,0.0,0.0,-0.00015802983445603304,0.0,0.0,0.0,0.0,0.0,0.00045667224197188506,0.0,-0.0006920920866956647,-0.0032986263315306027,0.0,-0.07609600978751764
W_F_0003,19,11,0,0.0,0.0,-0.058679045221506604,-0.008013260310921618,0.0,0.0,0.0,0.0,-0.00015906781518297468,0.0,0.0,0.0,0.0,0.0,-0.000612273439750387,0.0,-0.0006920920866956647,-0.0021959545312707895,0.0,-0.07035169340532804
W_F_0003,19,23,1,0.0,0.0,-0.0012606885914499101,0.0015086044260939082,0.0,0.0,0.0,0.0,0.0008969675304056708,0.0,0.0,0.0,0.0,0.0,-0.003496904190536704,0.0,-0.0006920920866956647,-0.0026763414946252427,0.0,-0.005720454406807943
W_F_0003,19,24,1,0.0,0.0,0.004280995987239745,0.0007851167273755354,0.0,0.0,0.0,0.0,0.0007400866045941602,0.0,0.0,0.0,0.0,0.0,-0.004580387604547017,0.0,-0.0006920920866956647,-0.003990912103925579,0.0,-0.0034571924759588197
W_F_0003,20,5,1,0.0,0.0,-0.005487932221411193,0.003039468060980663,0.0,0.0,0.0,0.0,0.0007400866045941602,0.0,0.0,0.0,0.0,0.0,-0.0012947814016124467,0.0,0.003923085543874002,-0.002323422990695337,0.0,-0.0014034964042701518
W_F_0003,20,14,1,0.0,0.0,-0.05114176778755534,-0.007703970706095671,0.0,0.0,0.0,0.0,-0.00023050508727753024,0.0,0.0,0.0,0.0,0.0,-0.0007948686995063988,0.0,-0.0006920920866956647,-0.002680544971586753,0.0,-0.06324374933871736
W_F_0003,20,21,1,0.0,0.0,-0.023322372595447297,0.0015687466069605675,0.0,0.0,0.0,0.0,-0.00023050508727753024,0.0,0.0,0.0,0.0,0.0,-0.0032381524233128464,0.0,-0.0006920920866956647,-0.0058824341534127935,0.0,-0.03179680973918557
W_F_0003,22,4,1,0.0,0.0,0.04535546948910741,0.0008744241138839287,0.0,0.0,0.0,0.0,0.0005073890775622098,0.0,0.0,0.0,0.0,0.0,0.0026571107270353207,0.0,0.003923085543874002,0.055091835214714995,0.0,0.10840931416617786
W_F_0003,22,8,1,0.0,0.0,0.01173069180484395,0.001186851501855814,0.0,0.0,0.0,0.0,-0.00015802983445603304,0.0,0.0,0.0,0.0,0.0,-0.0030034108886164337,0.0,-0.0006920920866956647,-0.004436604952899448,0.0,0.004627405544032184
W_F_0003,23,4,1,0.0,0.0,0.028856163249858346,0.0006291924374620163,0.0,0.0,0.0,0.0,0.0005107217399381664,0.0,0.0,0.0,0.0,0.0,0.02446388304603709,0.0,0.003923085543874002,0.030510667704897854,0.0,0.08889371372206747
W_F_0003,23,16,1,0.0,0.0,-0.018717312328921022,0.0014275306132209853,0.0,0.0,0.0,0.0,-0.00023050508727753024,0.0,0.0,0.0,0.0,0.0,-0.0003571465427091867,0.0,-0.0006920920866956647,-0.0018904097343064741,0.0,-0.020459935166688897
W_F_0003,24,7,1,0.0,0.0,0.02665663710542261,0.0015091003880715024,0.0,0.0,0.0,0.0,-0.00015802983445603304,0.0,0.0,0.0,0.0,0.0,-0.0027637405717497697,0.0,0.003923085543874002,-0.001969966665696374,0.0,0.027197085965465936
W_F_0003,24,25,1,0.0,0.0,0.042561454564903074,0.0038342647981288343,0.0,0.0,0.0,0.0,0.0007400866045941602,0.0,0.0,0.0,0.0,0.0,-0.00235373614081458,0.0,-0.0006920920866956647,-0.00352390130685062,0.0,0.040566076433265215
W_F_0003,25,8,0,0.0,0.0,0.008701944321071381,0.0015022392351944297,0.0,0.0,0.0,0.0,-0.00015802983445603304,0.0,0.0,0.0,0.0,0.0,-0.001792199583757494,0.0,-0.0006920920866956647,-0.0030287180784980467,0.0,0.004533143972858573
W_F_0003,25,18,1,0.0,0.0,-0.007063832553427313,0.001614968713689825,0.0,0.0,0.0,0.0,-0.00015802983445603304,0.0,0.0,0.0,0.0,0.0,-0.0015587573245951138,0.0,-0.0006920920866956647,-0.0029006436055141107,0.0,-0.010758386690998411
W_F_0003,26,5,0,0.0,0.0,0.03152974906685769,0.0011157024737990524,0.0,0.0,0.0,0.0,0.0005073890775622098,0.0,0.0,0.0,0.0,0.0,-0.0009182807494751824,0.0,-0.0006920920866956647,-0.0027388768352812993,0.0,0.028803590946766804
W_F_0003,26,6,1,0.0,0.0,0.05359229817649074,0.0014068763849533184,0.0,0.0,0.0,0.0,0.0007400866045941602,0.0,0.0,0.0,0.0,0.0,-0.0030650397882980474,0.0,-0.0006920920866956647,-8.487669360166743e-05,0.0,0.05189725259744284
W_F_0003,26,14,1,0.0,0.0,-0.0148208703988904,0.003173294040997262,0.0,0.0,0.0,0.0,0.0007400866045941602,0.0,0.0,0.0,0.0,0.0,-0.0023845336303517668,0.0,-0.0006920920866956647,-0.003973685502321711,0.0,-0.017957800972668123
W_F_0003,26,18,1,0.0,0.0,0.007538993475789112,0.0017330493217588426,0.0,0.0,0.0,0.0,0.0014932022458227158,0.0,0.0,0.0,0.0,0.0,-0.002384052231409298,0.0,0.003923085543874002,0.0006660230644984731,0.0,0.012970301420333846
W_F_0003,27,18,0,0.0,0.0,0.03198771282778642,0.0015733951067210582,0.0,0.0,0.0,0.0,0.0007400866045941602,0.0,0.0,0.0,0.0,0.0,0.01866372379895509,0.0,0.003923085543874002,0.019729098844563454,0.0,0.07661710272649419
W_F_0003,27,21,1,0.0,0.0,0.04982615150416096,0.0015077455392214837,0.0,0.0,0.0,0.0,0.0005107217399381664,0.0,0.0,0.0,0.0,0.0,-0.0011750737291957617,0.0,-0.0006920920866956647,-0.002183159123756187,0.0,0.047794293843672994
W_F_0003,27,23,1,0.0,0.0,0.04131542338287635,0.002928055312009493,0.0,0.0,0.0,0.0,0.0007400866045941602,0.0,0.0,0.0,0.0,0.0,-0.0032929659025150927,0.0,-0.0006920920866956647,-0.003197301791664093,0.0,0.037801205518605156
W_F_0003,28,7,1,0.0,0.0,0.039178686343103494,0.003268870032460337,0.0,0.0,0.0,0.0,0.0005073890775622098,0.0,0.0,0.0,0.0,0.0,-0.002204459131634041,0.0,-0.0006920920866956647,-0.0018991283117629862,0.0,0.038159265923033356
W_F_0003,28,13,1,0.0,0.0,0.0485017721793649,0.001249233248425637,0.0,0.0,0.0,0.0,0.0007400866045941602,0.0,0.0,0.0,0.0,0.0,0.02573890331876721,0.0,0.003923085543874002,0.04628802439545465,0.0,0.12644110529048058
W_F_0003,29,9,1,0.0,0.0,0.0414230496893036,0.001451559781077623,0.0,0.0,0.0,0.0,0.0005073890775622098,0.0,0.0,0.0,0.0,0.0,-0.002289183618726992,0.0,-0.0006920920866956647,0.00033146945727672086,0.0,0.04073219229979749
W_F_0003,29,21,0,0.0,0.0,0.06762132436528302,0.0015038782363219372,0.0,0.0,0.0,0.0,0.0007400866045941602,0.0,0.0,0.0,0.0,0.0,-0.00035436163577835274,0.0,-0.0006920920866956647,-0.0043721722301482465,0.0,0.06444666325357684
W_N_0002,0,16,1,0.0,0.0,0.048661546809605445,0.0010937697542261974,0.0,0.0,0.0,0.0,0.0007400866045941602,0.0,0.0,0.0,0.0,0.0,0.006455486736441028,0.0,0.003923085543874002,0.050069871035605285,0.0,0.11094384648434612
W_N_0002,1,14,1,0.0,0.0,0.026744332319735758,0.0009241608551625927,0.0,0.0,0.0,0.0,0.0005107217399381664,0.0,0.0,0.0,0.0,0.0,0.012834849741158066,0.0,0.003923085543874002,0.02267635061899014,0.0,0.06761350081885872
W_N_0002,1,16,1,0.0,0.0,0.0520295351703106,0.005308754357985349,0.0,0.0,0.0,0.0,0.00038484791659062085,0.0,0.0,0.0,0.0,0.0,0.005743844138911777,0.0,0.003923085543874002,0.04220290518536807,0.0,0.10959297231304042
W_N_0002,2,17,1,0.0,0.0,0.04232992573471994,0.0029288965673785476,0.0,0.0,0.0,0.0,0.0005073890775622098,0.0,0.0,0.0,0.0,0.0,-0.0017736481309252085,0.0,0.003923085543874002,-0.0006055845714446781,0.0,0.047310064221164815
W_N_0002,3,15,1,0.0,0.0,0.061161674205435404,0.00151854505793359,0.0,0.0,0.0,0.0,0.00038484791659062085,0.0,0.0,0.0,0.0,0.0,0.005734703269644893,0.0,0.003923085543874002,-0.0004975420379105823,0.0,0.07222531395556793
W_N_0002,3,18,1,0.0,0.0,0.042990086853540777,0.0015509343473079184,0.0,0.0,0.0,0.0,0.0007400866045941602,0.0,0.0,0.0,0.0,0.0,-0.0024656398933397983,0.0,-0.0006920920866956647,-0.005398902840458168,0.0,0.03672447298494923
W_N_0002,4,16,0,0.0,0.0,0.044166172419540725,0.0042102087846722005,0.0,0.0,0.0,0.0,0.0005107217399381664,0.0,0.0,0.0,0.0,0.0,-0.0012579854553524132,0.0,-0.0006920920866956647,-0.003162582030502582,0.0,0.043774443371600434
W_N_0002,5,8,1,0.0,0.0,0.04453381776022711,0.0012652017885470073,0.0,0.0,0.0,0.0,0.0007400866045941602,0.0,0.0,0.0,0.0,0.0,0.014501163225989102,0.0,0.003923085543874002,0.028792170912770112,0.0,0.0937555258360015
W_N_0002,5,15,1,0.0,0.0,0.004609728442743712,0.0007815245217876233,0.0,0.0,0.0,0.0,0.0007400866045941602,0.0,0.0,0.0,0.0,0.0,-0.00027883003474317577,0.0,-0.0006920920866956647,-0.0038224154964395705,0.0,0.0013380019512470843
W_N_0002,5,19,0,0.0,0.0,0.0060887890460489535,0.001398188331185698,0.0,0.0,0.0,0.0,0.0007400866045941602,0.0,0.0,0.0,0.0,0.0,-0.0017058380206308977,0.0,-0.0006920920866956647,-0.004358189393422601,0.0,0.0014709444810796493
W_N_0002,5,22,1,0.0,0.0,0.013559043617560017,0.0046081917662575455,0.0,0.0,0.0,0.0,0.0005107217399381664,0.0,0.0,0.0,0.0,0.0,-0.0011077958580946515,0.0,-0.0006920920866956647,-0.0027827495115933243,0.0,0.014095319667372083
W_N_0002,5,24,1,0.0,0.0,0.037005842739960076,0.0012825949443896355,0.0,0.0,0.0,0.0,0.0005073890775622098,0.0,0.0,0.0,0.0,0.0,-0.00017565250996736076,0.0,-0.0006920920866956647,-0.004721875885266019,0.0,0.03320620627998288
W_N_0002,5,25,0,0.0,0.0,0.05419764042834923,0.0038998404973420446,0.0,0.0,0.0,0.0,0.0007400866045941602,0.0,0.0,0.0,0.0,0.0,-0.003855643709074473,0.0,-0.0006920920866956647,-0.004272014156134535,0.0,0.050017817578380766
W_N_0002,5,27,1,0.0,0.0,0.05332449321676291,0.0010489812245158207,0.0,0.0,0.0,0.0,0.0007400866045941602,0.0,0.0,0.0,0.0,0.0,-0.0007004187385478713,0.0,-0.0006920920866956647,-0.00287259142621171,0.0,0.05084845879441764
W_N_0002,6,10,1,0.0,0.0,0.055816041664486914,0.0022625993560486165,0.0,0.0,0.0,0.0,-0.00023050508727753024,0.0,0.0,0.0,0.0,0.0,-0.0033118658241060228,0.0,-0.0006920920866956647,-0.0018691230771706825,0.0,0.051975054945285634
W_N_0002,6,14,1,0.0,0.0,0.008720298203358772,0.0016202627446019631,0.0,0.0,0.0,0.0,-0.00015802983445603304,0.0,0.0,0.0,0.0,0.0,-0.0011169917575838259,0.0,0.003923085543874002,-0.0016078583921712453,0.0,0.011380766507623633
W_N_0002,6,18,1,0.0,0.0,-0.0057563791758026865,0.002916817349788022,0.0,0.0,0.0,0.0,-0.00023050508727753024,0.0,0.0,0.0,0.0,0.0,-0.001197923536639575,0.0,-0.0006920920866956647,-0.005547776008708965,0.0,-0.0105078585453364
W_N_0002,6,22,1,0.0,0.0,-0.0032648025651781736,0.0014390706454512452,0.0,0.0,0.0,0.0,-0.00023050508727753024,0.0,0.0,0.0,0.0,0.0,-0.0020886838206788942,0.0,-0.0006920920866956647,-0.0019591493767326987,0.0,-0.006796162291111716
W_N_0002,7,6,1,0.0,0.0,0.04149370516837707,0.0012039786443949234,0.0,0.0,0.0,0.0,-0.00015906781518297468,0.0,0.0,0.0,0.0,0.0,0.014761038479826452,0.0,0.003923085543874002,0.017870910578315125,0.0,0.07909365059960459
W_N_0002,7,12,1,0.0,0.0,-0.0037225097730774056,0.003942297418428908,0.0,0.0,0.0,0.0,-0.00023050508727753024,0.0,0.0,0.0,0.0,0.0,-0.0008776047767600196,0.0,0.003923085543874002,-0.0031672500752238154,0.0,-0.0001324867500358609
W_N_0002,8,18,1,0.0,0.0,-0.02362190675933552,0.0020798700480488845,0.0,0.0,0.0,0.0,-0.00023050508727753024,0.0,0.0,0.0,0.0,0.0,-0.0024124619992167743,0.0,-0.0006920920866956647,-0.004002945151994173,0.0,-0.02888004103647078
W_N_0002,8,24,0,0.0,0.0,-0.015961735290909967,0.002677418104765954,0.0,0.0,0.0,0.0,-0.00015802983445603304,0.0,0.0,0.0,0.0,0.0,-0.0032905044968248513,0.0,-0.0006920920866956647,-0.001669437571830467,0.0,-0.019094381175951032
W_N_0002,9,6,1,0.0,0.0,0.032223478085489206,0.0015431369972815918,0.0,0.0,0.0,0.0,-0.00015906781518297468,0.0,0.0,0.0,0.0,0.0,-0.0009350703136994322,0.0,0.003923085543874002,-0.0026987343780422246,0.0,0.03389682811972017
W_N_0002,9,11,1,0.0,0.0,0.013748210311305,0.0045394127962837235,0.0,0.0,0.0,0.0,-0.00015906781518297468,0.0,0.0,0.0,0.0,0.0,-0.00041032675585461764,0.0,-0.0006920920866956647,-0.004329785851384707,0.0,0.012696350598470756
W_N_0002,9,22,1,0.0,0.0,-0.03191921925588704,0.0009358397327717367,0.0,0.0,0.0,0.0,-0.00011986354306593903,0.0,0.0,0.0,0.0,0.0,-0.0027269463778012227,0.0,-0.0006920920866956647,-0.0022076987510243535,0.0,-0.03672998028170248
W_N_0002,9,28,1,0.0,0.0,0.021448127509796352,0.0011522786591892655,0.0,0.0,0.0,0.0,-0.00023050508727753024,0.0,0.0,0.0,0.0,0.0,-0.0015512814280710361,0.0,-0.0006920920866956647,-0.0032324712794626026,0.0,0.01689405628747878
W_N_0002,10,8,0,0.0,0.0,0.018221213426852078,0.0024235541250331874,0.0,0.0,0.0,0.0,-0.00023050508727753024,0.0,0.0,0.0,0.0,0.0,-0.0013216856314033174,0.0,-0.0006920920866956647,-0.00409169324509155,0.0,0.014308791501417199
W_N_0002,10,20,1,0.0,0.0,-0.054765464750337764,0.0008448396921917431,0.0,0.0,0.0,0.0,-0.00023050508727753024,0.0,0.0,0.0,0.0,0.0,0.00010370139957830011,0.0,-0.0006920920866956647,-0.0018506184768338927,0.0,-0.05659013930937481
W_N_0002,10,30,1,0.0,0.0,0.029422679525916685,0.0024633393724687357,0.0,0.0,0.0,0.0,-0.00023050508727753024,0.0,0.0,0.0,0.0,0.0,-0.001270588483815884,0.0,-0.0006920920866956647,-0.0019209707090386357,0.0,0.02777186253155771
W_N_0002,11,14,1,0.0,0.0,-0.04920222747709397,0.0031631311289426808,0.0,0.0,0.0,0.0,-0.00023050508727753024,0.0,0.0,0.0,0.0,0.0,-0.001718308282435504,0.0,-0.0006920920866956647,-0.0037108979756957624,0.0,-0.052390899780255754
W_N_0002,11,16,1,0.0,0.0,-0.068502356255619,-0.0029232985472947984,0.0,0.0,0.0,0.0,-0.00015802983445603304,0.0,0.0,0.0,0.0,0.0,-0.0032087460319996848,0.0,0.003923085543874002,-0.004265564855174963,0.0,-0.07513490998067046
W_N_0002,11,24,0,0.0,0.0,-0.02313047154058243,0.0032643979970810475,0.0,0.0,0.0,0.0,-0.00023050508727753024,0.0,0.0,0.0,0.0,0.0,0.00011447754765588719,0.0,-0.0006920920866956647,-0.003048633171383312,0.0,-0.023722826341202003
W_N_0002,12,4,1,0.0,0.0,0.046788501440050076,0.0009022187303318822,0.0,0.0,0.0,0.0,0.0005107217399381664,0.0,0.0,0.0,0.0,0.0,-0.0007996122288386103,0.0,-0.0006920920866956647,-0.0034463430231716384,0.0,0.04326339457161421
W_N_0002,12,11,0,0.0,0.0,-0.028757059072605725,0.0027375469539333763,0.0,0.0,0.0,0.0,-0.00015802983445603304,0.0,0.0,0.0,0.0,0.0,-0.0009250377018507011,0.0,-0.0006920920866956647,-0.0027581837628637682,0.0,-0.03055285550453852
W_N_0002,12,16,1,0.0,0.0,-0.05187367371313298,-0.0024036482660559784,0.0,0.0,0.0,0.0,-0.00015802983445603304,0.0,0.0,0.0,0.0,0.0,-0.0006041053129987117,0.0,-0.0006920920866956647,-0.003385151442718305,0.0,-0.05911670065605767
W_N_0002,12,23,1,0.0,0.0,-0.03413526999277824,0.0017405316134525958,0.0,0.0,0.0,0.0,-0.00015802983445603304,0.0,0.0,0.0,0.0,0.0,0.011013546785087116,0.0,-0.0006920920866956647,-0.0014583702851862952,0.0,-0.02368968380057652
W_N_0002,12,27,1,0.0,0.0,-0.01335363306591537,0.002960400059111127,0.0,0.0,0.0,0.0,-0.00015802983445603304,0.0,0.0,0.0,0.0,0.0,-0.0010677100804186617,0.0,-0.0006920920866956647,-0.0018403652378613153,0.0,-0.014151430246235917
W_N_0002,13,6,1,0.0,0.0,0.01783049142229866,0.002865980693035022,0.0,0.0,0.0,0.0,-0.00023050508727753024,0.0,0.0,0.0,0.0,0.0,-0.0035841035849339276,0.0,-0.0006920920866956647,-0.0034703600514685777,0.0,0.012719411304957979
W_N_0002,13,9,1,0.0,0.0,-0.0034404263445479274,0.00568509430139254,0.0,0.0,0.0,0.0,-0.00023050508727753024,0.0,0.0,0.0,0.0,0.0,-0.0009093244795655213,0.0,-0.0006920920866956647,-0.003758173159360065,0.0,-0.003345426856054169
W_N_0002,13,32,1,0.0,0.0,0.04312835434860456,0.001112695932273029,0.0,0.0,0.0,0.0,0.0007400866045941602,0.0,0.0,0.0,0.0,0.0,-0.00408742430512032,0.0,-0.0006920920866956647,-0.0025926806659357414,0.0,0.037608939827720025
W_N_0002,13,33,1,0.0,0.0,0.04158964209122123,0.002051618039143121,0.0,0.0,0.0,0.0,0.0007400866045941602,0.0,0.0,0.0,0.0,0.0,-0.002200197808942839,0.0,-0.0006920920866956647,-0.0036411374767730195,0.0,0.037847919362546986
W_N_0002,13,34,1,0.0,0.0,0.0462654752427314,0.0027642477367138263,0.0,0.0,0.0,0.0,0.0007400866045941602,0.0,0.0,0.0,0.0,0.0,-0.0020767827217596426,0.0,-0.0006920920866956647,-0.003071923381061929,0.0,0.04392901139452215
W_N_0002,14,7,1,0.0,0.0,-0.00670698774353959,0.001708933700743675,0.0,0.0,0.0,0.0,-0.00015802983445603304,0.0,0.0,0.0,0.0,0.0,-0.003324513169006047,0.0,-0.0006920920866956647,-0.0018073393823922646,0.0,-0.010980028515345925
W_N_0002,15,8,0,0.0,0.0,-0.008789558062310713,0.0050571774501841265,0.0,0.0,0.0,0.0,-0.00023050508727753024,0.0,0.0,0.0,0.0,0.0,-0.004835774320717594,0.0,-0.0006920920866956647,-0.0034714592875542834,0.0,-0.01296221139437166
W_N_0002,15,19,0,0.0,0.0,-0.08298877745001051,-0.01881684055613929,0.0,0.0,0.0,0.0,-0.00015906781518297468,0.0,0.0,0.0,0.0,0.0,-0.001850993754074936,0.0,-0.0006920920866956647,-0.003004904312705845,0.0,-0.10751267597480924
W_N_0002,15,23,0,0.0,0.0,-0.07428018923203496,-0.0072403522777160344,0.0,0.0,0.0,0.0,-0.00015802983445603304,0.0,0.0,0.0,0.0,0.0,-0.0014683787194008121,0.0,-0.0006920920866956647,-0.003725026964475726,0.0,-0.08756406911477924
W_N_0002,15,27,0,0.0,0.0,-0.05902142252423414,0.004173344193158148,0.0,0.0,0.0,0.0,-0.00011986354306593903,0.0,0.0,0.0,0.0,0.0,-0.0040478126831861,0.0,-0.0006920920866956647,-0.004221045473997054,0.0,-0.06392889211802075
W_N_0002,16,3,1,0.0,0.0,0.022595547353481446,0.0015109099414097455,0.0,0.0,0.0,0.0,0.0005107217399381664,0.0,0.0,0.0,0.0,0.0,-0.0006597261896524805,0.0,0.003923085543874002,-5.368665769719006e-05,0.0,0.02782685173135369
W_N_0002,16,11,0,0.0,0.0,-0.06858775263903864,-0.0023181556735455745,0.0,0.0,0.0,0.0,-0.00023050508727753024,0.0,0.0,0.0,0.0,0.0,-0.000687967934728453,0.0,-0.0006920920866956647,-0.0028858361238454523,0.0,-0.07540230954513132
W_N_0002,16,34,1,0.0,0.0,0.05586191129369056,0.0010201048123388676,0.0,0.0,0.0,0.0,0.0007400866045941602,0.0,0.0,0.0,0.0,0.0,0.008483571589407112,0.0,-0.0006920920866956647,-0.0030271818726754053,0.0,0.06238640034065962
W_N_0002,17,17,0,0.0,0.0,-0.05491539960238197,-0.005006000808411336,0.0,0.0,0.0,0.0,-0.0004650681580503844,0.0,0.0,0.0,0.0,0.0,-0.0022739802268229004,0.0,-0.0006920920866956647,-0.003880075556206678,0.0,-0.06723261643856893
W_N_0002,17,29,1,0.0,0.0,-0.00018322777121020767,0.000574334380276238,0.0,0.0,0.0,0.0,-0.00023050508727753024,0.0,0.0,0.0,0.0,0.0,-0.0009579763023013078,0.0,-0.0006920920866956647,-0.001557866813713297,0.0,-0.0030473336809217696
W_N_0002,18,6,0,0.0,0.0,-0.00842265165280641,0.004740893528012918,0.0,0.0,0.0,0.0,-0.00015906781518297468,0.0,0.0,0.0,0.0,0.0,-0.0005932285450845648,0.0,-0.0006920920866956647,-0.0017881387855967386,0.0,-0.006914285357353434
W_N_0002,18,26,1,0.0,0.0,-0.053066337920358385,0.002991761121173922,0.0,0.0,0.0,0.0,-0.00023050508727753024,0.0,0.0,0.0,0.0,0.0,0.0005314210528642132,0.0,-0.0006920920866956647,-0.003907403916028979,0.0,-0.05437315683632243
W_N_0002,18,27,0,0.0,0.0,-0.05113938564627508,0.002440299583069817,0.0,0.0,0.0,0.0,-0.00015802983445603304,0.0,0.0,0.0,0.0,0.0,-0.0029711825547339052,0.0,-0.0006920920866956647,-0.003638851128298147,0.0,-0.05615924166738902
W_N_0002,18,33,0,0.0,0.0,0.027661889849400337,0.0016961993505838983,0.0,0.0,0.0,0.0,0.0009044796987777874,0.0,0.0,0.0,0.0,0.0,-0.0023465410646407946,0.0,-0.0006920920866956647,-0.003963464614516455,0.0,0.02326047113290911
W_N_0002,19,19,0,0.0,0.0,-0.07422597531266417,-0.007375582605508208,0.0,0.0,0.0,0.0,-0.00023050508727753024,0.0,0.0,0.0,0.0,0.0,-0.002292351432290346,0.0,-0.0006920920866956647,-0.005626778493574023,0.0,-0.09044328501800994
W_N_0002,19,34,1,0.0,0.0,0.04349568957638653,0.0022766316557089944,0.0,0.0,0.0,0.0,0.0007400866045941602,0.0,0.0,0.0,0.0,0.0,-0.0011440847028358337,0.0,-0.0006920920866956647,0.00032881270654536014,0.0,0.04500504375370355
W_N_0002,20,1,1,0.0,0.0,0.03940962197097388,0.001168491060600782,0.0,0.0,0.0,0.0,0.0005107217399381664,0.0,0.0,0.0,0.0,0.0,0.02212556155984872,0.0,0.003923085543874002,0.014225888832805044,0.0,0.08136337070804059
W_N_0002,20,2,1,0.0,0.0,0.04970344381709923,0.0020320188953810007,0.0,0.0,0.0,0.0,0.0007400866045941602,0.0,0.0,0.0,0.0,0.0,0.0267486507771129,0.0,0.003923085543874002,0.022627953347335174,0.0,0.10577523898539648
W_N_0002,20,6,0,0.0,0.0,0.013507481189668775,0.0041010104034322,0.0,0.0,0.0,0.0,-0.00015906781518297468,0.0,0.0,0.0,0.0,0.0,-0.002053510283169481,0.0,-0.0006920920866956647,-0.003417468098076624,0.0,0.011286353309976231
W_N_0002,20,9,0,0.0,0.0,-0.04744939643845983,0.0009583890165365652,0.0,0.0,0.0,0.0,-0.00023050508727753024,0.0,0.0,0.0,0.0,0.0,-0.002604419109218025,0.0,-0.0006920920866956647,-0.0026037931817372018,0.0,-0.052621816886851684
W_N_0002,20,28,1,0.0,0.0,-0.019654199442000204,0.0007778831848256921,0.0,0.0,0.0,0.0,-0.00011986354306593903,0.0,0.0,0.0,0.0,0.0,0.001966612033816519,0.0,-0.0006920920866956647,-0.00195679228903163,0.0,-0.01967845214215123
W_N_0002,21,9,0,0.0,0.0,-0.0568656193515672,0.0011481658898896156,0.0,0.0,0.0,0.0,-0.00023050508727753024,0.0,0.0,0.0,0.0,0.0,-0.001075678701772253,0.0,-0.0006920920866956647,-0.0029142796069502462,0.0,-0.06063000894437328
W_N_0002,21,15,1,0.0,0.0,-0.060973587522336385,-0.004639974522074909,0.0,0.0,0.0,0.0,-0.00023050508727753024,0.0,0.0,0.0,0.0,0.0,-0.0005507874529014171,0.0,-0.0006920920866956647,-0.004242940982626256,0.0,-0.07132988765391217
W_N_0002,21,30,1,0.0,0.0,-0.00247488260989338,0.002766334996579645,0.0,0.0,0.0,0.0,-0.00023050508727753024,0.0,0.0,0.0,0.0,0.0,0.0007019070881958836,0.0,-0.0006920920866956647,-0.002531965214777068,0.0,-0.0024612029138681144
W_N_0002,21,35,1,0.0,0.0,0.04712439082029491,0.001086340710796207,0.0,0.0,0.0,0.0,0.0007400866045941602,0.0,0.0,0.0,0.0,0.0,0.03772921012581525,0.0,-0.0006920920866956647,0.0028666566363563756,0.0,0.08885459281116125
W_N_0002,22,9,1,0.0,0.0,-0.05343674518149497,0.0014316953533976197,0.0,0.0,0.0,0.0,-0.00023050508727753024,0.0,0.0,0.0,0.0,0.0,-0.0011405790291695132,0.0,-0.0006920920866956647,-0.004676694266987708,0.0,-0.05874492029822777
W_N_0002,22,15,1,0.0,0.0,-0.06464247784714632,-0.007097163512424124,0.0,0.0,0.0,0.0,-0.00011986354306593903,0.0,0.0,0.0,0.0,0.0,-0.0020355578499238803,0.0,-0.0006920920866956647,-0.0016160207867409843,0.0,-0.0762031756259969
W_N_0002,22,20,1,0.0,0.0,-0.082391526733425,-0.018375481590319064,0.0,0.0,0.0,0.0,-0.00015906781518297468,0.0,0.0,0.0,0.0,0.0,-0.0031428602078854766,0.0,-0.0006920920866956647,-0.0034762562219134213,0.0,-0.10823728465542158
W_N_0002,22,28,1,0.0,0.0,-0.022948862864855583,0.0009745455297555329,0.0,0.0,0.0,0.0,-0.00015802983445603304,0.0,0.0,0.0,0.0,0.0,-0.0002731575767717887,0.0,-0.0006920920866956647,-0.00357493128327943,0.0,-0.02667252811630297
W_N_0002,22,30,1,0.0,0.0,-0.01180922039822371,0.004121821540777169,0.0,0.0,0.0,0.0,-0.00015906781518297468,0.0,0.0,0.0,0.0,0.0,-0.0008195793545948919,0.0,-0.0006920920866956647,-0.001486254563779793,0.0,-0.010844392677699866
W_N_0002,22,33,1,0.0,0.0,0.025654445963974364,0.000785358245059806,0.0,0.0,0.0,0.0,0.0005107217399381664,0.0,0.0,0.0,0.0,0.0,-0.001135043153695725,0.0,-0.0006920920866956647,-0.0033232383490803905,0.0,0.02180015235950055
W_N_0002,23,2,1,0.0,0.0,0.03132143151964772,0.001708933700743675,0.0,0.0,0.0,0.0,0.0007400866045941602,0.0,0.0,0.0,0.0,0.0,0.010676207127845677,0.0,0.003923085543874002,0.015592570398993788,0.0,0.06396231489569902
W_N_0002,23,11,1,0.0,0.0,-0.042495702001344525,-0.012115576327036522,0.0,0.0,0.0,0.0,-0.00015906781518297468,0.0,0.0,0.0,0.0,0.0,-0.0006240954204359683,0.0,-0.0006920920866956647,-0.003095428875959568,0.0,-0.05918196252665522
W_N_0002,25,20,1,0.0,0.0,-0.06257565887490359,-0.01847177301397423,0.0,0.0,0.0,0.0,-0.00015802983445603304,0.0,0.0,0.0,0.0,0.0,-0.0015772411138529915,0.0,-0.0006920920866956647,-0.003714632811455677,0.0,-0.08718942773533818
W_N_0002,25,21,1,0.0,0.0,-0.08198508175311237,-0.009654648492252935,0.0,0.0,0.0,0.0,-0.00023050508727753024,0.0,0.0,0.0,0.0,0.0,0.0006426175802264072,0.0,-0.0006920920866956647,-0.0022248216874976292,0.0,-0.09414453152660972
W_N_0002,25,23,1,0.0,0.0,-0.06307664387350083,-0.00537773452064646,0.0,0.0,0.0,0.0,-0.00015802983445603304,0.0,0.0,0.0,0.0,0.0,-0.001921139737624798,0.0,-0.0006920920866956647,-0.003241738072984139,0.0,-0.07446737812590794
W_N_0002,25,31,1,0.0,0.0,0.0497915681395363,0.0012045623714850276,0.0,0.0,0.0,0.0,0.0005073890775622098,0.0,0.0,0.0,0.0,0.0,-0.0002401212797710389,0.0,0.003923085543874002,-0.002007962354457042,0.0,0.053178521498229464
W_N_0002,26,12,1,0.0,0.0,-0.033773481962233134,0.0027375469539333763,0.0,0.0,0.0,0.0,-0.00023050508727753024,0.0,0.0,0.0,0.0,0.0,-0.0020414227038584158,0.0,-0.0006920920866956647,-0.003780576123494811,0.0,-0.03778053100962618
W_N_0002,26,26,1,0.0,0.0,-0.03538685766035946,0.0019218100052122748,0.0,0.0,0.0,0.0,-0.00023050508727753024,0.0,0.0,0.0,0.0,0.0,-0.0007907761104504164,0.0,-0.0006920920866956647,-0.004424637815530804,0.0,-0.0396030587551016
W_N_0002,26,33,1,0.0,0.0,0.04388621409356403,0.0012334263036951724,0.0,0.0,0.0,0.0,0.0005073890775622098,0.0,0.0,0.0,0.0,0.0,0.008799876079003597,0.0,-0.0006920920866956647,0.00014906958519701578,0.0,0.053883883052326366
W_N_0002,27,14,1,0.0,0.0,-0.023718375257215703,0.0013955540639730142,0.0,0.0,0.0,0.0,-0.00015906781518297468,0.0,0.0,0.0,0.0,0.0,-0.0009812427175006314,0.0,-0.0006920920866956647,-0.003211847709825034,0.0,-0.027367071522446995
W_N_0002,27,24,1,0.0,0.0,-0.045341652585111074,0.0016795979832113013,0.0,0.0,0.0,0.0,-0.00015802983445603304,0.0,0.0,0.0,0.0,0.0,-0.003607487616172797,0.0,-0.0006920920866956647,-0.0029764539551402603,0.0,-0.05109611809436453
W_N_0002,27,30,1,0.0,0.0,0.03384902346853022,0.0028046940474593684,0.0,0.0,0.0,0.0,-0.00023050508727753024,0.0,0.0,0.0,0.0,0.0,-0.0013172363816184927,0.0,-0.0006920920866956647,-0.003591612647121439,0.0,0.03082227131327646
W_N_0002,28,3,0,0.0,0.0,0.04973238362346403,0.0026924669938840377,0.0,0.0,0.0,0.0,0.0008969675304056708,0.0,0.0,0.0,0.0,0.0,-0.003626859447331927,0.0,-0.0006920920866956647,-0.003620283137955883,0.0,0.04538258347577026
W_N_0002,28,11,1,0.0,0.0,-0.0038095298661575973,0.0016122593320837398,0.0,0.0,0.0,0.0,-0.00023050508727753024,0.0,0.0,0.0,0.0,0.0,-0.0020672844635380725,0.0,-0.0006920920866956647,-0.003284869757613664,0.0,-0.008472021929198789
W_N_0002,28,16,1,0.0,0.0,-0.06039164493831306,0.000530225187776857,0.0,0.0,0.0,0.0,-0.00015802983445603304,0.0,0.0,0.0,0.0,0.0,-0.0016714823643685947,0.0,0.003923085543874002,-0.0009691576351230719,0.0,-0.0587370040406099
W_N_0002,29,5,1,0.0,0.0,0.049933781957258415,0.0026411012862898216,0.0,0.0,0.0,0.0,0.0007400866045941602,0.0,0.0,0.0,0.0,0.0,0.007392922716338392,0.0,-0.0006920920866956647,0.0010349300218178807,0.0,0.06105073049960301
W_N_0002,29,8,1,0.0,0.0,0.015382716695086378,0.0025559259763678743,0.0,0.0,0.0,0.0,-0.00023050508727753024,0.0,0.0,0.0,0.0,0.0,-0.0003190207879716377,0.0,-0.0006920920866956647,-0.0030942280831111873,0.0,0.013602796626398227
W_N_0002,29,18,1,0.0,0.0,-0.049908457036297524,0.0045310097633322445,0.0,0.0,0.0,0.0,-0.00023050508727753024,0.0,0.0,0.0,0.0,0.0,-0.0033789742856123353,0.0,-0.0006920920866956647,-0.003727230368630964,0.0,-0.05340624910118177
W_N_0002,29,25,1,0.0,0.0,-0.019343972610879796,0.004224198375978021,0.0,0.0,0.0,0.0,-0.00023050508727753024,0.0,0.0,0.0,0.0,0.0,-0.0023169300666007224,0.0,-0.0006920920866956647,-0.0038863698722973027,0.0,-0.022245671347772993
W_N_0002,30,9,1,0.0,0.0,0.03874160603388141,0.0009649203757999009,0.0,0.0,0.0,0.0,-0.00011986354306593903,0.0,0.0,0.0,0.0,0.0,-0.002483708468547656,0.0,-0.0006920920866956647,-0.003630869196343607,0.0,0.032779993115028445
W_N_0002,30,31,1,0.0,0.0,0.03300929399098798,0.0011743819101567117,0.0,0.0,0.0,0.0,0.0005073890775622098,0.0,0.0,0.0,0.0,0.0,-0.0018257067592938575,0.0,0.003923085543874002,0.01646207369538605,0.0,0.0532505174586731
W_N_0002,30,32,1,0.0,0.0,0.07664952146893657,0.0029313472447381563,0.0,0.0,0.0,0.0,0.0005107217399381664,0.0,0.0,0.0,0.0,0.0,-0.003654706957081457,0.0,-0.0006920920866956647,-0.0026217592964288727,0.0,0.0731230321134069
W_N_0002,31,6,1,0.0,0.0,0.03092463530120913,0.0007385216362696802,0.0,0.0,0.0,0.0,-0.00015906781518297468,0.0,0.0,0.0,0.0,0.0,-0.017109257127790146,0.0,0.003923085543874002,0.0030127470837674965,0.0,0.021330664622147184
W_N_0002,32,6,1,0.0,0.0,0.031197626825307485,0.0028078430272982604,0.0,0.0,0.0,0.0,-0.00023050508727753024,0.0,0.0,0.0,0.0,0.0,0.008268809455718708,0.0,0.003923085543874002,0.0209549603327503,0.0,0.06692182009767123
W_N_0002,32,13,0,0.0,0.0,0.016090288347738343,0.00445232085338376,0.0,0.0,0.0,0.0,-0.00023050508727753024,0.0,0.0,0.0,0.0,0.0,-0.003199138341466335,0.0,0.003923085543874002,0.0009893763771717389,0.0,0.022025427693423975
W_N_0002,32,18,1,0.0,0.0,-0.0068308247254307616,0.0018682836873541657,0.0,0.0,0.0,0.0,-0.00023050508727753024,0.0,0.0,0.0,0.0,0.0,-0.0008673671384894287,0.0,-0.0006920920866956647,-0.0035561182077909472,0.0,-0.010308623558330166
W_N_0002,32,25,0,0.0,0.0,0.009100539488099177,0.0007420093973557195,0.0,0.0,0.0,0.0,-0.00015802983445603304,0.0,0.0,0.0,0.0,0.0,-0.0011355849368255401,0.0,0.003923085543874002,0.018789498355710855,0.0,0.03126151801375818
W_N_0002,32,30,1,0.0,0.0,0.04531059130301977,0.001480138392986465,0.0,0.0,0.0,0.0,-0.00011986354306593903,0.0,0.0,0.0,0.0,0.0,0.024199122487306716,0.0,0.003923085543874002,0.013331647157304661,0.0,0.08812472134142568
W_N_0002,33,8,0,0.0,0.0,0.05332454743802089,0.0031326426557018207,0.0,0.0,0.0,0.0,0.0005107217399381664,0.0,0.0,0.0,0.0,0.0,-0.0010463107473083345,0.0,-0.0006920920866956647,-0.002142571927898465,0.0,0.05308693707175842
W_N_0002,33,18,0,0.0,0.0,0.011536655987006579,0.0014830081481141692,0.0,0.0,0.0,0.0,0.0005073890775622098,0.0,0.0,0.0,0.0,0.0,-0.0035302589172294657,0.0,-0.0006920920866956647,-0.004096863347744487,0.0,0.005207838861013342
W_N_0002,33,20,1,0.0,0.0,0.010934842796172649,0.0013563016618685353,0.0,0.0,0.0,0.0,0.0007400866045941602,0.0,0.0,0.0,0.0,0.0,-0.0023791921557929554,0.0,-0.0006920920866956647,-0.002391513795109,0.0,0.007568433025037724
W_N_0002,33,23,1,0.0,0.0,0.024375351677072384,0.0008949572971005583,0.0,0.0,0.0,0.0,0.0005073890775622098,0.0,0.0,0.0,0.0,0.0,-0.0007998895549682544,0.0,-0.0006920920866956647,-0.0034525864691686463,0.0,0.020833129940902587
W_N_0002,33,26,1,0.0,0.0,0.05419396656029455,0.001179349276943546,0.0,0.0,0.0,0.0,0.0005073890775622098,0.0,0.0,0.0,0.0,0.0,0.025254685969791645,0.0,0.003923085543874002,0.038145598153830056,0.0,0.12320407458229601
W_N_0002,34,8,1,0.0,0.0,0.06356732213680956,0.0012170693398164158,0.0,0.0,0.0,0.0,0.0005073890775622098,0.0,0.0,0.0,0.0,0.0,0.00032757786759488847,0.0,-0.0006920920866956647,-0.0006647051932888143,0.0,0.06426256114179858
W_N_0002,36,13,1,0.0,0.0,0.04891234045381222,0.0024414626471246947,0.0,0.0,0.0,0.0,0.0007400866045941602,0.0,0.0,0.0,0.0,0.0,0.007786582245557545,0.0,-0.0006920920866956647,0.0009883178578885274,0.0,0.060176697722281486
W_N_0002,36,14,1,0.0,0.0,0.042253725023265624,0.0021023057902229926,0.0,0.0,0.0,0.0,0.0007400866045941602,0.0,0.0,0.0,0.0,0.0,-0.0042031305334176575,0.0,-0.0006920920866956647,-0.003312393514589278,0.0,0.03688850128338018
W_N_0002,37,12,1,0.0,0.0,0.029741708211285477,0.0015480099316764393,0.0,0.0,0.0,0.0,0.0005107217399381664,0.0,0.0,0.0,0.0,0.0,0.008382096568580457,0.0,-0.0006920920866956647,0.002889092478776388,0.0,0.042379536843561265
W_F_0016,1,14,1,0.0,0.0,0.048906854261858555,0.0013170202987570453,0.0,0.0,0.0,0.0,0.0014385752323179976,0.0,0.0,0.0,0.0,0.0,0.005743117563528578,0.0,0.0014535516329185,0.03897350381319717,0.0,0.09783262280257785
W_F_0016,3,11,1,0.0,0.0,0.030592095760549613,0.0009384122634437751,0.0,0.0,0.0,0.0,0.0008019271659491864,0.0,0.0,0.0,0.0,0.0,0.007839657520262264,0.0,0.0014535516329185,0.02757488906489682,0.0,0.06920053340802015
W_F_0016,3,22,0,0.0,0.0,0.04359268893418984,0.001051608304071447,0.0,0.0,0.0,0.0,0.003616111222748803,0.0,0.0,0.0,0.0,0.0,0.02110820807703701,0.0,0.0014535516329185,-0.0009899862377560071,0.0,0.0698321819332096
W_F_0016,4,22,1,0.0,0.0,0.039126161704343555,0.0015495882217566558,0.0,0.0,0.0,0.0,0.0014385752323179976,0.0,0.0,0.0,0.0,0.0,-0.0012252973218279037,0.0,0.0014535516329185,-0.003670565919655015,0.0,0.038672013549853786
W_F_0016,5,22,1,0.0,0.0,0.03132404219809562,0.001295965265848797,0.0,0.0,0.0,0.0,0.0014385752323179976,0.0,0.0,0.0,0.0,0.0,-0.0011379010370562602,0.0,-0.0002564286634833484,-0.003098779139155396,0.0,0.029565473856567413
W_F_0016,6,15,0,0.0,0.0,-0.0041815725402274285,0.0028000939293451746,0.0,0.0,0.0,0.0,-0.0002519490523300968,0.0,0.0,0.0,0.0,0.0,-0.0011669978310310935,0.0,-0.0002564286634833484,-0.0036640533311171754,0.0,-0.006720907488843969
W_F_0016,6,16,1,0.0,0.0,-0.006970214724521538,0.0008047156354576491,0.0,0.0,0.0,0.0,-0.00044805419720113924,0.0,0.0,0.0,0.0,0.0,-0.0013371750307247384,0.0,-0.0002564286634833484,-0.002146588856664588,0.0,-0.010353745837137702
W_F_0016,6,17,0,0.0,0.0,-0.0016258739751265916,0.0035782474428186486,0.0,0.0,0.0,0.0,-0.00044805419720113924,0.0,0.0,0.0,0.0,0.0,-0.002333740455610307,0.0,-0.0002564286634833484,-0.0023120376249994596,0.0,-0.003397887473602197
W_F_0016,6,27,0,0.0,0.0,0.0409023470433921,0.004923344331611369,0.0,0.0,0.0,0.0,-0.00044805419720113924,0.0,0.0,0.0,0.0,0.0,-0.00017204971356916284,0.0,-0.0002564286634833484,-0.003184698998121939,0.0,0.04176445980262788
W_F_0016,7,17,0,0.0,0.0,-0.009225326504062187,0.005727514489373252,0.0,0.0,0.0,0.0,-0.0002519490523300968,0.0,0.0,0.0,0.0,0.0,-0.0010349988397165648,0.0,-0.0002564286634833484,-0.002445338258786507,0.0,-0.007486526829005451
W_F_0016,7,19,1,0.0,0.0,-0.003407020970693994,0.00264270025883457,0.0,0.0,0.0,0.0,-0.0002519490523300968,0.0,0.0,0.0,0.0,0.0,-0.0014824904600623412,0.0,-0.0002564286634833484,-0.0022007583102662113,0.0,-0.004955947198001421
W_F_0016,7,30,1,0.0,0.0,0.049889420418262505,0.004450798095746941,0.0,0.0,0.0,0.0,0.000808937107948482,0.0,0.0,0.0,0.0,0.0,0.0008305086953099038,0.0,-0.0002564286634833484,-0.003444809556465685,0.0,0.052278426097318795
W_F_0016,8,21,0,0.0,0.0,-0.014347982158212941,0.0010234868519889745,0.0,0.0,0.0,0.0,-0.0001694865515836404,0.0,0.0,0.0,0.0,0.0,0.0005904205966958279,0.0,-0.0002564286634833484,-0.0026391133501902624,0.0,-0.01579910327478539
W_F_0016,8,31,0,0.0,0.0,0.051351699696678625,0.0024484198060731165,0.0,0.0,0.0,0.0,0.0014385752323179976,0.0,0.0,0.0,0.0,0.0,-0.00022730037701816885,0.0,-0.0002564286634833484,-0.005480428716808903,0.0,0.049274536977759326
W_F_0016,9,8,1,0.0,0.0,0.0018019483061753002,0.002507349410814542,0.0,0.0,0.0,0.0,-0.0002519490523300968,0.0,0.0,0.0,0.0,0.0,0.0155779273401969,0.0,0.0014535516329185,0.015366315784032815,0.0,0.03645514342180796
W_F_0016,9,9,0,0.0,0.0,-0.012083199507855236,0.0013471882589846445,0.0,0.0,0.0,0.0,-0.00044805419720113924,0.0,0.0,0.0,0.0,0.0,0.020788529078399884,0.0,0.0014535516329185,0.030279530878273897,0.0,0.04133754614352055
W_F_0016,10,8,1,0.0,0.0,-0.00473043284409918,0.0013202453887904547,0.0,0.0,0.0,0.0,-0.0002497657574530816,0.0,0.0,0.0,0.0,0.0,-0.0012788474873169063,0.0,0.0014535516329185,0.01990938132216217,0.0,0.016424132255001955
W_F_0016,10,14,1,0.0,0.0,-0.04838397962223007,0.0017883357671427517,0.0,0.0,0.0,0.0,-0.0002497657574530816,0.0,0.0,0.0,0.0,0.0,-0.004330630569677188,0.0,-0.0002564286634833484,-0.004158848696338444,0.0,-0.05559131754203937
W_F_0016,10,25,1,0.0,0.0,-0.013890654174501102,0.0029325813270178382,0.0,0.0,0.0,0.0,-0.0002519490523300968,0.0,0.0,0.0,0.0,0.0,-0.0009877241534545457,0.0,-0.0002564286634833484,-0.0024110233017033285,0.0,-0.014865198018454583
W_F_0016,10,30,1,0.0,0.0,0.03425828382578055,0.001619469134043879,0.0,0.0,0.0,0.0,0.0014385752323179976,0.0,0.0,0.0,0.0,0.0,-0.001656175958983639,0.0,-0.0002564286634833484,-0.0027876242129377254,0.0,0.03261609935673771
W_F_0016,11,9,1,0.0,0.0,-0.0003652383146108398,0.0009139486399750497,0.0,0.0,0.0,0.0,-0.00044805419720113924,0.0,0.0,0.0,0.0,0.0,-0.002449775135679582,0.0,-0.0002564286634833484,-0.0026426180607968587,0.0,-0.005248165731796719
W_F_0016,11,11,0,0.0,0.0,-0.023241514483795713,0.00555938825364955,0.0,0.0,0.0,0.0,-0.0002519490523300968,0.0,0.0,0.0,0.0,0.0,-0.0035615320868930852,0.0,-0.0002564286634833484,-0.0034131857861643697,0.0,-0.02516522181901706
W_F_0016,12,18,1,0.0,0.0,-0.055474471184048774,-0.017512940485134878,0.0,0.0,0.0,0.0,-0.00044805419720113924,0.0,0.0,0.0,0.0,0.0,-0.000402131696028277,0.0,-0.0002564286634833484,-0.00188606365365289,0.0,-0.07598008987954931
W_F_0016,12,20,1,0.0,0.0,-0.04580859446384177,-0.018049771905883222,0.0,0.0,0.0,0.0,-0.00044805419720113924,0.0,0.0,0.0,0.0,0.0,-0.0019852069962590503,0.0,-0.0002564286634833484,-0.0018429828649423605,0.0,-0.0683910390916109
W_F_0016,12,30,1,0.0,0.0,0.03685186175981957,0.0043600519099178895,0.0,0.0,0.0,0.0,0.0014385752323179976,0.0,0.0,0.0,0.0,0.0,-0.002855471439137777,0.0,-0.0002564286634833484,-0.005635131408265033,0.0,0.03390345739116929
W_F_0016,13,2,1,0.0,0.0,0.048134965580490435,0.0010649813068767597,0.0,0.0,0.0,0.0,0.000808937107948482,0.0,0.0,0.0,0.0,0.0,0.01326489996466537,0.0,0.0014535516329185,0.03595711071502817,0.0,0.10068444630792772
W_F_0016,13,10,0,0.0,0.0,-0.05530165460962559,0.0008284690993112785,0.0,0.0,0.0,0.0,-0.00044805419720113924,0.0,0.0,0.0,0.0,0.0,-0.0005508403191286284,0.0,-0.0002564286634833484,-0.003616203622073425,0.0,-0.059344712312200856
W_F_0016,13,11,1,0.0,0.0,-0.0930422227441628,-0.0008800501929912235,0.0,0.0,0.0,0.0,-0.0001694865515836404,0.0,0.0,0.0,0.0,0.0,0.000763613450507142,0.0,-0.0002564286634833484,-0.001689812903359369,0.0,-0.09527438760507324
W_F_0016,13,30,1,0.0,0.0,0.06247532187673921,0.0048058568565526195,0.0,0.0,0.0,0.0,0.0014385752323179976,0.0,0.0,0.0,0.0,0.0,-0.0021047812725733775,0.0,-0.0002564286634833484,-0.005093935427879429,0.0,0.06126460860167366
W_F_0016,14,24,1,0.0,0.0,-0.05836166906655719,0.002651698170682707,0.0,0.0,0.0,0.0,-0.0001694865515836404,0.0,0.0,0.0,0.0,0.0,0.0005795823938679283,0.0,-0.0002564286634833484,-0.0017589936287175014,0.0,-0.05731529734579105
W_F_0016,15,32,1,0.0,0.0,0.024912815362934215,0.0007165130025779381,0.0,0.0,0.0,0.0,0.0014385752323179976,0.0,0.0,0.0,0.0,0.0,-0.0007227200990057503,0.0,-0.0002564286634833484,-0.002512022632368691,0.0,0.023576732202972364
W_F_0016,16,33,1,0.0,0.0,0.04023196001750766,0.0008747950214746924,0.0,0.0,0.0,0.0,0.000808937107948482,0.0,0.0,0.0,0.0,0.0,-0.0022924212251964186,0.0,-0.0002564286634833484,-0.002062802721366741,0.0,0.037304039536884326
W_F_0016,16,34,0,0.0,0.0,0.05314529383357312,0.004338175184573848,0.0,0.0,0.0,0.0,0.0014385752323179976,0.0,0.0,0.0,0.0,0.0,-0.0009274301232762531,0.0,-0.0002564286634833484,-0.0022092651235269527,0.0,0.055528920340178416
W_F_0016,17,6,1,0.0,0.0,0.007610286419482937,0.003680776783090637,0.0,0.0,0.0,0.0,-0.00044805419720113924,0.0,0.0,0.0,0.0,0.0,-0.0020159052006718057,0.0,0.0014535516329185,-0.0008145572855589533,0.0,0.009466098152060174
W_F_0016,17,10,1,0.0,0.0,-0.0642525818139842,-0.010446676021250772,0.0,0.0,0.0,0.0,-0.0002497657574530816,0.0,0.0,0.0,0.0,0.0,-0.001653544691460579,0.0,-0.0002564286634833484,-0.0016398532326743589,0.0,-0.07849885018030635
W_F_0016,17,14,1,0.0,0.0,-0.04077286927628937,-0.013949870920418168,0.0,0.0,0.0,0.0,-0.00044805419720113924,0.0,0.0,0.0,0.0,0.0,-0.0010940584336990669,0.0,-0.0002564286634833484,-0.002413076339257561,0.0,-0.05893435783034865
W_F_0016,17,18,1,0.0,0.0,-0.07403309671929337,-0.008448341083362999,0.0,0.0,0.0,0.0,-0.0002519490523300968,0.0,0.0,0.0,0.0,0.0,-0.0010994566898133572,0.0,-0.0002564286634833484,-0.003380713108886298,0.0,-0.08746998531716947
W_F_0016,17,21,1,0.0,0.0,-0.052264676395555675,-0.017419121236535214,0.0,0.0,0.0,0.0,-0.00044805419720113924,0.0,0.0,0.0,0.0,0.0,-0.0006397002007181376,0.0,-0.0002564286634833484,-0.001831288406953271,0.0,-0.0728592691004468
W_F_0016,17,28,0,0.0,0.0,-0.001026112854922481,0.0012309691904372813,0.0,0.0,0.0,0.0,-0.0001694865515836404,0.0,0.0,0.0,0.0,0.0,-0.002435871564085698,0.0,-0.0002564286634833484,-0.002151353286006244,0.0,-0.00480828372964413
W_F_0016,18,12,0,0.0,0.0,-0.07177306386884372,-0.004802265946273117,0.0,0.0,0.0,0.0,-0.00044805419720113924,0.0,0.0,0.0,0.0,0.0,-0.0017463000170879108,0.0,-0.0002564286634833484,-0.00296902827862229,0.0,-0.08199514097151152
W_F_0016,18,23,1,0.0,0.0,-0.0391434362134013,-0.0051625875494823135,0.0,0.0,0.0,0.0,-0.00044805419720113924,0.0,0.0,0.0,0.0,0.0,-0.0011660465496547688,0.0,-0.0002564286634833484,-0.002162592736693354,0.0,-0.04833914590991623
W_F_0016,20,22,0,0.0,0.0,-0.09211027125030558,-0.007708287200331263,0.0,0.0,0.0,0.0,-0.00044805419720113924,0.0,0.0,0.0,0.0,0.0,-0.0011579606845599094,0.0,-0.0002564286634833484,-0.00527479524663781,0.0,-0.10695579724251904
W_F_0016,22,19,1,0.0,0.0,-0.05225302809890666,-0.004080743277866312,0.0,0.0,0.0,0.0,-0.0001694865515836404,0.0,0.0,0.0,0.0,0.0,-0.0004855207681554905,0.0,-0.0002564286634833484,-0.003268397133347632,0.0,-0.06051360449334309
W_F_0016,22,26,0,0.0,0.0,-0.018622154748656944,0.0016774085110315268,0.0,0.0,0.0,0.0,-0.0002497657574530816,0.0,0.0,0.0,0.0,0.0,0.001142216170338345,0.0,-0.0002564286634833484,-0.0032998703658043975,0.0,-0.019608594854027897
W_F_0016,23,10,0,0.0,0.0,-0.02299170145872413,0.0016060629925306804,0.0,0.0,0.0,0.0,-0.00044805419720113924,0.0,0.0,0.0,0.0,0.0,7.188815506170663e-07,0.0,-0.0002564286634833484,-0.003479413827778683,0.0,-0.025568816273106004
W_F_0016,23,17,0,0.0,0.0,-0.036491042088920525,-0.016389256273509758,0.0,0.0,0.0,0.0,-0.0002519490523300968,0.0,0.0,0.0,0.0,0.0,-0.0017610744750869197,0.0,-0.0002564286634833484,-0.0033472782902563007,0.0,-0.05849702884358696
W_F_0016,23,30,1,0.0,0.0,0.04420083900731252,0.0008212678009289777,0.0,0.0,0.0,0.0,0.0014385752323179976,0.0,0.0,0.0,0.0,0.0,-0.0034842379637140155,0.0,-0.0002564286634833484,-0.003997061197392017,0.0,0.038722954215970114
W_F_0016,24,3,1,0.0,0.0,0.05022063004292447,0.004338175184573848,0.0,0.0,0.0,0.0,0.000808937107948482,0.0,0.0,0.0,0.0,0.0,-0.0034499123236842733,0.0,-0.0002564286634833484,-0.002546126232323711,0.0,0.04911527511595547
W_F_0016,24,12,0,0.0,0.0,-0.02595191961157913,0.00241091806855797,0.0,0.0,0.0,0.0,-0.00044805419720113924,0.0,0.0,0.0,0.0,0.0,-0.0014433171128552592,0.0,-0.0002564286634833484,-0.004620491799411418,0.0,-0.030309293315972326
W_F_0016,25,13,1,0.0,0.0,-0.09037310463879387,0.0013493669645592023,0.0,0.0,0.0,0.0,-0.00044805419720113924,0.0,0.0,0.0,0.0,0.0,0.0014661060723876746,0.0,-0.0002564286634833484,-0.0036880474004673583,0.0,-0.09195016186299884
W_F_0016,25,20,1,0.0,0.0,-0.056963641358625715,0.0016833582399945072,0.0,0.0,0.0,0.0,-0.0002519490523300968,0.0,0.0,0.0,0.0,0.0,-0.0002138956430526231,0.0,-0.0002564286634833484,-0.004351241541312808,0.0,-0.060353798018810086
W_F_0016,25,21,1,0.0,0.0,-0.042105457613343604,0.005796553034791198,0.0,0.0,0.0,0.0,-0.00044805419720113924,0.0,0.0,0.0,0.0,0.0,-0.0020955320711744563,0.0,-0.0002564286634833484,-0.0019221951678761856,0.0,-0.04103111467828754
W_F_0016,26,30,1,0.0,0.0,0.04140898238722105,0.0006760034250685222,0.0,0.0,0.0,0.0,0.000808937107948482,0.0,0.0,0.0,0.0,0.0,-0.0009594541685034607,0.0,-0.0002564286634833484,-0.0024047256769582637,0.0,0.03927331441129298
W_F_0016,26,31,0,0.0,0.0,0.05019767016141344,0.0025571438211997493,0.0,0.0,0.0,0.0,0.0014385752323179976,0.0,0.0,0.0,0.0,0.0,-0.002322375938196095,0.0,-0.0002564286634833484,-0.0037901397788879256,0.0,0.04782444483436382
W_F_0016,27,6,1,0.0,0.0,0.032014002978486396,0.0015450734603791477,0.0,0.0,0.0,0.0,-0.0002497657574530816,0.0,0.0,0.0,0.0,0.0,0.021861923510432965,0.0,0.0014535516329185,0.017823583462468963,0.0,0.07444836928723289
W_F_0016,27,30,1,0.0,0.0,0.038426946993432264,0.0016906234521924027,0.0,0.0,0.0,0.0,0.0005441733541216158,0.0,0.0,0.0,0.0,0.0,-0.002251268374543745,0.0,-0.0002564286634833484,-0.0040639093593063174,0.0,0.03409013740241287
W_F_0016,28,13,0,0.0,0.0,-0.02130209437219418,0.0014309984920090905,0.0,0.0,0.0,0.0,-0.0002497657574530816,0.0,0.0,0.0,0.0,0.0,-0.0024241164776931676,0.0,-0.0002564286634833484,-0.003447689387317526,0.0,-0.02624909616613221
W_F_0016,29,9,1,0.0,0.0,0.05405427079114737,0.004614478144832635,0.0,0.0,0.0,0.0,-0.0002519490523300968,0.0,0.0,0.0,0.0,0.0,-0.0018085211583552942,0.0,0.0014535516329185,-0.000749600237810647,0.0,0.057312230120402465
W_F_0016,29,19,0,0.0,0.0,0.0060801604852647375,0.00265897125181994,0.0,0.0,0.0,0.0,-0.0002497657574530816,0.0,0.0,0.0,0.0,0.0,-0.004020268871066172,0.0,-0.0002564286634833484,-0.003815858454014855,0.0,0.00039680999106721975
W_F_0016,29,26,1,0.0,0.0,0.02046109892647322,0.0013614743076292945,0.0,0.0,0.0,0.0,-0.0002519490523300968,0.0,0.0,0.0,0.0,0.0,-0.00013542100767365055,0.0,-0.0002564286634833484,-0.001697639057799614,0.0,0.01948113545281581
W_F_0016,31,9,0,0.0,0.0,0.04877347893594923,0.0005595806011689895,0.0,0.0,0.0,0.0,0.0014385752323179976,0.0,0.0,0.0,0.0,0.0,0.022282941506578183,0.0,0.0014535516329185,0.03715587924776283,0.0,0.11166400715669572
W_F_0016,32,17,0,0.0,0.0,0.05589273509205717,0.0012663294121644996,0.0,0.0,0.0,0.0,0.0008019271659491864,0.0,0.0,0.0,0.0,0.0,-0.002639365174206164,0.0,-0.0002564286634833484,-0.004220496016673658,0.0,0.05084470181580769
W_F_0016,33,9,1,0.0,0.0,0.037874399817535175,0.0011147474408594485,0.0,0.0,0.0,0.0,0.0014385752323179976,0.0,0.0,0.0,0.0,0.0,0.011941768313707742,0.0,0.0014535516329185,0.027212329759301872,0.0,0.08103537219664073
W_F_0016,34,17,0,0.0,0.0,0.04593382951906258,0.0005564756944255256,0.0,0.0,0.0,0.0,0.0014385752323179976,0.0,0.0,0.0,0.0,0.0,0.0234742754865863,0.0,-0.0002564286634833484,-0.0022372228299849584,0.0,0.06890950443892409
W_F_0016,34,18,1,0.0,0.0,0.06894625595558737,0.0017896297742295705,0.0,0.0,0.0,0.0,0.000808937107948482,0.0,0.0,0.0,0.0,0.0,-0.00184841192753219,0.0,-0.0002564286634833484,-0.004187471499404144,0.0,0.06525251074734574
W_F_0016,35,14,0,0.0,0.0,0.04412977477445034,0.003954997569569211,0.0,0.0,0.0,0.0,0.0014385752323179976,0.0,0.0,0.0,0.0,0.0,0.005285331636808863,0.0,-0.0002564286634833484,0.034121779280622974,0.0,0.08867402983028605
W_N_0015,0,19,1,0.0,0.0,0.05148316154782488,0.001838661491817959,0.0,0.0,0.0,0.0,0.0019252850363656625,0.0,0.0,0.0,0.0,0.0,-0.0007121858216888453,0.0,-0.0004171912706443752,-0.0021781965502017555,0.0,0.05193953443347353
W_N_0015,0,21,1,0.0,0.0,0.049280561992768306,0.0050152577569700435,0.0,0.0,0.0,0.0,0.0019501407731502382,0.0,0.0,0.0,0.0,0.0,0.021371670570279184,0.0,-0.0004171912706443752,-0.004129015561821684,0.0,0.0730714242607017
W_N_0015,1,20,1,0.0,0.0,0.05176203923738697,0.003866071774796373,0.0,0.0,0.0,0.0,0.006048942376760622,0.0,0.0,0.0,0.0,0.0,-0.0009017068662364175,0.0,-0.0004171912706443752,-0.0016722523614419857,0.0,0.058685902890621186
W_N_0015,2,16,1,0.0,0.0,0.061036512565131214,0.0011531414100988929,0.0,0.0,0.0,0.0,0.006048942376760622,0.0,0.0,0.0,0.0,0.0,0.00017971522620934409,0.0,-0.0004171912706443752,-0.0022137936860763315,0.0,0.06578732662147936
W_N_0015,2,17,1,0.0,0.0,0.05144432714086295,0.0008455670987223182,0.0,0.0,0.0,0.0,0.0010113458193720198,0.0,0.0,0.0,0.0,0.0,0.00016304447325151598,0.0,-0.0004171912706443752,-0.00256240469704175,0.0,0.050484688564522685
W_N_0015,2,18,1,0.0,0.0,0.035166061230712975,0.0015474571629801159,0.0,0.0,0.0,0.0,0.006048942376760622,0.0,0.0,0.0,0.0,0.0,-0.00043340450091120696,0.0,-0.0004171912706443752,-0.0025313566235428014,0.0,0.03938050837535534
W_N_0015,2,28,1,0.0,0.0,0.04876907961000184,0.004225961391734006,0.0,0.0,0.0,0.0,0.006048942376760622,0.0,0.0,0.0,0.0,0.0,-0.0011055862321375767,0.0,-0.0004171912706443752,-0.003486036537340265,0.0,0.05403516933837425
W_N_0015,3,12,1,0.0,0.0,0.06162194036083615,0.0009198762311687344,0.0,0.0,0.0,0.0,0.0019501407731502382,0.0,0.0,0.0,0.0,0.0,-0.0006730072164977639,0.0,-0.0004171912706443752,-0.0026354751439918458,0.0,0.06076628373402114
W_N_0015,3,20,1,0.0,0.0,0.026328282063529225,0.002399293565305434,0.0,0.0,0.0,0.0,0.006048942376760622,0.0,0.0,0.0,0.0,0.0,-0.0005699213994853307,0.0,-0.0004171912706443752,-0.0016567150649668067,0.0,0.032132690270498775
W_N_0015,4,12,1,0.0,0.0,0.03794859841286473,0.0035763105206604554,0.0,0.0,0.0,0.0,0.021404778769402583,0.0,0.0,0.0,0.0,0.0,-0.0007319383230449317,0.0,-0.0004171912706443752,-0.003539432509173457,0.0,0.05824112560006501
W_N_0015,4,14,1,0.0,0.0,0.0454506271330876,0.0030390670273496533,0.0,0.0,0.0,0.0,0.006048942376760622,0.0,0.0,0.0,0.0,0.0,-0.0010494515105416093,0.0,-0.0004171912706443752,-0.0017829387659035502,0.0,0.05128905499010834
W_N_0015,4,15,1,0.0,0.0,0.035233236303873754,0.000826471378971877,0.0,0.0,0.0,0.0,0.0010113458193720198,0.0,0.0,0.0,0.0,0.0,-0.0007766002875181511,0.0,-0.0004171912706443752,-0.0018458905434954424,0.0,0.03403137140055969
W_N_0015,4,18,0,0.0,0.0,0.03782800341775087,0.0017467450767372932,0.0,0.0,0.0,0.0,0.006048942376760622,0.0,0.0,0.0,0.0,0.0,-0.0007835498213061191,0.0,-0.0004171912706443752,-0.0026761938677862516,0.0,0.041746755911512036
W_N_0015,4,24,1,0.0,0.0,0.05376552660420653,0.002133265272968408,0.0,0.0,0.0,0.0,0.0010113458193720198,0.0,0.0,0.0,0.0,0.0,-0.0013669810792017456,0.0,-0.0004171912706443752,-0.0017366887111443566,0.0,0.05338927663555648
W_N_0015,4,28,1,0.0,0.0,0.03213900640012338,0.002116268709283481,0.0,0.0,0.0,0.0,0.006048942376760622,0.0,0.0,0.0,0.0,0.0,-0.0011743847905181198,0.0,-0.0004171912706443752,-0.0017691321579830317,0.0,0.036943509267021966
W_N_0015,5,10,1,0.0,0.0,0.054555956172373646,0.0025078361025614995,0.0,0.0,0.0,0.0,0.006048942376760622,0.0,0.0,0.0,0.0,0.0,-0.0009914203548558494,0.0,-0.0004171912706443752,-0.002168510371299811,0.0,0.05953561265489574
W_N_0015,5,13,1,0.0,0.0,0.05172348300975388,0.004244905141423949,0.0,0.0,0.0,0.0,0.006048942376760622,0.0,0.0,0.0,0.0,0.0,-0.0011011002168317152,0.0,-0.0004171912706443752,-0.0028563429129301134,0.0,0.057642696127532256
W_N_0015,5,27,1,0.0,0.0,0.048072339588570635,0.0015768934212137835,0.0,0.0,0.0,0.0,0.006048942376760622,0.0,0.0,0.0,0.0,0.0,-0.0005369978104962053,0.0,-0.0004171912706443752,-0.0018850310727511971,0.0,0.05285895523265327
W_N_0015,5,30,0,0.0,0.0,0.03980262864336916,0.0017179928458921515,0.0,0.0,0.0,0.0,0.0019501407731502382,0.0,0.0,0.0,0.0,0.0,-0.0009211891747552524,0.0,-0.0004171912706443752,-0.0018071300782758284,0.0,0.0403252517387361
W_N_0015,6,11,1,0.0,0.0,0.045294183999679334,0.0007235776114956993,0.0,0.0,0.0,0.0,-0.0018839849037080654,0.0,0.0,0.0,0.0,0.0,-0.0009777821951590705,0.0,-0.0004171912706443752,-0.0020416058164946615,0.0,0.04069719742516886
W_N_0015,6,18,1,0.0,0.0,0.014263843026715248,0.0006010978214522346,0.0,0.0,0.0,0.0,-0.0006073848200035545,0.0,0.0,0.0,0.0,0.0,-0.0009070301192246737,0.0,-0.0004171912706443752,-0.0016345375936937469,0.0,0.011298797044601131
W_N_0015,6,23,1,0.0,0.0,0.010227264142214676,0.002994350805533666,0.0,0.0,0.0,0.0,-0.0018839849037080654,0.0,0.0,0.0,0.0,0.0,-0.0012297187038812587,0.0,-0.0004171912706443752,-0.0019104600554502456,0.0,0.007780260014064396
W_N_0015,6,28,1,0.0,0.0,0.029319054586076244,0.0023319274622658425,0.0,0.0,0.0,0.0,-0.0018839849037080654,0.0,0.0,0.0,0.0,0.0,-0.0018261376193318302,0.0,-0.0004171912706443752,-0.0018095496151976941,0.0,0.02571411863946012
W_N_0015,6,29,1,0.0,0.0,0.039333419036407295,0.0025740972082799398,0.0,0.0,0.0,0.0,-0.0018839849037080654,0.0,0.0,0.0,0.0,0.0,-0.0007905450351693166,0.0,-0.0004171912706443752,-0.0018271605013006537,0.0,0.03698863453386483
W_N_0015,6,30,1,0.0,0.0,0.053718168090128825,0.0007268559419127513,0.0,0.0,0.0,0.0,-0.0018839849037080654,0.0,0.0,0.0,0.0,0.0,-0.000668810870810844,0.0,-0.0004171912706443752,-0.0036384345224592424,0.0,0.04783660246441905
W_N_0015,6,31,1,0.0,0.0,0.047390061275722664,0.0007766819351073806,0.0,0.0,0.0,0.0,-0.0005996433290195129,0.0,0.0,0.0,0.0,0.0,-0.0005150386785420076,0.0,-0.0004171912706443752,-0.0024686162804016133,0.0,0.04416625365222254
W_N_0015,6,32,0,0.0,0.0,0.05752223624149503,0.0008945040670267767,0.0,0.0,0.0,0.0,-0.0018839849037080654,0.0,0.0,0.0,0.0,0.0,-0.0022114978150116877,0.0,-0.0004171912706443752,-0.0021995476236204075,0.0,0.05170451869553727
W_N_0015,6,33,1,0.0,0.0,0.08230135518260547,0.004062023502395672,0.0,0.0,0.0,0.0,-0.0006073848200035545,0.0,0.0,0.0,0.0,0.0,-0.0018218363659424314,0.0,-0.0004171912706443752,-0.0018645298451585792,0.0,0.08165243638325217
W_N_0015,7,9,1,0.0,0.0,0.056155264337376824,0.001689735274095826,0.0,0.0,0.0,0.0,-0.0018839849037080654,0.0,0.0,0.0,0.0,0.0,-0.0019210101224503204,0.0,-0.0004171912706443752,-0.004176046116590279,0.0,0.04944676719807961
W_N_0015,7,12,1,0.0,0.0,0.046827537440947774,0.004396315751655023,0.0,0.0,0.0,0.0,-0.0018839849037080654,0.0,0.0,0.0,0.0,0.0,-0.0008325022796909591,0.0,-0.0004171912706443752,-0.00426616935399698,0.0,0.04382400538456242
W_N_0015,7,13,0,0.0,0.0,0.031242314978732304,0.0012679241662686483,0.0,0.0,0.0,0.0,-0.0018839849037080654,0.0,0.0,0.0,0.0,0.0,-0.0010404115192847753,0.0,-0.0004171912706443752,-0.0024077705449930637,0.0,0.02676088090637067
W_N_0015,7,23,1,0.0,0.0,-0.0073397663143718195,0.001326650661207276,0.0,0.0,0.0,0.0,-0.0018839849037080654,0.0,0.0,0.0,0.0,0.0,-0.0007747861174188129,0.0,-0.0004171912706443752,-0.0019594794412965155,0.0,-0.011048557386232312
W_N_0015,7,29,1,0.0,0.0,0.025898663130172826,0.0046168512251282484,0.0,0.0,0.0,0.0,-0.0018839849037080654,0.0,0.0,0.0,0.0,0.0,-0.0008773189948795178,0.0,-0.0004171912706443752,-0.004248130546037186,0.0,0.02308888864003193
W_N_0015,7,35,0,0.0,0.0,0.0710829425211843,0.0012878932538040763,0.0,0.0,0.0,0.0,-0.0018839849037080654,0.0,0.0,0.0,0.0,0.0,-0.0011384920941776258,0.0,-0.0004171912706443752,-0.002969844961746653,0.0,0.06596132254471164
W_N_0015,7,36,1,0.0,0.0,0.04845469080864253,0.0022745028796077337,0.0,0.0,0.0,0.0,0.006048942376760622,0.0,0.0,0.0,0.0,0.0,-0.0011887167500720416,0.0,-0.0004171912706443752,-0.0025394231684042153,0.0,0.05263280487589026
W_N_0015,8,6,1,0.0,0.0,0.02648478507985465,0.0016633417032382736,0.0,0.0,0.0,0.0,-0.0006073848200035545,0.0,0.0,0.0,0.0,0.0,-0.00040826845653883537,0.0,-0.0004171912706443752,-0.002302277888425132,0.0,0.024413004347481032
W_N_0015,8,30,1,0.0,0.0,0.025948933738347998,0.0011933461085954764,0.0,0.0,0.0,0.0,-0.0018839849037080654,0.0,0.0,0.0,0.0,0.0,-0.0017948732902057596,0.0,-0.0004171912706443752,-0.004187225103092087,0.0,0.018859005279293187
W_N_0015,8,33,0,0.0,0.0,0.05487180627832188,0.00414789335960327,0.0,0.0,0.0,0.0,-0.0005996433290195129,0.0,0.0,0.0,0.0,0.0,-0.0007870060005663162,0.0,-0.0004171912706443752,-0.0031450707775700568,0.0,0.054070788260124895
W_N_0015,8,35,1,0.0,0.0,0.0662012660591424,0.004244905141423949,0.0,0.0,0.0,0.0,-0.0018839849037080654,0.0,0.0,0.0,0.0,0.0,-0.001060183038298154,0.0,-0.0004171912706443752,-0.003411847745382275,0.0,0.06367296424253346
W_N_0015,9,6,1,0.0,0.0,0.03791164816593773,0.0015490903011925673,0.0,0.0,0.0,0.0,-0.0006073848200035545,0.0,0.0,0.0,0.0,0.0,-0.0004020915523880038,0.0,-0.0004171912706443752,-0.0017895121972322714,0.0,0.03624455862686209
W_N_0015,9,18,1,0.0,0.0,-0.01770769422651344,0.0012170693398164158,0.0,0.0,0.0,0.0,-0.0005996433290195129,0.0,0.0,0.0,0.0,0.0,-0.0012979754152726956,0.0,-0.0004171912706443752,-0.0028620729433170094,0.0,-0.021667507844950615
W_N_0015,9,23,1,0.0,0.0,-0.002925858257688953,0.000907981510010214,0.0,0.0,0.0,0.0,-0.0018839849037080654,0.0,0.0,0.0,0.0,0.0,-0.0003879179595657686,0.0,-0.0004171912706443752,-0.0019282039849489179,0.0,-0.006635174866545865
W_N_0015,9,24,1,0.0,0.0,-0.0277623608692113,0.004174238535886178,0.0,0.0,0.0,0.0,-0.0005996433290195129,0.0,0.0,0.0,0.0,0.0,-0.0007024769255452293,0.0,-0.0004171912706443752,-0.0017907134515131797,0.0,-0.027098147310047418
W_N_0015,9,25,1,0.0,0.0,-0.0024193694600042554,0.0043167075775630585,0.0,0.0,0.0,0.0,-0.0006073848200035545,0.0,0.0,0.0,0.0,0.0,-0.0006313649986827616,0.0,-0.0004171912706443752,-0.001496831738684635,0.0,-0.0012554347104565232
W_N_0015,9,27,1,0.0,0.0,-0.0038562699223250933,0.0011412079328581167,0.0,0.0,0.0,0.0,-0.0018839849037080654,0.0,0.0,0.0,0.0,0.0,-0.0005948882047352728,0.0,-0.0004171912706443752,-0.0020993367619065095,0.0,-0.007710463130461199
W_N_0015,10,4,1,0.0,0.0,0.04114900807274651,0.0012116753032558752,0.0,0.0,0.0,0.0,0.0019252850363656625,0.0,0.0,0.0,0.0,0.0,-0.0009459893571161895,0.0,-0.0004171912706443752,-0.0030636286549316294,0.0,0.03985915912967585
W_N_0015,10,5,1,0.0,0.0,0.03257230383237601,0.004140905776116507,0.0,0.0,0.0,0.0,0.0019252850363656625,0.0,0.0,0.0,0.0,0.0,-0.00200292224447011,0.0,-0.0004171912706443752,-0.001552930476588684,0.0,0.03466545065315501
W_N_0015,10,8,1,0.0,0.0,0.0418244544848327,0.0027624766539398973,0.0,0.0,0.0,0.0,-0.0006073848200035545,0.0,0.0,0.0,0.0,0.0,-0.0003290947466901077,0.0,-0.0004171912706443752,-0.0015124765388437253,0.0,0.041720783762590835
W_N_0015,10,10,1,0.0,0.0,0.014900330229122054,0.005559914316598931,0.0,0.0,0.0,0.0,-0.0018839849037080654,0.0,0.0,0.0,0.0,0.0,-0.0008737556180954413,0.0,-0.0004171912706443752,-0.0017705184785654256,0.0,0.015514794274707679
W_N_0015,10,11,1,0.0,0.0,-0.008291067332743412,0.0015484550178253966,0.0,0.0,0.0,0.0,-0.0018839849037080654,0.0,0.0,0.0,0.0,0.0,-0.003199920509624948,0.0,-0.0004171912706443752,-0.0027891444283986845,0.0,-0.01503285342729409
W_N_0015,10,15,1,0.0,0.0,-0.0020578113632574286,0.004442051142521698,0.0,0.0,0.0,0.0,-0.0018839849037080654,0.0,0.0,0.0,0.0,0.0,-0.0009710782003298365,0.0,-0.0004171912706443752,-0.003143096172044473,0.0,-0.004031110767462481
W_N_0015,10,18,1,0.0,0.0,-0.02594215269421872,0.001123963742752845,0.0,0.0,0.0,0.0,-0.0006073848200035545,0.0,0.0,0.0,0.0,0.0,-0.0007097643540104689,0.0,-0.0004171912706443752,-0.0029184692020175532,0.0,-0.029470998598141826
W_N_0015,10,19,1,0.0,0.0,-0.023846207937167987,0.0015097908871403846,0.0,0.0,0.0,0.0,-0.0018839849037080654,0.0,0.0,0.0,0.0,0.0,-0.0006423120596914173,0.0,-0.0004171912706443752,-0.0016873294978004458,0.0,-0.026967234781871904
W_N_0015,10,30,1,0.0,0.0,0.006869278261969876,0.0016057328496518286,0.0,0.0,0.0,0.0,-0.0018839849037080654,0.0,0.0,0.0,0.0,0.0,-0.0002603343092335156,0.0,-0.0004171912706443752,-0.0027804725415781716,0.0,0.003133028086457577
W_N_0015,10,35,1,0.0,0.0,0.046742393342383635,0.0007914291721511264,0.0,0.0,0.0,0.0,-0.0018839849037080654,0.0,0.0,0.0,0.0,0.0,-0.0008092410591880252,0.0,-0.0004171912706443752,-0.0027328787499150665,0.0,0.041690526531079235
W_N_0015,11,5,1,0.0,0.0,0.02864028920664356,0.0010932730416464676,0.0,0.0,0.0,0.0,0.006048942376760622,0.0,0.0,0.0,0.0,0.0,-0.0006310766237446154,0.0,-0.0004171912706443752,-0.0021161780688782345,0.0,0.03261805866178343
W_N_0015,11,6,1,0.0,0.0,0.04585893546823778,0.004145806180979349,0.0,0.0,0.0,0.0,-0.0005996433290195129,0.0,0.0,0.0,0.0,0.0,-0.000566286016485792,0.0,-0.0004171912706443752,-0.0022271918128272377,0.0,0.04619442922024022
W_N_0015,11,27,1,0.0,0.0,-0.01132120968844737,0.00375567140702629,0.0,0.0,0.0,0.0,-0.0018839849037080654,0.0,0.0,0.0,0.0,0.0,-0.0011632436400576748,0.0,-0.0004171912706443752,-0.0020779109023866082,0.0,-0.013107868998217805
W_N_0015,11,30,1,0.0,0.0,-0.013233174577743968,0.002150022933702478,0.0,0.0,0.0,0.0,-0.0018839849037080654,0.0,0.0,0.0,0.0,0.0,-0.0005060651029997384,0.0,-0.0004171912706443752,-0.0027905956827774005,0.0,-0.016680988604171068
W_N_0015,12,13,1,0.0,0.0,0.0017045329295204098,0.002852658334789672,0.0,0.0,0.0,0.0,-0.0018839849037080654,0.0,0.0,0.0,0.0,0.0,-0.000585389404598961,0.0,-0.0004171912706443752,-0.004032325221951197,0.0,-0.0023616995365925175
W_N_0015,12,23,1,0.0,0.0,-0.06146880371526169,0.0008793299971109505,0.0,0.0,0.0,0.0,-0.0018839849037080654,0.0,0.0,0.0,0.0,0.0,-0.0007478487566954042,0.0,-0.0004171912706443752,-0.0035800684867315744,0.0,-0.06721856713593018
W_N_0015,12,29,1,0.0,0.0,-0.03337604556197004,0.0009938853860960574,0.0,0.0,0.0,0.0,-0.0006073848200035545,0.0,0.0,0.0,0.0,0.0,-0.0010234838854670475,0.0,-0.0004171912706443752,-0.002484408306789795,0.0,-0.03691462845877875
W_N_0015,13,5,0,0.0,0.0,0.06120086614000916,0.0018429172875241667,0.0,0.0,0.0,0.0,0.006048942376760622,0.0,0.0,0.0,0.0,0.0,-0.0016206249773234136,0.0,-0.0004171912706443752,-0.002013005434098572,0.0,0.06504190412222757
W_N_0015,13,11,1,0.0,0.0,-0.003652825362151431,0.002755816011609002,0.0,0.0,0.0,0.0,-0.0018839849037080654,0.0,0.0,0.0,0.0,0.0,-0.0014074448234048466,0.0,-0.0004171912706443752,-0.00402998391950641,0.0,-0.008635614267806126
W_N_0015,13,16,1,0.0,0.0,-0.05319348242134528,0.0025004631495921525,0.0,0.0,0.0,0.0,-0.0018839849037080654,0.0,0.0,0.0,0.0,0.0,-0.0009084912193136286,0.0,-0.0004171912706443752,-0.004246972287780017,0.0,-0.05814965895319921
W_N_0015,13,20,1,0.0,0.0,-0.0544287632698701,-0.0051478769384569155,0.0,0.0,0.0,0.0,-0.0006073848200035545,0.0,0.0,0.0,0.0,0.0,-0.0005266577460584138,0.0,-0.0004171912706443752,-0.0015872174186019315,0.0,-0.06271509146363528
W_N_0015,13,21,1,0.0,0.0,-0.08079654873151529,-0.003261394334307125,0.0,0.0,0.0,0.0,-0.0018839849037080654,0.0,0.0,0.0,0.0,0.0,-0.0006563553042258511,0.0,-0.0004171912706443752,-0.003170605279075407,0.0,-0.09018607982347612
W_N_0015,13,31,1,0.0,0.0,-0.010820806219508598,0.001089369519895884,0.0,0.0,0.0,0.0,-0.0018839849037080654,0.0,0.0,0.0,0.0,0.0,-0.0011238054337870994,0.0,-0.0004171912706443752,-0.0019344805098155658,0.0,-0.01509089881756782
W_N_0015,13,39,1,0.0,0.0,0.05118577302437465,0.0046166038356697655,0.0,0.0,0.0,0.0,0.006048942376760622,0.0,0.0,0.0,0.0,0.0,-0.0005332073107861149,0.0,-0.0004171912706443752,-0.0026221307246094777,0.0,0.05827878993076508
W_N_0015,14,3,0,0.0,0.0,0.06940728015273998,0.0012540451647047497,0.0,0.0,0.0,0.0,0.006048942376760622,0.0,0.0,0.0,0.0,0.0,-0.001443941503122049,0.0,-0.0004171912706443752,-0.0034607527865652484,0.0,0.07138838213387366
W_N_0015,14,8,1,0.0,0.0,0.003062068616594651,0.001400169388907741,0.0,0.0,0.0,0.0,-0.0006073848200035545,0.0,0.0,0.0,0.0,0.0,-0.000911715138883817,0.0,-0.0004171912706443752,-0.0022120294490153526,0.0,0.00031391732695529263
W_N_0015,14,23,1,0.0,0.0,-0.03900660039133302,-0.017501001554170725,0.0,0.0,0.0,0.0,-0.0018839849037080654,0.0,0.0,0.0,0.0,0.0,-0.0008147942158813764,0.0,-0.0004171912706443752,-0.0019540643565555006,0.0,-0.061577636692293054
W_N_0015,14,25,1,0.0,0.0,-0.0509401817180263,-0.006457671300300755,0.0,0.0,0.0,0.0,-0.0006073848200035545,0.0,0.0,0.0,0.0,0.0,-0.001517461221487983,0.0,-0.0004171912706443752,-0.003090916327494446,0.0,-0.0630308066579574
W_N_0015,14,38,1,0.0,0.0,0.04165788559390481,0.0018206226980675925,0.0,0.0,0.0,0.0,0.006048942376760622,0.0,0.0,0.0,0.0,0.0,-0.0011238054337870994,0.0,-0.0004171912706443752,-0.0020137109951563243,0.0,0.045972742969145226
W_N_0015,15,2,1,0.0,0.0,0.033300048487420776,0.001284434311099934,0.0,0.0,0.0,0.0,0.0010113458193720198,0.0,0.0,0.0,0.0,0.0,-0.0010919677608974665,0.0,-0.0004171912706443752,-0.0017018926561963152,0.0,0.03238477693015457
W_N_0015,15,3,1,0.0,0.0,0.05419674129081562,0.001082889828968267,0.0,0.0,0.0,0.0,0.0019252850363656625,0.0,0.0,0.0,0.0,0.0,-0.000988065625778398,0.0,-0.0004171912706443752,-0.003192327096080285,0.0,0.05260733216364649
W_N_0015,15,12,1,0.0,0.0,-0.01235445585703663,0.0015422015433175992,0.0,0.0,0.0,0.0,-0.00031499064422325077,0.0,0.0,0.0,0.0,0.0,-0.0008851310795892573,0.0,-0.0004171912706443752,-0.0018439406833975834,0.0,-0.014273507991573498
W_N_0015,15,24,1,0.0,0.0,-0.05724321632371743,-0.01776131296158607,0.0,0.0,0.0,0.0,-0.0006073848200035545,0.0,0.0,0.0,0.0,0.0,-0.0010951024440446165,0.0,-0.0004171912706443752,-0.001923515853074916,0.0,-0.07904772367307096
W_N_0015,15,34,1,0.0,0.0,0.005337306716712693,0.003155171361198746,0.0,0.0,0.0,0.0,-0.0018839849037080654,0.0,0.0,0.0,0.0,0.0,-0.0023236730379620645,0.0,-0.0004171912706443752,-0.0020181679790636535,0.0,0.001849460886533281
W_N_0015,16,4,1,0.0,0.0,0.03459538662113544,0.0010067068930772302,0.0,0.0,0.0,0.0,0.0019252850363656625,0.0,0.0,0.0,0.0,0.0,-0.0012238150995393428,0.0,-0.0004171912706443752,-0.0024946706538631373,0.0,0.03339170152653148
W_N_0015,16,30,1,0.0,0.0,-0.029966755047340393,0.0022621017607588603,0.0,0.0,0.0,0.0,-0.0018839849037080654,0.0,0.0,0.0,0.0,0.0,-0.0009564594404843846,0.0,-0.0004171912706443752,-0.004151435895659017,0.0,-0.035113724797077375
W_N_0015,16,36,1,0.0,0.0,0.03193658150947499,0.0012850920710536175,0.0,0.0,0.0,0.0,0.0019501407731502382,0.0,0.0,0.0,0.0,0.0,-0.0009693110302742058,0.0,-0.0004171912706443752,-0.0017020174573293863,0.0,0.03208329459543088
W_N_0015,17,3,0,0.0,0.0,0.046293056340638405,0.0018206226980675925,0.0,0.0,0.0,0.0,0.0010113458193720198,0.0,0.0,0.0,0.0,0.0,-9.307847654659878e-05,0.0,-0.0004171912706443752,-0.0014127768781479156,0.0,0.04720197823273913
W_N_0015,17,7,1,0.0,0.0,0.003563414697300618,0.002320207875066269,0.0,0.0,0.0,0.0,-0.0005996433290195129,0.0,0.0,0.0,0.0,0.0,-0.0011260533646148584,0.0,-0.0004171912706443752,-0.001638631762831109,0.0,0.002102102845257031
W_N_0015,17,10,1,0.0,0.0,-0.03461726597958733,0.002687913858641826,0.0,0.0,0.0,0.0,-0.0005996433290195129,0.0,0.0,0.0,0.0,0.0,-0.0014012643839672134,0.0,-0.0004171912706443752,-0.003166170958159002,0.0,-0.0375136220627356
W_N_0015,17,11,1,0.0,0.0,-0.020300816858330715,0.0043736160928216404,0.0,0.0,0.0,0.0,-0.0018839849037080654,0.0,0.0,0.0,0.0,0.0,-0.001145006005793847,0.0,-0.0004171912706443752,-0.0020181112251111523,0.0,-0.021391494170766516
W_N_0015,17,16,1,0.0,0.0,-0.07677998050235858,-0.004765317016123516,0.0,0.0,0.0,0.0,-0.0005996433290195129,0.0,0.0,0.0,0.0,0.0,-0.0008057579570643797,0.0,-0.0004171912706443752,-0.0017545791331925237,0.0,-0.08512246920840288
W_N_0015,17,19,1,0.0,0.0,-0.029335889074405923,-0.01276231648824537,0.0,0.0,0.0,0.0,-0.0006073848200035545,0.0,0.0,0.0,0.0,0.0,-0.0008968227251025418,0.0,-0.0004171912706443752,-0.003551007692840203,0.0,-0.04757061207124196
W_N_0015,17,22,1,0.0,0.0,-0.06934162868780196,-0.006034118719025759,0.0,0.0,0.0,0.0,-0.0006073848200035545,0.0,0.0,0.0,0.0,0.0,-0.0013966621298736016,0.0,-0.0004171912706443752,-0.0029243252237939896,0.0,-0.08072131085114324
W_N_0015,17,30,1,0.0,0.0,-0.021888627887681773,0.0016144110548092048,0.0,0.0,0.0,0.0,-0.0018839849037080654,0.0,0.0,0.0,0.0,0.0,-0.0005489770427508968,0.0,-0.0004171912706443752,-0.0017811310733017887,0.0,-0.024905501123277694
W_N_0015,17,32,1,0.0,0.0,0.004019876573605014,0.002895157033143849,0.0,0.0,0.0,0.0,-0.00031499064422325077,0.0,0.0,0.0,0.0,0.0,-0.001158296074122898,0.0,-0.0004171912706443752,-0.0019767651461292356,0.0,0.003047790471629103
W_N_0015,18,1,1,0.0,0.0,0.040986622238491914,0.001394500071789164,0.0,0.0,0.0,0.0,0.021404778769402583,0.0,0.0,0.0,0.0,0.0,-0.0008757792687798501,0.0,-0.0004171912706443752,-0.002115310972666074,0.0,0.060377619567593355
W_N_0015,18,3,1,0.0,0.0,0.04841816386915267,0.0008408344164842222,0.0,0.0,0.0,0.0,0.006048942376760622,0.0,0.0,0.0,0.0,0.0,-0.00040264240625067377,0.0,-0.0004171912706443752,-0.0021457320957323895,0.0,0.052342374889770074
W_N_0015,18,6,1,0.0,0.0,0.0039989598251059235,0.0042615455257241025,0.0,0.0,0.0,0.0,-0.0006073848200035545,0.0,0.0,0.0,0.0,0.0,-0.00024478122191854876,0.0,-0.0004171912706443752,-0.0027616443743989577,0.0,0.00422950366386459
W_N_0015,18,15,1,0.0,0.0,-0.052936049855696866,-0.005129662064472816,0.0,0.0,0.0,0.0,-0.0005996433290195129,0.0,0.0,0.0,0.0,0.0,-0.0006025484021471476,0.0,-0.0004171912706443752,-0.0032983098629284073,0.0,-0.06298340478490912
W_N_0015,18,16,1,0.0,0.0,-0.06787818643092763,-0.006063038518936581,0.0,0.0,0.0,0.0,-0.0006073848200035545,0.0,0.0,0.0,0.0,0.0,-0.0013709695018203308,0.0,-0.0004171912706443752,-0.001479914023725597,0.0,-0.07781668456605809
W_N_0015,18,39,1,0.0,0.0,0.040802805462550266,0.00119650455771087,0.0,0.0,0.0,0.0,0.006048942376760622,0.0,0.0,0.0,0.0,0.0,-0.0011435381211969179,0.0,-0.0004171912706443752,-0.002433918261613507,0.0,0.04405360474356696
W_N_0015,19,3,0,0.0,0.0,0.048982631893237684,0.0012892381153917802,0.0,0.0,0.0,0.0,0.0019501407731502382,0.0,0.0,0.0,0.0,0.0,-0.0009481593213661773,0.0,-0.0004171912706443752,-0.0024342214280811004,0.0,0.04842243876168805
W_N_0015,19,11,1,0.0,0.0,-0.04159476955617017,0.0009212885213935703,0.0,0.0,0.0,0.0,-0.0018839849037080654,0.0,0.0,0.0,0.0,0.0,-0.0007716425239350631,0.0,-0.0004171912706443752,-0.002886767961811251,0.0,-0.04663306769487535
W_N_0015,19,34,1,0.0,0.0,0.006181799488236628,0.001785093736017663,0.0,0.0,0.0,0.0,-0.0018839849037080654,0.0,0.0,0.0,0.0,0.0,-0.00047286982314938053,0.0,-0.0004171912706443752,-0.0016272129311274077,0.0,0.0035656342956250637
W_N_0015,19,35,1,0.0,0.0,-0.004303118324947824,0.001464385885975744,0.0,0.0,0.0,0.0,-0.0005996433290195129,0.0,0.0,0.0,0.0,0.0,-0.00041744003044128257,0.0,-0.0004171912706443752,-0.0019435100306122895,0.0,-0.00621651709968954
W_N_0015,19,40,1,0.0,0.0,0.04356331739444907,0.0025440506488984783,0.0,0.0,0.0,0.0,0.0019501407731502382,0.0,0.0,0.0,0.0,0.0,-0.0008840360743774313,0.0,-0.0004171912706443752,-0.0013328792647477666,0.0,0.04542340220672821
W_N_0015,20,26,1,0.0,0.0,-0.05804261937753942,-0.01821105939222035,0.0,0.0,0.0,0.0,-0.0018839849037080654,0.0,0.0,0.0,0.0,0.0,-0.0011428732557446637,0.0,-0.0004171912706443752,-0.0018917657977859225,0.0,-0.08158949399764281
W_N_0015,20,27,1,0.0,0.0,-0.046338165611243175,-0.00506324975595202,0.0,0.0,0.0,0.0,-0.0006073848200035545,0.0,0.0,0.0,0.0,0.0,-0.0022521346027249913,0.0,-0.0004171912706443752,-0.001876455959329837,0.0,-0.05655458201989795
W_N_0015,20,41,1,0.0,0.0,0.037240919241482276,0.0012675075881034576,0.0,0.0,0.0,0.0,0.0019501407731502382,0.0,0.0,0.0,0.0,0.0,-0.0007118131687946783,0.0,-0.0004171912706443752,-0.0020707959206278056,0.0,0.03725876724266912
W_N_0015,21,8,1,0.0,0.0,-0.04796504570616034,0.004898044078504204,0.0,0.0,0.0,0.0,-0.0018839849037080654,0.0,0.0,0.0,0.0,0.0,-0.0009111952284162195,0.0,-0.0004171912706443752,-0.0018876987885632045,0.0,-0.04816707181898801
W_N_0015,21,22,1,0.0,0.0,-0.058405480618179885,-0.029697186341327717,0.0,0.0,0.0,0.0,-0.0005996433290195129,0.0,0.0,0.0,0.0,0.0,-0.0016713039211122315,0.0,-0.0004171912706443752,-0.0015291491188127147,0.0,-0.09231995459909645
W_N_0015,21,24,1,0.0,0.0,-0.0516812592160458,-0.004694163359969052,0.0,0.0,0.0,0.0,-0.0006073848200035545,0.0,0.0,0.0,0.0,0.0,-0.0013666438722195384,0.0,-0.0004171912706443752,-0.0017244514523063034,0.0,-0.06049109399118863
W_N_0015,21,25,1,0.0,0.0,-0.07034654781504465,-0.005963129688979097,0.0,0.0,0.0,0.0,-0.0018839849037080654,0.0,0.0,0.0,0.0,0.0,-0.0008460538102456448,0.0,-0.0004171912706443752,-0.0018676406554863794,0.0,-0.08132454814410822
W_N_0015,22,2,1,0.0,0.0,0.05280041254349453,0.001119745292516352,0.0,0.0,0.0,0.0,0.006048942376760622,0.0,0.0,0.0,0.0,0.0,-0.00016964414387710846,0.0,-0.0004171912706443752,-0.0026099730000011894,0.0,0.05677229179824884
W_N_0015,22,3,1,0.0,0.0,0.04059571147085266,0.0019958676236048875,0.0,0.0,0.0,0.0,0.0019501407731502382,0.0,0.0,0.0,0.0,0.0,-0.0006886411952881766,0.0,-0.0004171912706443752,-0.0017828166923529562,0.0,0.04165307070932228
W_N_0015,22,6,1,0.0,0.0,-0.0009540581278327501,0.001593236676106034,0.0,0.0,0.0,0.0,-0.006666666262799024,0.0,0.0,0.0,0.0,0.0,-0.0007714404040359544,0.0,-0.0004171912706443752,-0.0023046175473271967,0.0,-0.009520736936533266
W_N_0015,22,17,1,0.0,0.0,-0.05761896417651878,-0.01780215234538443,0.0,0.0,0.0,0.0,-0.0018839849037080654,0.0,0.0,0.0,0.0,0.0,-0.0008635969759209191,0.0,-0.0004171912706443752,-0.003385117748656653,0.0,-0.08197100742083324
W_N_0015,22,24,1,0.0,0.0,-0.05301179463772703,-0.008081845759304826,0.0,0.0,0.0,0.0,-0.00031499064422325077,0.0,0.0,0.0,0.0,0.0,-0.0005829705112869229,0.0,-0.0004171912706443752,-0.0019744125594280655,0.0,-0.06438320538261447
W_N_0015,22,25,1,0.0,0.0,-0.10369992210353636,-0.006847450814347707,0.0,0.0,0.0,0.0,-0.0006073848200035545,0.0,0.0,0.0,0.0,0.0,-0.0009330588059462239,0.0,-0.0004171912706443752,-0.001731143388556632,0.0,-0.11423615120303486
W_N_0015,22,30,1,0.0,0.0,-0.07009610861938417,0.0010707046717970412,0.0,0.0,0.0,0.0,-0.0018839849037080654,0.0,0.0,0.0,0.0,0.0,-0.0006917783613094198,0.0,-0.0004171912706443752,-0.002286410978310693,0.0,-0.0743047694615597
W_N_0015,22,34,1,0.0,0.0,-0.010418240154388518,0.004212735269032228,0.0,0.0,0.0,0.0,-0.0018839849037080654,0.0,0.0,0.0,0.0,0.0,-0.0009095115312519578,0.0,-0.0004171912706443752,-0.0035284321126589674,0.0,-0.012944624703619656
W_N_0015,22,39,1,0.0,0.0,0.06902128892079769,0.001138722483129709,0.0,0.0,0.0,0.0,0.006048942376760622,0.0,0.0,0.0,0.0,0.0,-0.0010408222140970609,0.0,-0.0004171912706443752,-0.0020216893357665215,0.0,0.07272925096018007
W_N_0015,23,1,0,0.0,0.0,0.04791437289934944,0.0021507452448826826,0.0,0.0,0.0,0.0,0.006048942376760622,0.0,0.0,0.0,0.0,0.0,-0.00043845368007484377,0.0,-0.0004171912706443752,-0.002265207531670242,0.0,0.05299320803860329
W_N_0015,23,7,1,0.0,0.0,-0.0017548534469120733,0.004530834354139834,0.0,0.0,0.0,0.0,-0.0005996433290195129,0.0,0.0,0.0,0.0,0.0,-0.0009187659643812196,0.0,-0.0004171912706443752,-0.0017956551615405688,0.0,-0.0009552748183579159
W_N_0015,23,13,1,0.0,0.0,-0.08237824291073298,-0.009912162723935747,0.0,0.0,0.0,0.0,-0.0018839849037080654,0.0,0.0,0.0,0.0,0.0,-0.0006862938359191429,0.0,-0.0004171912706443752,-0.0019495237097952693,0.0,-0.0972273993547356
W_N_0015,23,16,0,0.0,0.0,-0.04194159705842958,-0.008266312148109781,0.0,0.0,0.0,0.0,-0.0018839849037080654,0.0,0.0,0.0,0.0,0.0,-0.000641389662526373,0.0,-0.0004171912706443752,-0.0017606349669939138,0.0,-0.05491111001041208
W_N_0015,23,17,1,0.0,0.0,-0.04874612891620414,-0.009634047859312943,0.0,0.0,0.0,0.0,-0.0018839849037080654,0.0,0.0,0.0,0.0,0.0,-0.001033326285654404,0.0,-0.0004171912706443752,-0.0016795664780086704,0.0,-0.0633942457135326
W_N_0015,23,19,1,0.0,0.0,-0.061244739808209346,-0.0053511516974426784,0.0,0.0,0.0,0.0,-0.0018839849037080654,0.0,0.0,0.0,0.0,0.0,-0.0028509353873975266,0.0,-0.0004171912706443752,-0.0017074126158487372,0.0,-0.07345541568325074
W_N_0015,23,24,1,0.0,0.0,-0.08750620132996166,-0.010949270524582281,0.0,0.0,0.0,0.0,-0.0018839849037080654,0.0,0.0,0.0,0.0,0.0,-0.0018861353927716606,0.0,-0.0004171912706443752,-0.005680032284800699,0.0,-0.10832281570646875
W_N_0015,23,36,1,0.0,0.0,0.014235647316893293,0.0021544837895767213,0.0,0.0,0.0,0.0,0.0019501407731502382,0.0,0.0,0.0,0.0,0.0,-0.0009134313607436945,0.0,-0.0004171912706443752,-0.003651578584948542,0.0,0.013358070663283641
W_N_0015,24,3,1,0.0,0.0,0.03519688810436938,0.00375567140702629,0.0,0.0,0.0,0.0,0.0019252850363656625,0.0,0.0,0.0,0.0,0.0,-0.0008838953316692344,0.0,-0.0004171912706443752,-0.0017211334299547646,0.0,0.03785562451549295
W_N_0015,24,7,1,0.0,0.0,-0.012208038239964105,0.001313264198414679,0.0,0.0,0.0,0.0,-0.0006073848200035545,0.0,0.0,0.0,0.0,0.0,-0.000510413873004965,0.0,-0.0004171912706443752,-0.0018448934507694235,0.0,-0.014274657455971744
W_N_0015,24,10,1,0.0,0.0,-0.024849072020373408,0.0006037506121429984,0.0,0.0,0.0,0.0,-0.0018839849037080654,0.0,0.0,0.0,0.0,0.0,-0.0005239582973357087,0.0,-0.0004171912706443752,-0.0019297237130443583,0.0,-0.029000179592962916
W_N_0015,24,17,1,0.0,0.0,-0.06914990084185553,-0.011562464870083847,0.0,0.0,0.0,0.0,-0.0006073848200035545,0.0,0.0,0.0,0.0,0.0,-0.000627425569786154,0.0,-0.0004171912706443752,-0.002346510175358475,0.0,-0.08471087754773193
W_N_0015,24,37,1,0.0,0.0,0.03157836550642473,0.0009608854081534576,0.0,0.0,0.0,0.0,0.0019252850363656625,0.0,0.0,0.0,0.0,0.0,-0.0009956526704009926,0.0,-0.0004171912706443752,-0.001580094826913706,0.0,0.03147159718298478
W_N_0015,24,40,1,0.0,0.0,0.039541401540788806,0.003670788335822004,0.0,0.0,0.0,0.0,0.006048942376760622,0.0,0.0,0.0,0.0,0.0,-0.001552801325752021,0.0,-0.0004171912706443752,-0.002602354006685773,0.0,0.04468878565028927
W_N_0015,25,3,1,0.0,0.0,0.05949271137034614,0.0009300741001001447,0.0,0.0,0.0,0.0,0.006048942376760622,0.0,0.0,0.0,0.0,0.0,-9.040517486059752e-05,0.0,-0.0004171912706443752,-0.003405486488590295,0.0,0.06255864491311164
W_N_0015,25,28,1,0.0,0.0,-0.05657471893767759,-0.005080591209918649,0.0,0.0,0.0,0.0,-0.006666666262799024,0.0,0.0,0.0,0.0,0.0,-0.00013385276955280853,0.0,-0.0004171912706443752,-0.0026583346453868803,0.0,-0.07153135509597934
W_N_0015,25,36,1,0.0,0.0,0.035833992466008664,0.0009977491237620167,0.0,0.0,0.0,0.0,0.006048942376760622,0.0,0.0,0.0,0.0,0.0,-0.0011694603897054589,0.0,-0.0004171912706443752,-0.002404074366819302,0.0,0.03888995793936217
W_N_0015,25,38,1,0.0,0.0,0.039320996636826984,0.003669647214583209,0.0,0.0,0.0,0.0,0.006048942376760622,0.0,0.0,0.0,0.0,0.0,-0.000949232963195158,0.0,-0.0004171912706443752,-0.0016317295726887846,0.0,0.046041432421642506
W_N_0015,25,40,1,0.0,0.0,0.04234324894980211,0.004223672313028639,0.0,0.0,0.0,0.0,0.006048942376760622,0.0,0.0,0.0,0.0,0.0,-0.0010699866783501467,0.0,-0.0004171912706443752,-0.004116758200346266,0.0,0.04701192749025059
W_N_0015,26,2,1,0.0,0.0,0.04654734849758262,0.0019242209590349566,0.0,0.0,0.0,0.0,0.006048942376760622,0.0,0.0,0.0,0.0,0.0,-0.0004886580096190245,0.0,-0.0004171912706443752,-0.003110551866785249,0.0,0.05050411068632956
W_N_0015,26,4,1,0.0,0.0,0.029843667287181935,0.0008773728141503985,0.0,0.0,0.0,0.0,0.006048942376760622,0.0,0.0,0.0,0.0,0.0,-0.0007003557808526985,0.0,-0.0004171912706443752,-0.001774465439146691,0.0,0.033877969987449186
W_N_0015,26,13,1,0.0,0.0,-0.07612233830336977,-0.005439309239804145,0.0,0.0,0.0,0.0,-0.0018839849037080654,0.0,0.0,0.0,0.0,0.0,-0.0004928501669324468,0.0,-0.0004171912706443752,-0.0018980446989676656,0.0,-0.08625371858342647
W_N_0015,26,23,1,0.0,0.0,-0.08323793435274673,-0.006110145421045653,0.0,0.0,0.0,0.0,-0.0018839849037080654,0.0,0.0,0.0,0.0,0.0,-0.0011606246187229848,0.0,-0.0004171912706443752,-0.0035404945151518976,0.0,-0.09635037508201973
W_N_0015,26,24,1,0.0,0.0,-0.0723499671248974,-0.02194041737805034,0.0,0.0,0.0,0.0,-0.0018839849037080654,0.0,0.0,0.0,0.0,0.0,-0.0004974912403200769,0.0,-0.0004171912706443752,-0.0017448672582769447,0.0,-0.0988339191758972
W_N_0015,26,32,1,0.0,0.0,-0.010332839874921241,0.0011859401093466022,0.0,0.0,0.0,0.0,-0.0018839849037080654,0.0,0.0,0.0,0.0,0.0,-0.0005951792549971612,0.0,-0.0004171912706443752,-0.0027806035041501626,0.0,-0.014823858699074403
W_N_0015,26,36,0,0.0,0.0,0.04812520340616242,0.0028174948741447902,0.0,0.0,0.0,0.0,0.0019252850363656625,0.0,0.0,0.0,0.0,0.0,-0.0017392871725917876,0.0,-0.0004171912706443752,-0.0025377992601620433,0.0,0.048173705613274664
W_N_0015,27,11,1,0.0,0.0,-0.033229212368923046,0.004413305729471656,0.0,0.0,0.0,0.0,-0.00031499064422325077,0.0,0.0,0.0,0.0,0.0,-0.00034340471712319845,0.0,-0.0004171912706443752,-0.0025949514157988245,0.0,-0.032486444687241045
W_N_0015,27,14,1,0.0,0.0,-0.04117383528698106,-0.0037845875964283827,0.0,0.0,0.0,0.0,-0.0018839849037080654,0.0,0.0,0.0,0.0,0.0,-0.0005864301777025429,0.0,-0.0004171912706443752,-0.001900059144671209,0.0,-0.04974608838013564
W_N_0015,27,20,1,0.0,0.0,-0.08204603015375962,-0.011616802699906378,0.0,0.0,0.0,0.0,-0.0018839849037080654,0.0,0.0,0.0,0.0,0.0,-0.0007054204703600856,0.0,-0.0004171912706443752,-0.0015712032660526363,0.0,-0.09824063276443117
W_N_0015,27,31,1,0.0,0.0,-0.016112613104659616,0.0019094972538685584,0.0,0.0,0.0,0.0,-0.0018839849037080654,0.0,0.0,0.0,0.0,0.0,-0.000607162267688155,0.0,-0.0004171912706443752,-0.002051192875395673,0.0,-0.019162647168227326
W_N_0015,27,33,1,0.0,0.0,-0.0029403101722982983,0.004429394667839503,0.0,0.0,0.0,0.0,-0.0018839849037080654,0.0,0.0,0.0,0.0,0.0,-0.0006593474909299144,0.0,-0.0004171912706443752,-0.0022252278042253744,0.0,-0.0036966669739665245
W_N_0015,28,15,0,0.0,0.0,-0.06527851990306219,-0.0019462384041924892,0.0,0.0,0.0,0.0,-0.0005996433290195129,0.0,0.0,0.0,0.0,0.0,-0.000575448073962934,0.0,-0.0004171912706443752,-0.002910992580819409,0.0,-0.07172803356170092
W_N_0015,28,16,0,0.0,0.0,-0.07549752308744966,-0.014137759579331124,0.0,0.0,0.0,0.0,-0.0018839849037080654,0.0,0.0,0.0,0.0,0.0,-0.0016008284627830186,0.0,-0.0004171912706443752,-0.005217482067078815,0.0,-0.09875476937099506
W_N_0015,28,20,1,0.0,0.0,-0.07632383037104894,-0.016576628896765432,0.0,0.0,0.0,0.0,-0.00031499064422325077,0.0,0.0,0.0,0.0,0.0,-0.0007237259767947752,0.0,-0.0004171912706443752,-0.003376340498526449,0.0,-0.09773270765800322
W_N_0015,28,28,1,0.0,0.0,-0.06349598713643603,0.0007959114012216478,0.0,0.0,0.0,0.0,-0.0005996433290195129,0.0,0.0,0.0,0.0,0.0,-0.0008769922998608708,0.0,-0.0004171912706443752,-0.0016685142488176144,0.0,-0.06626241688355676
W_N_0015,28,29,1,0.0,0.0,-0.0658994880013009,0.0006708977056689903,0.0,0.0,0.0,0.0,-0.0018839849037080654,0.0,0.0,0.0,0.0,0.0,-0.0012908414299341781,0.0,-0.0004171912706443752,-0.003977051633855558,0.0,-0.0727976595337741
W_N_0015,28,30,1,0.0,0.0,-0.018278973470678955,0.0022118409750818443,0.0,0.0,0.0,0.0,-0.0018839849037080654,0.0,0.0,0.0,0.0,0.0,-0.0005950929630388948,0.0,-0.0004171912706443752,-0.0014836472746414188,0.0,-0.020447048907629863
W_N_0015,28,41,1,0.0,0.0,0.04105000725546594,0.0006748623038297276,0.0,0.0,0.0,0.0,0.006048942376760622,0.0,0.0,0.0,0.0,0.0,1.7068508039388993e-05,0.0,-0.0004171912706443752,-0.0026127669458471136,0.0,0.0447609222276042
W_N_0015,29,4,1,0.0,0.0,0.042944493613435546,0.0007181042234938399,0.0,0.0,0.0,0.0,0.006048942376760622,0.0,0.0,0.0,0.0,0.0,-0.0008495249527943674,0.0,-0.0004171912706443752,-0.0026613907836665544,0.0,0.04578343320658471
W_N_0015,29,13,1,0.0,0.0,-0.03141499976768509,0.0038403486492157766,0.0,0.0,0.0,0.0,-0.0018839849037080654,0.0,0.0,0.0,0.0,0.0,-0.0012110484954673119,0.0,-0.0004171912706443752,-0.002947108575260373,0.0,-0.03403398436354944
W_N_0015,29,20,1,0.0,0.0,-0.07743023627053873,-0.005944824998650563,0.0,0.0,0.0,0.0,-0.00031499064422325077,0.0,0.0,0.0,0.0,0.0,-0.0007385168551014682,0.0,-0.0004171912706443752,-0.0013525480606495022,0.0,-0.0861983080998079
W_N_0015,29,35,1,0.0,0.0,0.004559560154423968,0.0021486603791126373,0.0,0.0,0.0,0.0,-0.0018839849037080654,0.0,0.0,0.0,0.0,0.0,-0.0014098905431272392,0.0,-0.0004171912706443752,-0.0020630801703550505,0.0,0.0009340736457018749
W_N_0015,29,38,0,0.0,0.0,0.05791232046241416,0.002916817349788022,0.0,0.0,0.0,0.0,0.006048942376760622,0.0,0.0,0.0,0.0,0.0,-0.0007513943498048064,0.0,-0.0004171912706443752,-0.002434556317322367,0.0,0.06327493825119124
W_N_0015,29,39,1,0.0,0.0,0.05656841886209912,0.0020990684746967337,0.0,0.0,0.0,0.0,0.0019501407731502382,0.0,0.0,0.0,0.0,0.0,-0.0007496162225401021,0.0,-0.0004171912706443752,-0.001900159599156936,0.0,0.057550661017604685
W_N_0015,30,10,1,0.0,0.0,-0.012274353671492762,0.0008804274021504238,0.0,0.0,0.0,0.0,-0.0005996433290195129,0.0,0.0,0.0,0.0,0.0,-0.0008820990145487293,0.0,-0.0004171912706443752,-0.004200528294486491,0.0,-0.017493388178041448
W_N_0015,30,20,1,0.0,0.0,-0.05790969166207617,-0.003983913758971306,0.0,0.0,0.0,0.0,-0.00031499064422325077,0.0,0.0,0.0,0.0,0.0,-0.0009868153371392842,0.0,-0.0004171912706443752,-0.002407112694938421,0.0,-0.06601971536799281
W_N_0015,30,33,0,0.0,0.0,-0.006961756064239282,0.00434084055406381,0.0,0.0,0.0,0.0,-0.0018839849037080654,0.0,0.0,0.0,0.0,0.0,-0.0004385094547494038,0.0,-0.0004171912706443752,-0.0016088616222072723,0.0,-0.006969462761484589
W_N_0015,30,35,1,0.0,0.0,0.05275592712349649,0.001988972295887916,0.0,0.0,0.0,0.0,-0.0018839849037080654,0.0,0.0,0.0,0.0,0.0,-0.0012847528584958143,0.0,-0.0004171912706443752,-0.0019619735771714483,0.0,0.04919699680936471
W_N_0015,30,37,1,0.0,0.0,0.06715478640425204,0.0011452616130398494,0.0,0.0,0.0,0.0,0.006048942376760622,0.0,0.0,0.0,0.0,0.0,-0.0005871093999586792,0.0,-0.0004171912706443752,-0.0017189432213701858,0.0,0.07162574650207927
W_N_0015,31,2,1,0.0,0.0,0.04686169097812495,0.000574334380276238,0.0,0.0,0.0,0.0,0.006048942376760622,0.0,0.0,0.0,0.0,0.0,-0.0005490008980508385,0.0,-0.0004171912706443752,-0.001998676586526804,0.0,0.050520098979939795
W_N_0015,31,6,1,0.0,0.0,0.038557994694600424,0.0011128792991322465,0.0,0.0,0.0,0.0,-0.0005996433290195129,0.0,0.0,0.0,0.0,0.0,-0.001481415102993084,0.0,-0.0004171912706443752,-0.0029365911618190674,0.0,0.03423603312925663
W_N_0015,31,11,1,0.0,0.0,-0.0024871809554427005,0.005529738896090776,0.0,0.0,0.0,0.0,-0.0018839849037080654,0.0,0.0,0.0,0.0,0.0,-0.0006108202677045685,0.0,-0.0004171912706443752,-0.0027580091760377903,0.0,-0.0026274476774467235
W_N_0015,31,19,1,0.0,0.0,-0.06827609693642063,-0.01414460922347082,0.0,0.0,0.0,0.0,-0.0018839849037080654,0.0,0.0,0.0,0.0,0.0,-0.00033635616136813706,0.0,-0.0004171912706443752,-0.0018680485351220961,0.0,-0.08692628703073413
W_N_0015,31,32,1,0.0,0.0,0.003982444041126328,0.00375567140702629,0.0,0.0,0.0,0.0,-0.0005996433290195129,0.0,0.0,0.0,0.0,0.0,-0.0011947372606049796,0.0,-0.0004171912706443752,-0.003280166762639925,0.0,0.0022463768252438255
W_N_0015,32,2,1,0.0,0.0,0.03577218339558521,0.004278046335406426,0.0,0.0,0.0,0.0,0.006048942376760622,0.0,0.0,0.0,0.0,0.0,-0.0008945550268897577,0.0,-0.0004171912706443752,-0.0017560343543068582,0.0,0.04303139145591127
W_N_0015,32,5,1,0.0,0.0,0.056916085514892543,0.0025703565512831578,0.0,0.0,0.0,0.0,0.0019252850363656625,0.0,0.0,0.0,0.0,0.0,-0.001215073297839308,0.0,-0.0004171912706443752,-0.0031574985710118523,0.0,0.056621963963045835
W_N_0015,32,11,1,0.0,0.0,-0.018550064412131043,0.0027375469539333763,0.0,0.0,0.0,0.0,-0.0005996433290195129,0.0,0.0,0.0,0.0,0.0,-0.0011389547357939323,0.0,-0.0004171912706443752,-0.003111379465195122,0.0,-0.02107968625885061
W_N_0015,32,12,0,0.0,0.0,-0.008498148934670144,0.0019578495351567616,0.0,0.0,0.0,0.0,-0.0018839849037080654,0.0,0.0,0.0,0.0,0.0,-0.002004205735868397,0.0,-0.0004171912706443752,-0.0034076104213661565,0.0,-0.014253291731100376
W_N_0015,32,13,1,0.0,0.0,-0.017045399619697612,0.0011880106885794157,0.0,0.0,0.0,0.0,-0.0006073848200035545,0.0,0.0,0.0,0.0,0.0,-0.001137759147852205,0.0,-0.0004171912706443752,-0.0020359754119796836,0.0,-0.020055699581598016
W_N_0015,32,19,1,0.0,0.0,-0.02676208160143394,0.001699244952766994,0.0,0.0,0.0,0.0,-0.0005996433290195129,0.0,0.0,0.0,0.0,0.0,-0.0009330557161226999,0.0,-0.0004171912706443752,-0.001828289316812893,0.0,-0.02884101628126643
W_N_0015,32,34,1,0.0,0.0,0.022665067160252978,0.0028590134550122077,0.0,0.0,0.0,0.0,-0.0018839849037080654,0.0,0.0,0.0,0.0,0.0,-0.0006161476593993143,0.0,-0.0004171912706443752,-0.0017844641806667714,0.0,0.02082229260084666
W_N_0015,32,37,1,0.0,0.0,0.029854919977044283,0.003032835032787629,0.0,0.0,0.0,0.0,0.0019501407731502382,0.0,0.0,0.0,0.0,0.0,-0.0006234263942024993,0.0,-0.0004171912706443752,-0.002053337957068994,0.0,0.031743940161066284
W_N_0015,32,39,0,0.0,0.0,0.07419821601986462,0.0016974717480780044,0.0,0.0,0.0,0.0,0.0019501407731502382,0.0,0.0,0.0,0.0,0.0,-0.0009762246915678785,0.0,-0.0004171912706443752,-0.002403348997635769,0.0,0.07404906358124484
W_N_0015,33,4,1,0.0,0.0,0.058192905848407604,0.004660879297362555,0.0,0.0,0.0,0.0,0.006048942376760622,0.0,0.0,0.0,0.0,0.0,-0.001143056995424766,0.0,-0.0004171912706443752,-0.003982958954420836,0.0,0.06335952030204081
W_N_0015,33,6,1,0.0,0.0,0.044052701451030865,0.0044608370941702875,0.0,0.0,0.0,0.0,-0.0018839849037080654,0.0,0.0,0.0,0.0,0.0,-0.00013173750850923525,0.0,-0.0004171912706443752,-0.0024591601302714917,0.0,0.04362146473206799
W_N_0015,33,9,1,0.0,0.0,0.0036264562482949216,0.0026563813177389642,0.0,0.0,0.0,0.0,-0.0018839849037080654,0.0,0.0,0.0,0.0,0.0,-0.0010344580746507776,0.0,-0.0004171912706443752,-0.002087867209007223,0.0,0.0008593361080234448
W_N_0015,33,15,1,0.0,0.0,-0.017248705619293373,0.004491226154185683,0.0,0.0,0.0,0.0,-0.0018839849037080654,0.0,0.0,0.0,0.0,0.0,-0.0005721553259800592,0.0,-0.0004171912706443752,-0.0046081028980122255,0.0,-0.020238913863452414
W_N_0015,33,25,1,0.0,0.0,-0.028968297283611277,0.004453388603840643,0.0,0.0,0.0,0.0,-0.00031499064422325077,0.0,0.0,0.0,0.0,0.0,-0.000397565414748483,0.0,-0.0004171912706443752,-0.0019651515489777977,0.0,-0.027609807558364546
W_N_0015,33,30,1,0.0,0.0,0.007795333467394343,0.0011481658898896156,0.0,0.0,0.0,0.0,-0.0006073848200035545,0.0,0.0,0.0,0.0,0.0,-0.0008195971158002629,0.0,-0.0004171912706443752,-0.0015824512320213974,0.0,0.005516874918814368
W_N_0015,33,31,1,0.0,0.0,0.002965138009630616,0.00249960321420587,0.0,0.0,0.0,0.0,-0.0005996433290195129,0.0,0.0,0.0,0.0,0.0,-0.0014293354124463333,0.0,-0.0004171912706443752,-0.0017564236847263765,0.0,0.0012621475269998883
W_N_0015,33,37,1,0.0,0.0,0.046746317803395256,0.0013375886913594489,0.0,0.0,0.0,0.0,0.0010113458193720198,0.0,0.0,0.0,0.0,0.0,-0.000967921835382401,0.0,-0.0004171912706443752,-0.0014058867368474076,0.0,0.04630425247125255
W_N_0015,34,11,1,0.0,0.0,0.012079042699523663,0.004173344193158148,0.0,0.0,0.0,0.0,-0.0006073848200035545,0.0,0.0,0.0,0.0,0.0,-0.000659784554483188,0.0,-0.0004171912706443752,-0.0015794806580851435,0.0,0.01298854558946555
W_N_0015,34,14,1,0.0,0.0,-0.0011140243161304926,0.0046968064667943284,0.0,0.0,0.0,0.0,-0.0006073848200035545,0.0,0.0,0.0,0.0,0.0,-0.0009939187643213264,0.0,-0.0004171912706443752,-0.0023142359936164348,0.0,-0.0007499486979218551
W_N_0015,34,15,1,0.0,0.0,-0.00947792410761384,0.0017184619114107174,0.0,0.0,0.0,0.0,-0.0006073848200035545,0.0,0.0,0.0,0.0,0.0,-0.0015290148800499697,0.0,-0.0004171912706443752,-0.002907836265006991,0.0,-0.013220889431908014
W_N_0015,34,19,0,0.0,0.0,-0.031987343523544265,0.002375470514497268,0.0,0.0,0.0,0.0,-0.0016187475642911583,0.0,0.0,0.0,0.0,0.0,-0.0011051757824775141,0.0,-0.0004171912706443752,-0.002914031265619529,0.0,-0.03566701889207957
W_N_0015,34,31,0,0.0,0.0,0.016374093654758018,0.004337781256602227,0.0,0.0,0.0,0.0,-0.0018839849037080654,0.0,0.0,0.0,0.0,0.0,-0.0007973070528579949,0.0,-0.0004171912706443752,-0.0020921382441942077,0.0,0.015521253439955602
W_N_0015,34,32,1,0.0,0.0,0.0188731874001866,0.005041545143782628,0.0,0.0,0.0,0.0,-0.0006844117976628869,0.0,0.0,0.0,0.0,0.0,-0.002279586228752095,0.0,-0.0004171912706443752,-0.0029830429635953996,0.0,0.01755050028331447
W_N_0015,34,34,0,0.0,0.0,0.06525703793586586,0.001313264198414679,0.0,0.0,0.0,0.0,-0.0018839849037080654,0.0,0.0,0.0,0.0,0.0,-0.000825326777142386,0.0,-0.0004171912706443752,-0.002901727396668131,0.0,0.060542071786117584
W_N_0015,34,38,1,0.0,0.0,0.04255858505236162,0.0016290728800539371,0.0,0.0,0.0,0.0,0.0019252850363656625,0.0,0.0,0.0,0.0,0.0,-0.0010774386001491025,0.0,-0.0004171912706443752,-0.002911507214352866,0.0,0.04170680588363487
W_N_0015,35,5,1,0.0,0.0,0.05180279963330647,0.0015845926933025839,0.0,0.0,0.0,0.0,0.0019252850363656625,0.0,0.0,0.0,0.0,0.0,-0.00080268395857312,0.0,-0.0004171912706443752,-0.0016594629115666837,0.0,0.05243333922219054
W_N_0015,35,21,1,0.0,0.0,-0.010493540874794007,0.003865536880278037,0.0,0.0,0.0,0.0,-0.0006073848200035545,0.0,0.0,0.0,0.0,0.0,-0.0006892380238039087,0.0,-0.0004171912706443752,-0.0016670237752055578,0.0,-0.010008841884173367
W_N_0015,35,27,1,0.0,0.0,-0.0014711821482492086,0.0013209023132002725,0.0,0.0,0.0,0.0,-0.0018839849037080654,0.0,0.0,0.0,0.0,0.0,-0.001190808367189167,0.0,-0.0004171912706443752,-0.004820548878348155,0.0,-0.008462813254938698
W_N_0015,35,31,1,0.0,0.0,0.018781178982507807,0.002930381532691773,0.0,0.0,0.0,0.0,-0.0018839849037080654,0.0,0.0,0.0,0.0,0.0,-0.0012139270558312089,0.0,-0.0004171912706443752,-0.00271791932293311,0.0,0.01547853796208282
W_N_0015,36,7,1,0.0,0.0,0.06710354339330438,0.0009699039674475805,0.0,0.0,0.0,0.0,-0.0018839849037080654,0.0,0.0,0.0,0.0,0.0,-0.001182331248891506,0.0,-0.0004171912706443752,-0.0020453758255243337,0.0,0.06254456411198367
W_N_0015,36,8,1,0.0,0.0,0.04080149575979508,0.0008707651760695813,0.0,0.0,0.0,0.0,-0.0018839849037080654,0.0,0.0,0.0,0.0,0.0,-0.001386066629636954,0.0,-0.0004171912706443752,-0.0026333850848645544,0.0,0.035351633047010715
W_N_0015,36,11,1,0.0,0.0,0.02157103261473949,0.0008408344164842222,0.0,0.0,0.0,0.0,-0.0018839849037080654,0.0,0.0,0.0,0.0,0.0,-0.0011110095774720511,0.0,-0.0004171912706443752,-0.002484684026759869,0.0,0.016514997252639347
W_N_0015,36,15,1,0.0,0.0,0.007619078205856433,0.00264270025883457,0.0,0.0,0.0,0.0,-0.0018839849037080654,0.0,0.0,0.0,0.0,0.0,-0.0012037713580866627,0.0,-0.0004171912706443752,-0.0027811214336984414,0.0,0.00397570949855346
W_N_0015,36,23,1,0.0,0.0,-0.008040811574227463,0.0011380783451804617,0.0,0.0,0.0,0.0,-0.0018839849037080654,0.0,0.0,0.0,0.0,0.0,-0.00036122966313774314,0.0,-0.0004171912706443752,-0.0039510816178495835,0.0,-0.013516220684386768
W_N_0015,36,27,1,0.0,0.0,0.013730726023051202,0.0017891855143793052,0.0,0.0,0.0,0.0,-0.0018839849037080654,0.0,0.0,0.0,0.0,0.0,-0.001172307911342698,0.0,-0.0004171912706443752,-0.0018250005255569073,0.0,0.01022142692617846
W_N_0015,36,28,1,0.0,0.0,0.004468987896185143,0.0031276817278864354,0.0,0.0,0.0,0.0,-0.0005996433290195129,0.0,0.0,0.0,0.0,0.0,-0.00120185683596358,0.0,-0.0004171912706443752,-0.003010355517860277,0.0,0.0023676226705838343
W_N_0015,37,7,0,0.0,0.0,0.07241356265543726,0.003950705780110752,0.0,0.0,0.0,0.0,-0.006666666262799024,0.0,0.0,0.0,0.0,0.0,-0.0013469983025881046,0.0,-0.0004171912706443752,-0.003774345529519867,0.0,0.06415906706999663
W_N_0015,37,8,1,0.0,0.0,0.05121300238470129,0.002175228509970722,0.0,0.0,0.0,0.0,-0.0018839849037080654,0.0,0.0,0.0,0.0,0.0,-0.0008865202329011764,0.0,-0.0004171912706443752,-0.0016100461244736757,0.0,0.04859048836294472
W_N_0015,37,14,1,0.0,0.0,0.016578170795339655,0.004911117906013207,0.0,0.0,0.0,0.0,-0.00031499064422325077,0.0,0.0,0.0,0.0,0.0,-0.0011416509695611559,0.0,-0.0004171912706443752,-0.00251969366858525,0.0,0.017095762148338828
W_N_0015,37,30,1,0.0,0.0,0.043928124918536766,0.0045319754753786285,0.0,0.0,0.0,0.0,-0.0018839849037080654,0.0,0.0,0.0,0.0,0.0,-0.000649344127355591,0.0,-0.0004171912706443752,-0.0021535600208247617,0.0,0.0433560200713826
W_N_0015,37,32,1,0.0,0.0,0.024069333051088507,0.0042510189584413815,0.0,0.0,0.0,0.0,-0.0005996433290195129,0.0,0.0,0.0,0.0,0.0,-0.0013249333205513029,0.0,-0.0004171912706443752,-0.002109846915321625,0.0,0.02386873717399307
W_N_0015,38,10,1,0.0,0.0,0.04857734913509369,0.001639592217438547,0.0,0.0,0.0,0.0,-0.00031499064422325077,0.0,0.0,0.0,0.0,0.0,-0.00029104249639651437,0.0,-0.0004171912706443752,-0.001763764291815228,0.0,0.04742995264945288
W_N_0015,38,13,1,0.0,0.0,0.04247475907413109,0.0010727346591066405,0.0,0.0,0.0,0.0,-0.0006073848200035545,0.0,0.0,0.0,0.0,0.0,-0.000607901364106936,0.0,-0.0004171912706443752,-0.0015375403396272198,0.0,0.040377475938855656
W_N_0015,38,33,1,0.0,0.0,0.07241958183928948,0.005630580922136703,0.0,0.0,0.0,0.0,-0.0005996433290195129,0.0,0.0,0.0,0.0,0.0,-0.000991041865366334,0.0,-0.0004171912706443752,-0.0021524992735848653,0.0,0.07388978702281108
W_N_0015,39,7,1,0.0,0.0,0.047725764805684925,0.0011485940567031634,0.0,0.0,0.0,0.0,0.0019252850363656625,0.0,0.0,0.0,0.0,0.0,-0.0004920417668032112,0.0,-0.0004171912706443752,-0.0019777165358447076,0.0,0.04791269432546146
W_N_0015,39,24,1,0.0,0.0,0.04188351107251926,0.003938384719844861,0.0,0.0,0.0,0.0,0.0019501407731502382,0.0,0.0,0.0,0.0,0.0,-0.0007972513788078365,0.0,-0.0004171912706443752,-0.0017985746489456345,0.0,0.044759019267116514
W_N_0015,39,26,1,0.0,0.0,0.06271465621960393,0.0008619173735088451,0.0,0.0,0.0,0.0,0.021404778769402583,0.0,0.0,0.0,0.0,0.0,-0.0006195250526756848,0.0,-0.0004171912706443752,-0.0026950094412602136,0.0,0.08124962659793508
W_N_0015,39,32,1,0.0,0.0,0.03448825526170256,0.0015812264937750374,0.0,0.0,0.0,0.0,0.0019252850363656625,0.0,0.0,0.0,0.0,0.0,-0.0022144973719585843,0.0,-0.0004171912706443752,-0.0015466896352242302,0.0,0.03381638851401607
W_N_0015,40,8,1,0.0,0.0,0.040373169198467326,0.0006760034250685222,0.0,0.0,0.0,0.0,0.006048942376760622,0.0,0.0,0.0,0.0,0.0,-0.0011769806177516502,0.0,-0.0004171912706443752,-0.0017145522562316993,0.0,0.043789390855668756
W_N_0015,40,21,1,0.0,0.0,0.049243037498854954,0.003483196138684719,0.0,0.0,0.0,0.0,0.006048942376760622,0.0,0.0,0.0,0.0,0.0,-0.0008956317914688366,0.0,-0.0004171912706443752,-0.0037379081467058843,0.0,0.053724444805481206
W_N_0015,40,27,1,0.0,0.0,0.05101133266416124,0.0013822675647679069,0.0,0.0,0.0,0.0,0.006048942376760622,0.0,0.0,0.0,0.0,0.0,-0.00039385552719412226,0.0,-0.0004171912706443752,-0.001738160608516618,0.0,0.05589333519933466
W_N_0015,40,28,1,0.0,0.0,0.04368811345416925,0.0019662520861778382,0.0,0.0,0.0,0.0,0.0019252850363656625,0.0,0.0,0.0,0.0,0.0,-0.0012160264263685815,0.0,-0.0004171912706443752,-0.0020884602455518942,0.0,0.0438579726341479
W_N_0015,40,32,1,0.0,0.0,0.057136475129224394,0.001033668995242619,0.0,0.0,0.0,0.0,0.006048942376760622,0.0,0.0,0.0,0.0,0.0,-0.0006890436158635437,0.0,-0.0004171912706443752,-0.0016242041276700843,0.0,0.06148864748704963
W_N_0015,41,13,1,0.0,0.0,0.030507120521003465,0.0015233253033251942,0.0,0.0,0.0,0.0,0.006048942376760622,0.0,0.0,0.0,0.0,0.0,-0.0004564124299015529,0.0,-0.0004171912706443752,-0.0015871953812427457,0.0,0.03561858911930061
W_N_0015,41,15,1,0.0,0.0,0.0378093253563599,0.0016997210666059694,0.0,0.0,0.0,0.0,0.006048942376760622,0.0,0.0,0.0,0.0,0.0,-0.0007164070365515703,0.0,-0.0004171912706443752,-0.0017184746850209772,0.0,0.04270591580750958
W_N_0015,41,24,0,0.0,0.0,0.060024511343683175,0.0016242882149193132,0.0,0.0,0.0,0.0,0.005197340339429867,0.0,0.0,0.0,0.0,0.0,-0.0009633111755266727,0.0,-0.0004171912706443752,-0.001509113202155457,0.0,0.06395652424970585
W_N_0015,41,25,1,0.0,0.0,0.039080907137626304,0.0008640320059951703,0.0,0.0,0.0,0.0,0.006048942376760622,0.0,0.0,0.0,0.0,0.0,-0.0007854159698999487,0.0,-0.0004171912706443752,-0.003616193200022555,0.0,0.04117508107981522
W_N_0015,41,28,1,0.0,0.0,0.04301860652111127,0.0014432600288213312,0.0,0.0,0.0,0.0,0.005197340339429867,0.0,0.0,0.0,0.0,0.0,-0.0018790022249842078,0.0,-0.0004171912706443752,-0.0024869788929192584,0.0,0.04487603450081463
W_N_0015,42,12,0,0.0,0.0,0.028852559865916734,0.0012353744787218042,0.0,0.0,0.0,0.0,0.006048942376760622,0.0,0.0,0.0,0.0,0.0,-0.0006407090951561601,0.0,-0.0004171912706443752,-0.0030175578918493666,0.0,0.03206141846374926
W_N_0015,42,16,1,0.0,0.0,0.06940714775342756,0.001155142284341949,0.0,0.0,0.0,0.0,0.006048942376760622,0.0,0.0,0.0,0.0,0.0,-0.0009735517916965442,0.0,-0.0004171912706443752,-0.0032775731286709686,0.0,0.07194291622351824
W_N_0015,42,25,1,0.0,0.0,0.06918597555346193,0.005617192148425363,0.0,0.0,0.0,0.0,0.006048942376760622,0.0,0.0,0.0,0.0,0.0,-0.0014225003716869507,0.0,-0.0004171912706443752,-0.003838106935701708,0.0,0.07517431150061488
W_N_0015,42,26,1,0.0,0.0,0.013054656901766198,0.0017883357671427517,0.0,0.0,0.0,0.0,0.0010113458193720198,0.0,0.0,0.0,0.0,0.0,-0.0006571732682952146,0.0,-0.0004171912706443752,-0.0018342915933035136,0.0,0.012945682356037866
W_N_0015,42,27,1,0.0,0.0,0.033727213357575746,0.00183256843848875,0.0,0.0,0.0,0.0,0.0019252850363656625,0.0,0.0,0.0,0.0,0.0,-0.0008691510013305685,0.0,-0.0004171912706443752,-0.0020616005861737847,0.0,0.03413712397428143
W_N_0015,42,28,1,0.0,0.0,0.05959924786060749,0.0020238479235844503,0.0,0.0,0.0,0.0,0.021404778769402583,0.0,0.0,0.0,0.0,0.0,-0.0010521651340276899,0.0,-0.0004171912706443752,-0.002012843165841042,0.0,0.07954567498308142
W_N_0015,43,13,1,0.0,0.0,0.039398974357499006,0.005630756331329115,0.0,0.0,0.0,0.0,0.0010113458193720198,0.0,0.0,0.0,0.0,0.0,-0.00019181201832151618,0.0,-0.0004171912706443752,-0.0017665154591766019,0.0,0.04366555776005765
W_N_0015,43,14,1,0.0,0.0,0.06460030749206051,0.004599579154288332,0.0,0.0,0.0,0.0,0.0019501407731502382,0.0,0.0,0.0,0.0,0.0,-0.0007199295998135929,0.0,-0.0004171912706443752,-0.003375936174225303,0.0,0.06663697037481582
W_N_0015,43,15,1,0.0,0.0,0.027092764026641684,0.0037122802748232164,0.0,0.0,0.0,0.0,0.0019501407731502382,0.0,0.0,0.0,0.0,0.0,-0.0012557123243683735,0.0,-0.0004171912706443752,-0.0031893709234655098,0.0,0.027892910556136883
W_N_0015,43,22,1,0.0,0.0,0.047187386606262635,0.0009814386869890248,0.0,0.0,0.0,0.0,0.006048942376760622,0.0,0.0,0.0,0.0,0.0,-0.0013537595260784247,0.0,-0.0004171912706443752,-0.0031610848472189345,0.0,0.04928573202607055
W_N_0015,43,23,1,0.0,0.0,0.05996296208678547,0.00249960321420587,0.0,0.0,0.0,0.0,0.006048942376760622,0.0,0.0,0.0,0.0,0.0,-0.0012430812891422959,0.0,-0.0004171912706443752,-0.003391586064871429,0.0,0.06345964905309386
W_N_0015,43,25,1,0.0,0.0,0.058857028687555255,0.004101091380232625,0.0,0.0,0.0,0.0,0.006048942376760622,0.0,0.0,0.0,0.0,0.0,-0.0006027623819031623,0.0,-0.0004171912706443752,-0.0019135644300985913,0.0,0.06607354436190237
W_N_0015,43,26,1,0.0,0.0,0.048189978861529426,0.0025440506488984783,0.0,0.0,0.0,0.0,0.006048942376760622,0.0,0.0,0.0,0.0,0.0,-0.001990637460279579,0.0,-0.0004171912706443752,-0.0019144116972336736,0.0,0.0524607314590309
W_N_0015,44,21,1,0.0,0.0,0.05768247813130902,0.0011350298737994122,0.0,0.0,0.0,0.0,0.0019501407731502382,0.0,0.0,0.0,0.0,0.0,-0.0006327258630041956,0.0,-0.0004171912706443752,-0.0027849039081715905,0.0,0.05693282773643851
W_N_0066,0,18,1,0.0,0.0,0.04334300666528017,0.0017875046898403449,0.0,0.0,0.0,0.0,0.0007400866045941602,0.0,0.0,0.0,0.0,0.0,-0.002017439498027424,0.0,-0.0006920920866956647,-0.0021747310573506495,0.0,0.04098633531764093
W_N_0066,0,19,1,0.0,0.0,0.0299884656654773,0.0024177404182514476,0.0,0.0,0.0,0.0,0.0007400866045941602,0.0,0.0,0.0,0.0,0.0,-0.001075678701772253,0.0,-0.0006920920866956647,-0.0030896993847847544,0.0,0.028288822515070235
W_N_0066,2,10,1,0.0,0.0,0.033774353235045226,0.0039044931750850504,0.0,0.0,0.0,0.0,0.0007400866045941602,0.0,0.0,0.0,0.0,0.0,-0.0008424538127769629,0.0,-0.0006920920866956647,-0.004992226476077788,0.0,0.03189216063917402
W_N_0066,2,11,1,0.0,0.0,0.034373780219460574,0.0008771437347746541,0.0,0.0,0.0,0.0,0.00038484791659062085,0.0,0.0,0.0,0.0,0.0,-0.0005406121096645014,0.0,-0.0006920920866956647,-0.0017484443405085517,0.0,0.03265462333395713
W_N_0066,2,13,1,0.0,0.0,0.028632822782684697,0.0007421848065481307,0.0,0.0,0.0,0.0,0.00038484791659062085,0.0,0.0,0.0,0.0,0.0,-0.0011980722387450796,0.0,-0.0006920920866956647,-0.0030506867827032134,0.0,0.024819004397679485
W_N_0066,2,20,1,0.0,0.0,0.02895718537486704,0.0007101099818780251,0.0,0.0,0.0,0.0,0.0007400866045941602,0.0,0.0,0.0,0.0,0.0,0.00016755601950894857,0.0,-0.0006920920866956647,-0.003969849382063139,0.0,0.025912996512089368
W_N_0066,2,22,1,0.0,0.0,0.04027528517169819,0.002184778661429995,0.0,0.0,0.0,0.0,0.0007400866045941602,0.0,0.0,0.0,0.0,0.0,-0.0025343553741157946,0.0,-0.0006920920866956647,-0.0017946851531955655,0.0,0.03817901782371532
W_N_0066,2,26,1,0.0,0.0,0.037131498608276026,0.002865980693035022,0.0,0.0,0.0,0.0,0.0007400866045941602,0.0,0.0,0.0,0.0,0.0,0.000831166015633433,0.0,-0.0006920920866956647,-0.0038385931119609457,0.0,0.03703804672288203
W_N_0066,3,12,0,0.0,0.0,0.07345353079879567,0.0031276817278864354,0.0,0.0,0.0,0.0,0.0005073890775622098,0.0,0.0,0.0,0.0,0.0,-0.003528849732696393,0.0,-0.0006920920866956647,-0.0033170722245930203,0.0,0.06955058756025924
W_N_0066,3,19,1,0.0,0.0,0.04882108685119946,0.002546246972440769,0.0,0.0,0.0,0.0,0.0005073890775622098,0.0,0.0,0.0,0.0,0.0,-0.0015353513590400515,0.0,-0.0006920920866956647,-0.004672736430129507,0.0,0.04497454302533722
W_N_0066,3,22,0,0.0,0.0,0.043341074160234756,0.0018073002324005447,0.0,0.0,0.0,0.0,0.0007400866045941602,0.0,0.0,0.0,0.0,0.0,-0.0005994496183009179,0.0,-0.0006920920866956647,-0.002094825332659172,0.0,0.04250209395957371
W_N_0066,3,23,1,0.0,0.0,0.046889835068170925,0.0008455851530491563,0.0,0.0,0.0,0.0,0.0007400866045941602,0.0,0.0,0.0,0.0,0.0,-0.002701360744138454,0.0,-0.0006920920866956647,-0.0037946203915767605,0.0,0.04128743360340337
W_N_0066,4,27,0,0.0,0.0,0.053669393515652544,0.0040905558111104644,0.0,0.0,0.0,0.0,0.0007400866045941602,0.0,0.0,0.0,0.0,0.0,-0.004133301604665483,0.0,-0.0006920920866956647,-0.0029147733921784584,0.0,0.050759868847817566
W_N_0066,5,25,1,0.0,0.0,0.020831895603143778,0.0029618850244243523,0.0,0.0,0.0,0.0,0.0007400866045941602,0.0,0.0,0.0,0.0,0.0,-0.002697796519463258,0.0,-0.0006920920866956647,-0.004519632244697753,0.0,0.01662434638130561
W_N_0066,6,12,0,0.0,0.0,0.034787856429717705,0.004097111277210001,0.0,0.0,0.0,0.0,-0.00023050508727753024,0.0,0.0,0.0,0.0,0.0,-0.002215376266249932,0.0,-0.0006920920866956647,-0.0033675501934052787,0.0,0.0323794440732993
W_N_0066,6,14,1,0.0,0.0,0.0011792113703790472,0.0009991763398595438,0.0,0.0,0.0,0.0,-0.00023050508727753024,0.0,0.0,0.0,0.0,0.0,-0.0022443917102284196,0.0,-0.0006920920866956647,-0.003198543760791476,0.0,-0.0041871449347545
W_N_0066,6,25,0,0.0,0.0,0.013826338206215316,0.002874263223127988,0.0,0.0,0.0,0.0,-0.00015906781518297468,0.0,0.0,0.0,0.0,0.0,-0.001256554471044822,0.0,-0.0006920920866956647,-0.003592463147968704,0.0,0.011000423908451138
W_N_0066,6,29,1,0.0,0.0,0.07358005212111804,0.0012535885793210383,0.0,0.0,0.0,0.0,-0.00015906781518297468,0.0,0.0,0.0,0.0,0.0,-0.0025479767076460927,0.0,-0.0006920920866956647,-0.002488261694973716,0.0,0.06894624239594063
W_N_0066,6,30,1,0.0,0.0,0.05446209842645577,0.002444128016614656,0.0,0.0,0.0,0.0,-0.00015906781518297468,0.0,0.0,0.0,0.0,0.0,-0.0011262887998274948,0.0,-0.0006920920866956647,-0.0022741972813862792,0.0,0.05265458045997801
W_N_0066,6,31,1,0.0,0.0,0.05897800208182686,0.004382721998302871,0.0,0.0,0.0,0.0,0.0005107217399381664,0.0,0.0,0.0,0.0,0.0,-0.000756741266468012,0.0,-0.0006920920866956647,-0.003363254874707354,0.0,0.05905935759219688
W_N_0066,7,6,1,0.0,0.0,0.032285462701179095,0.004491671240334641,0.0,0.0,0.0,0.0,-0.00015906781518297468,0.0,0.0,0.0,0.0,0.0,-3.2425208710330555e-05,0.0,-0.0006920920866956647,-0.0020371439852838098,0.0,0.03385640484564096
W_N_0066,7,8,1,0.0,0.0,0.040078209358439365,0.007397181265431671,0.0,0.0,0.0,0.0,-0.00023050508727753024,0.0,0.0,0.0,0.0,0.0,-0.0037403871920196367,0.0,-0.0006920920866956647,-0.003484756068730111,0.0,0.0393276501891481
W_N_0066,7,19,1,0.0,0.0,0.0032292920732722493,0.0016202627446019631,0.0,0.0,0.0,0.0,-0.00023050508727753024,0.0,0.0,0.0,0.0,0.0,-0.0014638726464400612,0.0,-0.0006920920866956647,-0.0017862543830681086,0.0,0.000676830614392848
W_N_0066,7,22,1,0.0,0.0,0.0025218938005084636,0.001987968479754765,0.0,0.0,0.0,0.0,-0.00011986354306593903,0.0,0.0,0.0,0.0,0.0,-0.0025080712843829796,0.0,-0.0006920920866956647,-0.0024008315520172834,0.0,-0.0012109961858986374
W_N_0066,7,30,1,0.0,0.0,0.03254187641487042,0.0022621017607588603,0.0,0.0,0.0,0.0,-0.00023050508727753024,0.0,0.0,0.0,0.0,0.0,-0.0022950502242615853,0.0,-0.0006920920866956647,-0.0021039710052058024,0.0,0.029482359772188695
W_N_0066,8,6,1,0.0,0.0,0.036805511868130594,0.0018711340656297757,0.0,0.0,0.0,0.0,-0.00023050508727753024,0.0,0.0,0.0,0.0,0.0,-0.0006539521244514403,0.0,-0.0006920920866956647,-0.003110924896048711,0.0,0.033989171739287026
W_N_0066,8,7,1,0.0,0.0,0.059543644020774555,0.001359442540472096,0.0,0.0,0.0,0.0,-0.00011986354306593903,0.0,0.0,0.0,0.0,0.0,-0.0008714952059729062,0.0,-0.0006920920866956647,-0.0031039336958344674,0.0,0.05611570202967767
W_N_0066,8,14,1,0.0,0.0,-0.008790226511228155,0.0028365005496393497,0.0,0.0,0.0,0.0,-0.00023050508727753024,0.0,0.0,0.0,0.0,0.0,-0.0015075178855790527,0.0,-0.0006920920866956647,-0.0016665142600303016,0.0,-0.010050355281171356
W_N_0066,8,22,1,0.0,0.0,0.006359158105111135,0.003489122728942217,0.0,0.0,0.0,0.0,-0.00015906781518297468,0.0,0.0,0.0,0.0,0.0,-0.00035767604517450045,0.0,-0.0006920920866956647,-0.003417819828804438,0.0,0.0052216250581957726
W_N_0066,8,32,1,0.0,0.0,0.037626786278197676,0.0009570534850315857,0.0,0.0,0.0,0.0,0.0014932022458227158,0.0,0.0,0.0,0.0,0.0,-0.002623823580380868,0.0,-0.0006920920866956647,-0.0034247219987059933,0.0,0.033336404343269455
W_N_0066,9,4,1,0.0,0.0,0.027806836167987185,0.0014231971577385095,0.0,0.0,0.0,0.0,0.0007400866045941602,0.0,0.0,0.0,0.0,0.0,-0.0007603502461965741,0.0,-0.0006920920866956647,-0.0017114839883971993,0.0,0.026806193609030415
W_N_0066,9,5,1,0.0,0.0,0.07517254149693439,0.0028864187294116964,0.0,0.0,0.0,0.0,0.0007400866045941602,0.0,0.0,0.0,0.0,0.0,0.0006959156681913222,0.0,-0.0006920920866956647,-0.004621569716355954,0.0,0.07418130069607995
W_N_0066,9,7,1,0.0,0.0,0.034574657066274626,0.0012302426281186488,0.0,0.0,0.0,0.0,-0.00023050508727753024,0.0,0.0,0.0,0.0,0.0,-0.0023519747603663855,0.0,-0.0006920920866956647,-0.002203556853029342,0.0,0.03032677090702435
W_N_0066,10,11,1,0.0,0.0,-0.009784671647015412,0.0020582850321200575,0.0,0.0,0.0,0.0,-0.00015906781518297468,0.0,0.0,0.0,0.0,0.0,-0.0011272918590406794,0.0,-0.0006920920866956647,-0.003441014236460268,0.0,-0.013145852612274942
W_N_0066,10,14,0,0.0,0.0,-0.018672065852318398,0.0017097600650293153,0.0,0.0,0.0,0.0,-0.00023050508727753024,0.0,0.0,0.0,0.0,0.0,-0.0012819001528492026,0.0,-0.0006920920866956647,-0.0032701447262705905,0.0,-0.02243694784038207
W_N_0066,10,22,1,0.0,0.0,-0.014258925180177143,0.001489139059090266,0.0,0.0,0.0,0.0,-0.00023050508727753024,0.0,0.0,0.0,0.0,0.0,-0.0022387837466314553,0.0,-0.0006920920866956647,-0.004428824012946687,0.0,-0.020359991054638215
W_N_0066,11,14,1,0.0,0.0,-0.035424396665184585,0.0037255231484288856,0.0,0.0,0.0,0.0,-0.00023050508727753024,0.0,0.0,0.0,0.0,0.0,-0.0030867868991386518,0.0,-0.0006920920866956647,-0.0035066041814963544,0.0,-0.0392148617713639
W_N_0066,11,23,1,0.0,0.0,-0.02671809743716768,0.0015915115939192995,0.0,0.0,0.0,0.0,-0.00023050508727753024,0.0,0.0,0.0,0.0,0.0,-0.0012643216659856086,0.0,-0.0006920920866956647,-0.001992702119147655,0.0,-0.029306206802354844
W_N_0066,11,24,1,0.0,0.0,-0.047514766560282445,0.0008783701255124506,0.0,0.0,0.0,0.0,-0.00023050508727753024,0.0,0.0,0.0,0.0,0.0,0.0013233584094887734,0.0,-0.0006920920866956647,-0.004935104219822351,0.0,-0.051170739419076766
W_N_0066,12,4,0,0.0,0.0,0.05509350034718285,0.0025056139112084328,0.0,0.0,0.0,0.0,0.0005073890775622098,0.0,0.0,0.0,0.0,0.0,-0.0027331958844478764,0.0,-0.0006920920866956647,-0.0038564299200201714,0.0,0.05082478544478978
W_N_0066,12,20,1,0.0,0.0,-0.05817022165370505,-0.003105811609399159,0.0,0.0,0.0,0.0,-0.00023050508727753024,0.0,0.0,0.0,0.0,0.0,-0.0009036601803485594,0.0,-0.0006920920866956647,-0.0028134111248851756,0.0,-0.06591570174231114
W_N_0066,12,32,1,0.0,0.0,0.05210353879150044,0.0012845805981820733,0.0,0.0,0.0,0.0,0.00038484791659062085,0.0,0.0,0.0,0.0,0.0,0.0009728912817781888,0.0,-0.0006920920866956647,-0.004603554654006471,0.0,0.04945021184734919
W_N_0066,13,4,1,0.0,0.0,0.03987567325639712,0.0012025394448662815,0.0,0.0,0.0,0.0,0.0007400866045941602,0.0,0.0,0.0,0.0,0.0,-0.001055132849095164,0.0,-0.0006920920866956647,-0.004117990750865022,0.0,0.03595308361920171
W_N_0066,13,7,1,0.0,0.0,0.005670855490054774,0.0010201048123388676,0.0,0.0,0.0,0.0,-0.00023050508727753024,0.0,0.0,0.0,0.0,0.0,-0.0021057987094291815,0.0,-0.0006920920866956647,-0.002655478960608882,0.0,0.0010070854583823833
W_N_0066,13,16,0,0.0,0.0,-0.0706779527929462,-0.005897503512546448,0.0,0.0,0.0,0.0,-0.00023050508727753024,0.0,0.0,0.0,0.0,0.0,-0.0006476944954055906,0.0,-0.0006920920866956647,-0.0057195860624935065,0.0,-0.08386533403736494
W_N_0066,13,29,1,0.0,0.0,-0.009719367117045189,0.0015295728143778406,0.0,0.0,0.0,0.0,-0.00015906781518297468,0.0,0.0,0.0,0.0,0.0,-0.0024467941842596904,0.0,-0.0006920920866956647,-0.002395604080699702,0.0,-0.01388335246950538
W_N_0066,13,33,1,0.0,0.0,0.04287935594957804,0.0025717502504712933,0.0,0.0,0.0,0.0,0.0007400866045941602,0.0,0.0,0.0,0.0,0.0,-0.000338461608249656,0.0,-0.0006920920866956647,-0.004086593840005418,0.0,0.04107404526969276
W_N_0066,14,7,1,0.0,0.0,0.00165882750379753,0.0012765138048559945,0.0,0.0,0.0,0.0,-0.00015802983445603304,0.0,0.0,0.0,0.0,0.0,-0.002652578191063602,0.0,-0.0006920920866956647,-0.0018232212435464383,0.0,-0.0023905800471082134
W_N_0066,14,13,1,0.0,0.0,-0.045008618617869256,-0.0022616309908441074,0.0,0.0,0.0,0.0,-0.00023050508727753024,0.0,0.0,0.0,0.0,0.0,-0.0011627608558628189,0.0,-0.0006920920866956647,-0.0033279812535090742,0.0,-0.05268358889205845
W_N_0066,14,25,0,0.0,0.0,-0.0662385239534672,0.0028905169467447873,0.0,0.0,0.0,0.0,-0.00023050508727753024,0.0,0.0,0.0,0.0,0.0,0.00026040157783004835,0.0,-0.0006920920866956647,-0.004619833008601754,0.0,-0.0686300356114673
W_N_0066,15,3,1,0.0,0.0,0.03483588838689476,0.0024223325336276734,0.0,0.0,0.0,0.0,0.0007400866045941602,0.0,0.0,0.0,0.0,0.0,-0.002342116871514312,0.0,-0.0006920920866956647,-0.004285478175586806,0.0,0.03067862039131982
W_N_0066,15,7,1,0.0,0.0,-0.010517303489314307,0.001426003563521743,0.0,0.0,0.0,0.0,-0.00023050508727753024,0.0,0.0,0.0,0.0,0.0,0.0007376936715555619,0.0,-0.0006920920866956647,-0.003014903116544805,0.0,-0.012291106544755
W_N_0066,15,19,1,0.0,0.0,-0.07969969488237356,-0.019328701322382704,0.0,0.0,0.0,0.0,-0.00023050508727753024,0.0,0.0,0.0,0.0,0.0,-0.0020287505151233877,0.0,-0.0006920920866956647,-0.002849442640908816,0.0,-0.10482918653476167
W_N_0066,15,27,0,0.0,0.0,-0.02086160085791591,0.0013115967844484018,0.0,0.0,0.0,0.0,-0.00023050508727753024,0.0,0.0,0.0,0.0,0.0,-0.0024568812604276722,0.0,-0.0006920920866956647,-0.002925229766385876,0.0,-0.025854712274254257
W_N_0066,15,30,0,0.0,0.0,0.007804246519939715,0.0013517520726347117,0.0,0.0,0.0,0.0,-0.00023050508727753024,0.0,0.0,0.0,0.0,0.0,-0.00245933509481005,0.0,-0.0006920920866956647,-0.003853626775606174,0.0,0.0019204395481850086
W_N_0066,16,19,1,0.0,0.0,-0.0348742262892429,-0.006813365133697481,0.0,0.0,0.0,0.0,-0.00023050508727753024,0.0,0.0,0.0,0.0,0.0,-0.00301024931344976,0.0,-0.0006920920866956647,-0.0033656204463865975,0.0,-0.048986058356749934
W_N_0066,16,31,0,0.0,0.0,0.010304115129554491,0.004259599482460412,0.0,0.0,0.0,0.0,0.0005073890775622098,0.0,0.0,0.0,0.0,0.0,-0.0013471517376440008,0.0,-0.0006920920866956647,-0.0016979075529247444,0.0,0.011333952312312703
W_N_0066,16,34,1,0.0,0.0,0.04093398349887293,0.0011639878879065493,0.0,0.0,0.0,0.0,0.0005073890775622098,0.0,0.0,0.0,0.0,0.0,-0.0005224379859238766,0.0,-0.0006920920866956647,-0.002362669378772126,0.0,0.03902816101295002
W_N_0066,17,33,1,0.0,0.0,0.03910396044986778,0.0019438926819183707,0.0,0.0,0.0,0.0,0.0007400866045941602,0.0,0.0,0.0,0.0,0.0,-0.00277222705233445,0.0,-0.0006920920866956647,-0.002449022676177106,0.0,0.03587459792117309
W_N_0066,18,21,1,0.0,0.0,-0.052932070917424065,-0.005730265106079723,0.0,0.0,0.0,0.0,-0.00011986354306593903,0.0,0.0,0.0,0.0,0.0,-0.0008668831702425656,0.0,-0.0006920920866956647,-0.0025444307196137283,0.0,-0.06288560554312168
W_N_0066,18,30,0,0.0,0.0,-0.0062274630149023995,0.0011342309246494017,0.0,0.0,0.0,0.0,-0.00023050508727753024,0.0,0.0,0.0,0.0,0.0,-0.0007153448975221211,0.0,-0.0006920920866956647,-0.0019506062750614824,0.0,-0.008681780436809797
W_N_0066,19,7,1,0.0,0.0,-0.0010696658853180335,0.0007309525232096686,0.0,0.0,0.0,0.0,-0.00023050508727753024,0.0,0.0,0.0,0.0,0.0,-0.0022643803885155477,0.0,-0.0006920920866956647,-0.002718100295088836,0.0,-0.006243791219685943
W_N_0066,19,10,1,0.0,0.0,-0.047285761364050174,-1.0673529459585113e-05,0.0,0.0,0.0,0.0,-0.00023050508727753024,0.0,0.0,0.0,0.0,0.0,-0.0033785362532509984,0.0,-0.0006920920866956647,-0.003660370268481521,0.0,-0.05525793858921547
W_N_0066,19,14,1,0.0,0.0,-0.05566672090256742,-0.006011282867627836,0.0,0.0,0.0,0.0,-0.00015906781518297468,0.0,0.0,0.0,0.0,0.0,-0.0020159052006718057,0.0,-0.0006920920866956647,-0.0037847340207288723,0.0,-0.06832980289347458
W_N_0066,19,25,0,0.0,0.0,-0.06929174917566279,-0.01613038043290884,0.0,0.0,0.0,0.0,-0.00023050508727753024,0.0,0.0,0.0,0.0,0.0,-0.0040628417412961375,0.0,-0.0006920920866956647,-0.0025279677987972656,0.0,-0.09293553632263822
W_N_0066,19,33,1,0.0,0.0,0.037166473609996954,0.0009800819717329403,0.0,0.0,0.0,0.0,0.0007400866045941602,0.0,0.0,0.0,0.0,0.0,-0.0022868788635308484,0.0,-0.0006920920866956647,-0.002982071257628895,0.0,0.032925599978468646
W_N_0066,19,35,1,0.0,0.0,0.04114133849315207,0.0017022680715962832,0.0,0.0,0.0,0.0,0.0007400866045941602,0.0,0.0,0.0,0.0,0.0,-0.0020692031172877506,0.0,-0.0006920920866956647,-0.004200569236397628,0.0,0.03662182872896147
W_N_0066,20,0,0,0.0,0.0,0.04230318558498031,0.0028126774988311842,0.0,0.0,0.0,0.0,0.00038484791659062085,0.0,0.0,0.0,0.0,0.0,0.020640604316965735,0.0,-0.0006920920866956647,-0.000468627091566547,0.0,0.06498059613910563
W_N_0066,20,3,1,0.0,0.0,0.037574289170352236,0.0013558339464393209,0.0,0.0,0.0,0.0,0.0007400866045941602,0.0,0.0,0.0,0.0,0.0,-0.0023934619852238807,0.0,-0.0006920920866956647,-0.002292902712461678,0.0,0.0342917529370045
W_N_0066,20,26,1,0.0,0.0,-0.06911647073194849,0.0002148471541980234,0.0,0.0,0.0,0.0,-0.00023050508727753024,0.0,0.0,0.0,0.0,0.0,-0.0005231674151972509,0.0,-0.0006920920866956647,-0.0020503934892554644,0.0,-0.07239778165617639
W_N_0066,20,31,0,0.0,0.0,0.007828899778602818,0.001182447645242816,0.0,0.0,0.0,0.0,0.0007400866045941602,0.0,0.0,0.0,0.0,0.0,-0.0032510300056163783,0.0,-0.0006920920866956647,-0.002734250714940652,0.0,0.003074061221187099
W_N_0066,21,9,1,0.0,0.0,-0.05278659900393674,0.0029313472447381563,0.0,0.0,0.0,0.0,-0.00015802983445603304,0.0,0.0,0.0,0.0,0.0,-0.0020706875093641237,0.0,-0.0006920920866956647,-0.004060167512246124,0.0,-0.056836228701960534
W_N_0066,21,11,1,0.0,0.0,-0.05215452047667426,-0.003936656500220186,0.0,0.0,0.0,0.0,-0.00015906781518297468,0.0,0.0,0.0,0.0,0.0,-0.0004798299321359549,0.0,-0.0006920920866956647,-0.004379848312178913,0.0,-0.06180201512308795
W_N_0066,21,15,1,0.0,0.0,-0.07685601146586891,-0.02037904787812031,0.0,0.0,0.0,0.0,-0.00011986354306593903,0.0,0.0,0.0,0.0,0.0,-0.003940444361189794,0.0,-0.0006920920866956647,-0.0024122647942154117,0.0,-0.10439972412915603
W_N_0066,21,16,0,0.0,0.0,-0.05466783017274376,-0.017027155323652274,0.0,0.0,0.0,0.0,-0.00023050508727753024,0.0,0.0,0.0,0.0,0.0,-0.002391893449744296,0.0,-0.0006920920866956647,-0.0022512258542740065,0.0,-0.07726070197438752
W_N_0066,21,26,0,0.0,0.0,-0.027527618084653184,0.0010808607607273577,0.0,0.0,0.0,0.0,-0.00011986354306593903,0.0,0.0,0.0,0.0,0.0,0.00016444266732547783,0.0,-0.0006920920866956647,-0.0034505112343104637,0.0,-0.03054478152067242
W_N_0066,22,7,0,0.0,0.0,-0.001517867943628451,0.004308026925976444,0.0,0.0,0.0,0.0,-0.00015906781518297468,0.0,0.0,0.0,0.0,0.0,-0.0012243664279910286,0.0,-0.0006920920866956647,-0.0034219355043041983,0.0,-0.002707302851825873
W_N_0066,22,18,1,0.0,0.0,-0.07873553676359275,-0.00573025610049134,0.0,0.0,0.0,0.0,-0.00023050508727753024,0.0,0.0,0.0,0.0,0.0,-0.00184425215859805,0.0,-0.0006920920866956647,-0.0019206878246824737,0.0,-0.08915333002133782
W_N_0066,22,26,1,0.0,0.0,-0.04502773004110693,0.003991556195373772,0.0,0.0,0.0,0.0,-0.00015802983445603304,0.0,0.0,0.0,0.0,0.0,-0.001300200476546383,0.0,-0.0006920920866956647,-0.0025357828955279854,0.0,-0.045722279138959224
W_N_0066,22,33,1,0.0,0.0,0.025651089731771937,0.007308566564894888,0.0,0.0,0.0,0.0,0.0007400866045941602,0.0,0.0,0.0,0.0,0.0,-0.0025755019329736627,0.0,-0.0006920920866956647,-0.003358056401433989,0.0,0.027074092480157668
W_N_0066,23,4,1,0.0,0.0,0.04299994773941098,0.0014717689196020265,0.0,0.0,0.0,0.0,0.0007400866045941602,0.0,0.0,0.0,0.0,0.0,-0.001030056379251732,0.0,-0.0006920920866956647,-0.0052238093212318495,0.0,0.038265845476427925
W_N_0066,23,25,1,0.0,0.0,-0.05949054313981084,0.0010499394328066236,0.0,0.0,0.0,0.0,-0.00023050508727753024,0.0,0.0,0.0,0.0,0.0,-0.0011305421247698615,0.0,-0.0006920920866956647,-0.003115687936838302,0.0,-0.06360943094258557
W_N_0066,24,7,1,0.0,0.0,-0.003960263995701428,0.0020382292654317815,0.0,0.0,0.0,0.0,-0.00011986354306593903,0.0,0.0,0.0,0.0,0.0,-0.0011107331845800288,0.0,-0.0006920920866956647,-0.0014939968810868418,0.0,-0.005338720425698121
W_N_0066,24,27,1,0.0,0.0,-0.002264909719551647,0.001502650791661601,0.0,0.0,0.0,0.0,-0.00015906781518297468,0.0,0.0,0.0,0.0,0.0,-0.0002621553042526422,0.0,-0.0006920920866956647,-0.0024242865781404525,0.0,-0.00429986071216178
W_N_0066,25,18,1,0.0,0.0,-0.06331194219459046,-0.010949270524582281,0.0,0.0,0.0,0.0,-0.00015906781518297468,0.0,0.0,0.0,0.0,0.0,-0.002448948971310817,0.0,-0.0006920920866956647,-0.0030314593904080594,0.0,-0.08059278098277026
W_N_0066,25,32,0,0.0,0.0,0.031745704589234695,0.003830801951924098,0.0,0.0,0.0,0.0,0.0005107217399381664,0.0,0.0,0.0,0.0,0.0,-0.0015995449364947878,0.0,-0.0006920920866956647,-0.0036294907661662953,0.0,0.030166100491740212
W_N_0066,26,4,1,0.0,0.0,0.06381326199469008,0.0010681661238018687,0.0,0.0,0.0,0.0,0.0005073890775622098,0.0,0.0,0.0,0.0,0.0,-0.00433415979484319,0.0,-0.0006920920866956647,-0.003901922029445497,0.0,0.0564606432850698
W_N_0066,26,14,0,0.0,0.0,-0.07577799135365108,-0.017437176585589957,0.0,0.0,0.0,0.0,-0.00023050508727753024,0.0,0.0,0.0,0.0,0.0,-0.0012568204199643698,0.0,-0.0006920920866956647,-0.002697624413836498,0.0,-0.0980922099470151
W_N_0066,26,31,1,0.0,0.0,0.030729336571746913,0.0014165997054742237,0.0,0.0,0.0,0.0,0.0007400866045941602,0.0,0.0,0.0,0.0,0.0,-0.003381227849982188,0.0,-0.0006920920866956647,-0.005143063785026703,0.0,0.023669639160110736
W_N_0066,26,33,1,0.0,0.0,0.056019352142861335,0.0011083759378695142,0.0,0.0,0.0,0.0,0.0007400866045941602,0.0,0.0,0.0,0.0,0.0,-0.0013382593607520784,0.0,-0.0006920920866956647,-0.0031921781682607417,0.0,0.05264528506961653
W_N_0066,27,26,1,0.0,0.0,-0.009991674114820541,0.0013341628102124408,0.0,0.0,0.0,0.0,-0.00023050508727753024,0.0,0.0,0.0,0.0,0.0,-0.0035299599802417632,0.0,-0.0006920920866956647,-0.002945853855830344,0.0,-0.0160559223146534
W_N_0066,28,10,1,0.0,0.0,-0.009233598608599349,0.0010030174215378495,0.0,0.0,0.0,0.0,-0.00011986354306593903,0.0,0.0,0.0,0.0,0.0,-0.0013804745505708357,0.0,-0.0006920920866956647,-0.0048608254718399985,0.0,-0.015283836839233936
W_N_0066,28,12,1,0.0,0.0,-0.003827876294168202,0.0018590169321687504,0.0,0.0,0.0,0.0,-0.00015802983445603304,0.0,0.0,0.0,0.0,0.0,-0.000985278787529352,0.0,-0.0006920920866956647,-0.0019208597537433178,0.0,-0.005725119824423819
W_N_0066,28,21,1,0.0,0.0,-0.023962948367027444,0.0015175868094599882,0.0,0.0,0.0,0.0,-0.00015906781518297468,0.0,0.0,0.0,0.0,0.0,-0.0017605190958175714,0.0,-0.0006920920866956647,-0.0031245116150439263,0.0,-0.028181552170307593
W_N_0066,28,25,1,0.0,0.0,0.008780290691282722,0.0010361231249439906,0.0,0.0,0.0,0.0,-0.00015802983445603304,0.0,0.0,0.0,0.0,0.0,-0.0018232569275649848,0.0,-0.0006920920866956647,-0.003730505580221115,0.0,0.003412529387288915
W_N_0066,28,28,0,0.0,0.0,0.010117297077148025,0.0015353883958956682,0.0,0.0,0.0,0.0,-0.00015906781518297468,0.0,0.0,0.0,0.0,0.0,-0.000662443181887373,0.0,-0.0006920920866956647,-0.003677606533600956,0.0,0.006461475855676724
W_N_0066,28,29,1,0.0,0.0,0.02412863433385192,0.0010635551833131007,0.0,0.0,0.0,0.0,-0.00023050508727753024,0.0,0.0,0.0,0.0,0.0,-0.0020792912647558327,0.0,-0.0006920920866956647,-0.0028280710248852906,0.0,0.019362230053550703
W_N_0066,29,3,0,0.0,0.0,0.05789091202490094,0.0015383196922787456,0.0,0.0,0.0,0.0,0.0005073890775622098,0.0,0.0,0.0,0.0,0.0,-0.0003495347627687324,0.0,-0.0006920920866956647,-0.005034200149701826,0.0,0.053860793795575665
W_N_0066,29,8,1,0.0,0.0,0.005488965681366105,0.0010988754203015406,0.0,0.0,0.0,0.0,-0.00015802983445603304,0.0,0.0,0.0,0.0,0.0,-0.00294344274536272,0.0,-0.0006920920866956647,-0.003880860927152077,0.0,-0.00108658449199885
W_N_0066,29,14,1,0.0,0.0,-0.012368562484896917,0.0008784777829181493,0.0,0.0,0.0,0.0,-0.00015802983445603304,0.0,0.0,0.0,0.0,0.0,-0.0008557522290151987,0.0,-0.0006920920866956647,-0.002348013589941829,0.0,-0.015543972442087493
W_N_0066,29,22,1,0.0,0.0,-0.028731704002352376,0.002067564982964155,0.0,0.0,0.0,0.0,-0.00023050508727753024,0.0,0.0,0.0,0.0,0.0,-0.0012113624581672297,0.0,-0.0006920920866956647,-0.0041930886990107835,0.0,-0.03299118735053943
W_N_0066,29,23,1,0.0,0.0,-0.02037781475675296,0.002707398695335972,0.0,0.0,0.0,0.0,-0.00023050508727753024,0.0,0.0,0.0,0.0,0.0,-0.0019538447585888187,0.0,-0.0006920920866956647,-0.003528188596730289,0.0,-0.024075046590709293
W_N_0066,29,25,1,0.0,0.0,0.002643114275248873,0.001768722697087733,0.0,0.0,0.0,0.0,-0.00015906781518297468,0.0,0.0,0.0,0.0,0.0,-0.0017012157155854625,0.0,-0.0006920920866956647,-0.0028349141033087288,0.0,-0.0009754527484362244
W_N_0066,29,26,1,0.0,0.0,-0.012705697515135828,0.002183526058645424,0.0,0.0,0.0,0.0,-0.00015802983445603304,0.0,0.0,0.0,0.0,0.0,-0.002372161148451252,0.0,-0.0006920920866956647,-0.005063305118817933,0.0,-0.018807759644911288
W_N_0066,31,10,1,0.0,0.0,0.018656121739744225,0.0008563695271582426,0.0,0.0,0.0,0.0,-0.00015802983445603304,0.0,0.0,0.0,0.0,0.0,-0.0012097469818635736,0.0,-0.0006920920866956647,-0.0032729147137051822,0.0,0.014179707650182014
W_N_0066,31,18,0,0.0,0.0,-0.0046880899518443216,0.0009943304722450149,0.0,0.0,0.0,0.0,-0.00023050508727753024,0.0,0.0,0.0,0.0,0.0,-0.0011319910785420387,0.0,-0.0006920920866956647,-0.002319201136762285,0.0,-0.008067548868876825
W_N_0066,31,23,1,0.0,0.0,-0.007273284564249672,0.0038393829371693934,0.0,0.0,0.0,0.0,-0.00023050508727753024,0.0,0.0,0.0,0.0,0.0,-0.0009118041158283425,0.0,-0.0006920920866956647,-0.0037750314628213245,0.0,-0.00904333437970314
W_N_0066,32,11,1,0.0,0.0,0.021504912696841814,0.0013156847672520654,0.0,0.0,0.0,0.0,-0.00011986354306593903,0.0,0.0,0.0,0.0,0.0,-0.002295351204274492,0.0,-0.0006920920866956647,-0.001874899944771984,0.0,0.017838390685285796
W_N_0066,32,29,1,0.0,0.0,0.052027614556691366,0.003979834068324854,0.0,0.0,0.0,0.0,-0.0004650681580503844,0.0,0.0,0.0,0.0,0.0,0.019368437220804415,0.0,-0.0006920920866956647,-0.003485692396396955,0.0,0.07073303320467762
W_N_0066,33,6,1,0.0,0.0,0.04786267827179603,0.0015966377961685956,0.0,0.0,0.0,0.0,0.0007400866045941602,0.0,0.0,0.0,0.0,0.0,-0.0026210509879994407,0.0,-0.0006920920866956647,-0.0040162320960183675,0.0,0.04287002750184531
W_N_0066,33,11,1,0.0,0.0,0.04496232311565999,0.0007630888986175503,0.0,0.0,0.0,0.0,0.0007400866045941602,0.0,0.0,0.0,0.0,0.0,-0.0008958426977577176,0.0,-0.0006920920866956647,-0.003201521449084171,0.0,0.04167604238533414
W_N_0066,33,17,1,0.0,0.0,0.012219522117904613,0.004306664371386604,0.0,0.0,0.0,0.0,0.0005107217399381664,0.0,0.0,0.0,0.0,0.0,-0.0007420666440148215,0.0,-0.0006920920866956647,-0.0017694709907840145,0.0,0.013833278507734883
W_N_0066,33,22,1,0.0,0.0,0.0202585967623338,0.0016959084199842933,0.0,0.0,0.0,0.0,0.0007400866045941602,0.0,0.0,0.0,0.0,0.0,-0.00317552968071232,0.0,-0.0006920920866956647,-0.0029663868419508295,0.0,0.015860583177553438
W_N_0066,33,24,1,0.0,0.0,0.047272160746547595,0.0014658930436511745,0.0,0.0,0.0,0.0,0.0005073890775622098,0.0,0.0,0.0,0.0,0.0,-0.00046470348736380037,0.0,-0.0006920920866956647,-0.003332550657249705,0.0,0.04475609663645182
W_N_0066,33,30,1,0.0,0.0,0.041824509751521834,0.0012281627846540478,0.0,0.0,0.0,0.0,0.0005107217399381664,0.0,0.0,0.0,0.0,0.0,0.017622402771798787,0.0,-0.0006920920866956647,-0.0013590476539817923,0.0,0.059134657307235376
W_N_0066,34,11,1,0.0,0.0,0.041760415215431515,0.0014658256355302279,0.0,0.0,0.0,0.0,0.0007400866045941602,0.0,0.0,0.0,0.0,0.0,-0.0018750877887898406,0.0,-0.0006920920866956647,-0.002046212167404249,0.0,0.03935293541266615
W_N_0066,34,21,0,0.0,0.0,0.07373403362335425,0.0011157840717033877,0.0,0.0,0.0,0.0,0.0009044796987777874,0.0,0.0,0.0,0.0,0.0,-0.0002180373646097326,0.0,-0.0006920920866956647,-0.005113778574907173,0.0,0.06973038936762284
W_N_0066,34,25,1,0.0,0.0,0.051221354772445264,0.0015109464122205045,0.0,0.0,0.0,0.0,0.0005073890775622098,0.0,0.0,0.0,0.0,0.0,-0.0035120961203561583,0.0,0.003923085543874002,-0.0013877017408849396,0.0,0.05226297794486088
W_N_0066,34,26,1,0.0,0.0,0.06714042575725834,0.0018882040965983206,0.0,0.0,0.0,0.0,0.0007400866045941602,0.0,0.0,0.0,0.0,0.0,-0.0011589095587881638,0.0,0.003923085543874002,-0.0011516198406241842,0.0,0.07138127260291247
W_N_0066,35,18,1,0.0,0.0,0.04640182921776512,0.0007836989812567967,0.0,0.0,0.0,0.0,0.0005107217399381664,0.0,0.0,0.0,0.0,0.0,-0.0017342694237951297,0.0,-0.0006920920866956647,-0.0017782985167746953,0.0,0.04349158991169459
W_N_0066,35,22,1,0.0,0.0,0.040822758244192035,0.002441068719153073,0.0,0.0,0.0,0.0,0.0005073890775622098,0.0,0.0,0.0,0.0,0.0,-0.0010038768324259267,0.0,0.003923085543874002,-9.972693959956261e-05,0.0,0.046590697812755835
W_N_0066,35,26,1,0.0,0.0,0.038744357634165685,0.001785093736017663,0.0,0.0,0.0,0.0,0.0005107217399381664,0.0,0.0,0.0,0.0,0.0,-0.00216174510767567,0.0,-0.0006920920866956647,-0.0010453063515494742,0.0,0.037141029564200706
W_N_0066,36,16,1,0.0,0.0,0.05705621052711827,0.0015180318956089455,0.0,0.0,0.0,0.0,0.0007400866045941602,0.0,0.0,0.0,0.0,0.0,-0.001308236283489186,0.0,-0.0006920920866956647,-0.0021021908482672506,0.0,0.05521180980886927
W_N_0066,37,19,1,0.0,0.0,0.029939625489237825,0.0015431369972815918,0.0,0.0,0.0,0.0,0.0007400866045941602,0.0,0.0,0.0,0.0,0.0,-0.0013931866521651117,0.0,-0.0006920920866956647,-0.0029570003316365927,0.0,0.02718057002061621
W_N_0066,38,16,1,0.0,0.0,0.03808009991371978,0.0018882040965983206,0.0,0.0,0.0,0.0,0.00038484791659062085,0.0,0.0,0.0,0.0,0.0,-0.0017815986359845856,0.0,-0.0006920920866956647,-0.003298020932578799,0.0,0.03458144027164968
W_N_0066,38,17,1,0.0,0.0,0.056162579853625536,0.0012248496003280556,0.0,0.0,0.0,0.0,0.0005107217399381664,0.0,0.0,0.0,0.0,0.0,-0.002688911772971999,0.0,-0.0006920920866956647,-0.004061216909984581,0.0,0.050455930424239515
W_N_0066,38,21,1,0.0,0.0,0.06164625223435156,0.0015431322842648254,0.0,0.0,0.0,0.0,0.0007400866045941602,0.0,0.0,0.0,0.0,0.0,0.026232603297278,0.0,-0.0006920920866956647,0.030867607157202628,0.0,0.1203375894909955
W_N_0038,1,13,0,0.0,0.0,0.06487326798908077,0.0016730220423857266,0.0,0.0,0.0,0.0,0.000808937107948482,0.0,0.0,0.0,0.0,0.0,-0.001453443180422477,0.0,-0.0002564286634833484,-0.0019610752118184157,0.0,0.06368428008369073
W_N_0038,3,8,1,0.0,0.0,0.05151540409901926,0.00431013311860652,0.0,0.0,0.0,0.0,0.0008019271659491864,0.0,0.0,0.0,0.0,0.0,-0.0013877192435124404,0.0,-0.0002564286634833484,-0.003728734242235918,0.0,0.05125458223434326
W_N_0038,3,11,0,0.0,0.0,0.040291598209778436,0.0006748623038297276,0.0,0.0,0.0,0.0,0.0014385752323179976,0.0,0.0,0.0,0.0,0.0,-0.0039027576595434734,0.0,0.0014535516329185,-0.002486964372561798,0.0,0.03746886534673939
W_N_0038,5,19,0,0.0,0.0,0.03387089009685056,0.0009749624435052911,0.0,0.0,0.0,0.0,0.0014385752323179976,0.0,0.0,0.0,0.0,0.0,-0.0004503394695111536,0.0,-0.0002564286634833484,-0.0026802195255368278,0.0,0.03289744011414252
W_N_0038,5,21,0,0.0,0.0,0.060764779286711826,0.0010860630952092153,0.0,0.0,0.0,0.0,0.0008019271659491864,0.0,0.0,0.0,0.0,0.0,-0.0008835129922700373,0.0,-0.0002564286634833484,-0.003777779758845577,0.0,0.057735048133271266
W_N_0038,5,22,0,0.0,0.0,0.07801777406297833,0.002175228509970722,0.0,0.0,0.0,0.0,0.0014385752323179976,0.0,0.0,0.0,0.0,0.0,-0.005393708703558001,0.0,-0.0002564286634833484,-0.0038063489524125297,0.0,0.07217509148581316
W_N_0038,6,2,0,0.0,0.0,0.04864772971298108,0.00265601537549486,0.0,0.0,0.0,0.0,0.0014385752323179976,0.0,0.0,0.0,0.0,0.0,0.0015065196330322074,0.0,-0.0002564286634833484,-0.0032874828701336045,0.0,0.05070492842020919
W_N_0038,6,6,0,0.0,0.0,0.014538916376488093,0.002829854355476428,0.0,0.0,0.0,0.0,-0.0002497657574530816,0.0,0.0,0.0,0.0,0.0,-0.002753295706780804,0.0,-0.0002564286634833484,-0.002799435548301875,0.0,0.011309845055945414
W_N_0038,7,10,0,0.0,0.0,-0.03940033605862033,0.0013193736748578276,0.0,0.0,0.0,0.0,-0.00044805419720113924,0.0,0.0,0.0,0.0,0.0,0.023414884723842604,0.0,0.0014535516329185,-0.002582265492391922,0.0,-0.016242845716594463
W_N_0038,7,19,1,0.0,0.0,0.005146638172875201,0.0015045099574155037,0.0,0.0,0.0,0.0,-0.00044805419720113924,0.0,0.0,0.0,0.0,0.0,-0.0007697860106119281,0.0,-0.0002564286634833484,-0.003473605567218277,0.0,0.0017032736917760131
W_N_0038,9,18,0,0.0,0.0,-0.0366166629476132,0.0027375469539333763,0.0,0.0,0.0,0.0,-0.0001694865515836404,0.0,0.0,0.0,0.0,0.0,-0.0011002700204921956,0.0,-0.0002564286634833484,-0.0027121508818032983,0.0,-0.03811745211104231
W_N_0038,9,20,0,0.0,0.0,-0.0045549315317864065,0.0013301542529116752,0.0,0.0,0.0,0.0,0.000808937107948482,0.0,0.0,0.0,0.0,0.0,-0.002056524475544442,0.0,-0.0002564286634833484,-0.003462513447161961,0.0,-0.008191306757116
W_N_0038,10,22,0,0.0,0.0,0.032769616997759474,0.002019948860610514,0.0,0.0,0.0,0.0,0.0008019271659491864,0.0,0.0,0.0,0.0,0.0,-0.0024791039767781175,0.0,-0.0002564286634833484,-0.0051794189942615644,0.0,0.027676541389796142
W_N_0038,11,1,1,0.0,0.0,0.05748870349353926,0.004479283947116302,0.0,0.0,0.0,0.0,0.0014385752323179976,0.0,0.0,0.0,0.0,0.0,-0.002121604862509789,0.0,-0.0002564286634833484,-0.0028565852381013854,0.0,0.05817194390887904
W_N_0038,11,17,0,0.0,0.0,-0.05635120102556407,-0.001945553835283661,0.0,0.0,0.0,0.0,-0.00044805419720113924,0.0,0.0,0.0,0.0,0.0,-0.002021878129710985,0.0,0.0014535516329185,-0.002895135955335173,0.0,-0.06220827151017653
W_N_0038,12,22,0,0.0,0.0,0.027268528973507396,0.006031334904911745,0.0,0.0,0.0,0.0,0.0008019271659491864,0.0,0.0,0.0,0.0,0.0,-0.002763951402124087,0.0,-0.0002564286634833484,-0.003329012414678907,0.0,0.027752398564081987
W_N_0038,12,23,1,0.0,0.0,0.03112781593007038,0.00287163052803894,0.0,0.0,0.0,0.0,0.0008019271659491864,0.0,0.0,0.0,0.0,0.0,-0.002819259465218659,0.0,-0.0002564286634833484,-0.003934932632005816,0.0,0.027790752863350685
W_N_0038,13,4,0,0.0,0.0,-0.019409695428474257,0.0008645718474413712,0.0,0.0,0.0,0.0,0.0008019271659491864,0.0,0.0,0.0,0.0,0.0,-0.0008059688406363167,0.0,-0.0002564286634833484,-0.0016894667628352246,0.0,-0.02049506068203859
W_N_0038,15,15,0,0.0,0.0,-0.09215455685803194,-0.008256881154041445,0.0,0.0,0.0,0.0,-0.0002519490523300968,0.0,0.0,0.0,0.0,0.0,-0.0023746833164687057,0.0,0.0014535516329185,-0.002007499048056846,0.0,-0.10359201779601052
W_N_0038,16,1,0,0.0,0.0,0.03777874078592753,0.006152624596410206,0.0,0.0,0.0,0.0,0.0014385752323179976,0.0,0.0,0.0,0.0,0.0,-2.613685964247592e-05,0.0,-0.0002564286634833484,-0.0032586137169219064,0.0,0.041828761374608
W_N_0038,16,3,0,0.0,0.0,0.05341023585032798,0.004922831279425565,0.0,0.0,0.0,0.0,0.0005441733541216158,0.0,0.0,0.0,0.0,0.0,0.0009995795916081102,0.0,-0.0002564286634833484,-0.003869343552113107,0.0,0.05575104785988681
W_N_0038,17,2,1,0.0,0.0,0.03820793252687705,0.0015677147612037023,0.0,0.0,0.0,0.0,0.000808937107948482,0.0,0.0,0.0,0.0,0.0,-0.0009492221175828462,0.0,-0.0002564286634833484,-0.004060136773719048,0.0,0.03531879684124399
W_N_0038,19,18,0,0.0,0.0,0.009125491795230142,0.0012203783561735603,0.0,0.0,0.0,0.0,-0.0001694865515836404,0.0,0.0,0.0,0.0,0.0,-0.0015734880677550369,0.0,0.0014535516329185,-0.0019065743669228143,0.0,0.00814987279806071
W_N_0038,21,11,0,0.0,0.0,-0.0010533611312618046,0.0010277637286148112,0.0,0.0,0.0,0.0,0.0014385752323179976,0.0,0.0,0.0,0.0,0.0,0.04070707435962642,0.0,0.0014535516329185,0.044179637979825076,0.0,0.087753241802041
W_N_0038,21,16,0,0.0,0.0,0.007718046847229975,0.0014717689196020265,0.0,0.0,0.0,0.0,0.0014385752323179976,0.0,0.0,0.0,0.0,0.0,0.00711704048817665,0.0,0.0014535516329185,0.043645482378885186,0.0,0.06284446549913034
W_N_0038,22,6,0,0.0,0.0,0.05630653374466922,0.0028219706546892156,0.0,0.0,0.0,0.0,0.000808937107948482,0.0,0.0,0.0,0.0,0.0,0.010306728208005732,0.0,-0.0002564286634833484,-0.004226042330773109,0.0,0.06576169872105618
W_N_0038,22,16,0,0.0,0.0,0.0433593020770504,0.003934941802880935,0.0,0.0,0.0,0.0,0.000808937107948482,0.0,0.0,0.0,0.0,0.0,0.0009637179984608441,0.0,0.0014535516329185,0.05134719515876179,0.0,0.10186764577802095
W_N_0038,24,17,0,0.0,0.0,0.048947190881018766,0.0037788681041424853,0.0,0.0,0.0,0.0,0.0005441733541216158,0.0,0.0,0.0,0.0,0.0,-0.012050186085588027,0.0,-0.0002564286634833484,0.0018636857234061947,0.0,0.042827303313617684
W_N_0038,24,18,0,0.0,0.0,0.05521178542881012,0.0016795979832113013,0.0,0.0,0.0,0.0,0.0014385752323179976,0.0,0.0,0.0,0.0,0.0,0.024877543028793477,0.0,-0.0002564286634833484,0.04334469916740325,0.0,0.1262957721770528
W_N_0038,25,13,0,0.0,0.0,0.05108773941775444,0.0020539932426615975,0.0,0.0,0.0,0.0,0.0014385752323179976,0.0,0.0,0.0,0.0,0.0,-0.0011340167765297306,0.0,-0.0002564286634833484,0.0028295625513694075,0.0,0.056019425004090365
W_N_0142,1,12,1,0.0,0.0,0.05335078612577299,0.0012312083401650321,0.0,0.0,0.0,0.0,0.0014385752323179976,0.0,0.0,0.0,0.0,0.0,-0.003338826144232057,0.0,-0.0002564286634833484,-0.003029783787904615,0.0,0.049395531102635996
W_N_0142,1,17,0,0.0,0.0,0.04886433627268733,0.00299972842054383,0.0,0.0,0.0,0.0,0.0014385752323179976,0.0,0.0,0.0,0.0,0.0,0.010546507618838208,0.0,-0.0002564286634833484,-0.0004150173316706013,0.0,0.06317770154923341
W_N_0142,3,11,0,0.0,0.0,0.022313500986742712,0.0034007164899668265,0.0,0.0,0.0,0.0,0.000808937107948482,0.0,0.0,0.0,0.0,0.0,0.0017792738204278381,0.0,-0.0002564286634833484,-0.0032189549362611623,0.0,0.02482704480534135
W_N_0142,4,3,0,0.0,0.0,0.043703229076653916,0.0024980572184001197,0.0,0.0,0.0,0.0,0.003616111222748803,0.0,0.0,0.0,0.0,0.0,-0.0024961395034805624,0.0,-0.0002564286634833484,-0.002906857956468919,0.0,0.04415797139437001
W_N_0142,4,22,0,0.0,0.0,0.03877521651677152,0.001551251962801528,0.0,0.0,0.0,0.0,0.003616111222748803,0.0,0.0,0.0,0.0,0.0,-0.0018281852505595607,0.0,-0.0002564286634833484,-0.004309051625645136,0.0,0.03754891416263381
W_N_0142,5,12,1,0.0,0.0,-0.014252048568355947,0.0020497397368572346,0.0,0.0,0.0,0.0,0.0005441733541216158,0.0,0.0,0.0,0.0,0.0,-0.002040038261477627,0.0,-0.0002564286634833484,-0.002174592932745413,0.0,-0.016129195335083484
W_N_0142,5,18,1,0.0,0.0,0.02197462060147035,0.0009419421150006842,0.0,0.0,0.0,0.0,0.0005441733541216158,0.0,0.0,0.0,0.0,0.0,-0.0004319356506746917,0.0,-0.0002564286634833484,-0.003142968655556252,0.0,0.019629403100878358
W_N_0142,5,20,0,0.0,0.0,0.049190139006158436,0.002829364097453435,0.0,0.0,0.0,0.0,0.0014385752323179976,0.0,0.0,0.0,0.0,0.0,-0.0015112943152140754,0.0,-0.0002564286634833484,-0.001960597349130448,0.0,0.049729758008102
W_N_0142,5,21,1,0.0,0.0,0.03063349804668889,0.0011094349864659793,0.0,0.0,0.0,0.0,0.0014385752323179976,0.0,0.0,0.0,0.0,0.0,-0.002250118003595689,0.0,-0.0002564286634833484,-0.0020742594531091485,0.0,0.02860070214528468
W_N_0142,5,23,0,0.0,0.0,0.06837407552617465,0.005263384923641293,0.0,0.0,0.0,0.0,0.0014385752323179976,0.0,0.0,0.0,0.0,0.0,-0.0015081770404285929,0.0,-0.0002564286634833484,-0.0033418356464166173,0.0,0.06996959433180538
W_N_0142,6,4,0,0.0,0.0,0.04133769162754812,0.0013493669645592023,0.0,0.0,0.0,0.0,0.0014385752323179976,0.0,0.0,0.0,0.0,0.0,-0.0009626672917276085,0.0,-0.0002564286634833484,-0.0027553827454817976,0.0,0.04015115512373257
W_N_0142,6,15,1,0.0,0.0,-0.010506055914199505,0.0017700644841433708,0.0,0.0,0.0,0.0,-0.00044805419720113924,0.0,0.0,0.0,0.0,0.0,-0.0006565194536895079,0.0,0.0014535516329185,-0.00036892887162028997,0.0,-0.00875594231964857
W_N_0142,9,0,1,0.0,0.0,0.044386301510886926,0.004210986281568171,0.0,0.0,0.0,0.0,0.0014385752323179976,0.0,0.0,0.0,0.0,0.0,-0.001249610168287127,0.0,-0.0002564286634833484,-0.0023512041837655787,0.0,0.04617862000923704
W_N_0142,9,10,0,0.0,0.0,-0.06767167732746789,-0.012524489752464462,0.0,0.0,0.0,0.0,-0.00044805419720113924,0.0,0.0,0.0,0.0,0.0,-0.0022783793287019082,0.0,0.0014535516329185,-0.003462188026164377,0.0,-0.08493123699908127
W_N_0142,9,11,0,0.0,0.0,-0.060868079810590996,-0.004716898147565952,0.0,0.0,0.0,0.0,-0.00044805419720113924,0.0,0.0,0.0,0.0,0.0,-0.0004617576283912029,0.0,0.0014535516329185,-0.002808846908926917,0.0,-0.0678500850597577
W_N_0142,9,25,0,0.0,0.0,0.05724569563196293,0.000708998318012609,0.0,0.0,0.0,0.0,0.0014385752323179976,0.0,0.0,0.0,0.0,0.0,-0.0021483623279480364,0.0,-0.0002564286634833484,-0.00235849478234625,0.0,0.0546299834085159
W_N_0142,10,0,0,0.0,0.0,0.056883324268565946,0.00375567140702629,0.0,0.0,0.0,0.0,0.0014385752323179976,0.0,0.0,0.0,0.0,0.0,-0.003262508424349816,0.0,-0.0002564286634833484,-0.006270801583536808,0.0,0.05228783223654026
W_N_0142,10,3,0,0.0,0.0,0.029093272373268027,0.0032133919146196967,0.0,0.0,0.0,0.0,0.0014385752323179976,0.0,0.0,0.0,0.0,0.0,0.0013640492696329243,0.0,-0.0002564286634833484,-0.0036245697695209736,0.0,0.03122829035683433
W_N_0142,10,4,1,0.0,0.0,-0.0001616435167103724,0.003680776783090637,0.0,0.0,0.0,0.0,0.0014385752323179976,0.0,0.0,0.0,0.0,0.0,-0.0018161852705846544,0.0,-0.0002564286634833484,-0.0020818370432979737,0.0,0.0008032575213322859
W_N_0142,11,0,0,0.0,0.0,0.045894498760483494,0.0037800421411620017,0.0,0.0,0.0,0.0,0.0008019271659491864,0.0,0.0,0.0,0.0,0.0,-0.0032382939409887858,0.0,-0.0002564286634833484,-0.0035570737702534934,0.0,0.04342467169286906
W_N_0142,11,10,0,0.0,0.0,-0.06358036578277253,-0.004990250233026303,0.0,0.0,0.0,0.0,-0.00044805419720113924,0.0,0.0,0.0,0.0,0.0,-0.0020817588322188454,0.0,0.0014535516329185,0.02698743174971361,0.0,-0.042659445662586705
W_N_0142,11,23,0,0.0,0.0,0.048551956318120225,0.0015429615880891805,0.0,0.0,0.0,0.0,0.000808937107948482,0.0,0.0,0.0,0.0,0.0,-0.001898873461950588,0.0,-0.0002564286634833484,-0.005295987647818457,0.0,0.04345256524090549
W_N_0142,11,25,1,0.0,0.0,0.04533666786768992,0.0010681661238018687,0.0,0.0,0.0,0.0,0.0014385752323179976,0.0,0.0,0.0,0.0,0.0,-0.002707536557390094,0.0,-0.0002564286634833484,-0.0034937199485548724,0.0,0.04138572405438146
W_N_0142,14,22,0,0.0,0.0,0.02526735670717347,0.00407043510905541,0.0,0.0,0.0,0.0,0.0014385752323179976,0.0,0.0,0.0,0.0,0.0,-0.0005277601015710378,0.0,0.0014535516329185,-0.004270667109126085,0.0,0.027431491470768257
W_N_0142,15,12,0,0.0,0.0,-0.07773603427945157,-0.012822364157140324,0.0,0.0,0.0,0.0,-0.00044805419720113924,0.0,0.0,0.0,0.0,0.0,-0.0019722507300902175,0.0,0.0014535516329185,-0.001986091960073166,0.0,-0.0935112436910379
W_N_0142,15,21,0,0.0,0.0,0.001196620760744473,0.0015095864385043167,0.0,0.0,0.0,0.0,0.0008019271659491864,0.0,0.0,0.0,0.0,0.0,-0.0009466004106058567,0.0,0.0014535516329185,0.05351501566773078,0.0,0.0575301012552414
W_N_0142,15,25,1,0.0,0.0,0.06248950016585795,0.004205539441047254,0.0,0.0,0.0,0.0,0.000808937107948482,0.0,0.0,0.0,0.0,0.0,-0.000906343549805308,0.0,-0.0002564286634833484,-0.0034230395364670155,0.0,0.06291816496509801
W_N_0142,16,3,0,0.0,0.0,0.042800991588810705,0.001772035105185175,0.0,0.0,0.0,0.0,0.0005441733541216158,0.0,0.0,0.0,0.0,0.0,-0.0016480985772197084,0.0,-0.0002564286634833484,-0.0030854806393862248,0.0,0.040127192168028215
W_N_0142,17,22,1,0.0,0.0,0.030104451582756597,0.0010421678251968686,0.0,0.0,0.0,0.0,0.000808937107948482,0.0,0.0,0.0,0.0,0.0,0.005538879997995479,0.0,0.0014535516329185,0.021112620579169298,0.0,0.06006060872598523
W_N_0142,18,11,0,0.0,0.0,-0.05051556704163643,0.0011548880271483766,0.0,0.0,0.0,0.0,-0.00044805419720113924,0.0,0.0,0.0,0.0,0.0,0.0008694811186462044,0.0,-0.0002564286634833484,-0.002844060576503186,0.0,-0.05203974133302953
W_N_0142,19,11,0,0.0,0.0,-0.02333016682003502,0.0007622587143707858,0.0,0.0,0.0,0.0,-0.00044805419720113924,0.0,0.0,0.0,0.0,0.0,-0.0009195182467460878,0.0,-0.0002564286634833484,-0.003927240757704502,0.0,-0.02811914997079931
W_N_0142,19,17,1,0.0,0.0,-0.004925266311584879,0.00108586625847449,0.0,0.0,0.0,0.0,-0.0002519490523300968,0.0,0.0,0.0,0.0,0.0,0.0017549141929338334,0.0,0.0014535516329185,-0.004203700783824953,0.0,-0.005086584063413105
W_N_0142,20,2,0,0.0,0.0,0.05901661026122205,0.0009346986115329422,0.0,0.0,0.0,0.0,0.0014385752323179976,0.0,0.0,0.0,0.0,0.0,0.028970040593297344,0.0,-0.0002564286634833484,-0.0020008114343640034,0.0,0.08810268460052297
W_N_0142,20,5,1,0.0,0.0,0.025268121698813994,0.0010222139851173322,0.0,0.0,0.0,0.0,0.0014385752323179976,0.0,0.0,0.0,0.0,0.0,-0.0031641892600729523,0.0,-0.0002564286634833484,-0.003390985753980187,0.0,0.02091730723871284
W_N_0142,22,14,1,0.0,0.0,0.03878888116542112,0.003385246905311657,0.0,0.0,0.0,0.0,0.000808937107948482,0.0,0.0,0.0,0.0,0.0,0.010673563916113417,0.0,0.0014535516329185,-7.245725817044959e-05,0.0,0.05503772346954272
W_N_0142,23,12,0,0.0,0.0,0.05903449143405097,0.0017891855143793052,0.0,0.0,0.0,0.0,0.0008019271659491864,0.0,0.0,0.0,0.0,0.0,0.01154931794338108,0.0,0.0014535516329185,0.03682742117939744,0.0,0.11145589487007648
W_N_0142,24,8,0,0.0,0.0,0.046709213104928475,0.004563478967111207,0.0,0.0,0.0,0.0,0.0014385752323179976,0.0,0.0,0.0,0.0,0.0,0.0011646711503443912,0.0,-0.0002564286634833484,-0.0016319093811894253,0.0,0.05198760041002929
W_N_0142,24,11,0,0.0,0.0,0.04382283073290387,0.0014985107118225733,0.0,0.0,0.0,0.0,0.0014385752323179976,0.0,0.0,0.0,0.0,0.0,0.045604391623318224,0.0,0.0014535516329185,0.021025602643811127,0.0,0.1148434625770923
W_N_0016,3,24,0,0.0,0.0,0.0584841356698878,0.004172692142236364,0.0,0.0,0.0,0.0,0.0007400866045941602,0.0,0.0,0.0,0.0,0.0,-0.0019094646518968245,0.0,-0.003768756467380103,-0.003677603901923991,0.0,0.05404108939551739
W_N_0016,3,28,1,0.0,0.0,0.0768349778414724,0.0037577576126934173,0.0,0.0,0.0,0.0,0.0007400866045941602,0.0,0.0,0.0,0.0,0.0,-0.0010819177234506331,0.0,-0.003768756467380103,-0.004055793012382962,0.0,0.07242635485554627
W_N_0016,5,12,1,0.0,0.0,0.04238241987576693,0.0013035439728347096,0.0,0.0,0.0,0.0,0.0005073890775622098,0.0,0.0,0.0,0.0,0.0,-0.0009014762106832695,0.0,-0.003768756467380103,-0.0030583454648644122,0.0,0.036464774783236065
W_N_0016,5,23,0,0.0,0.0,0.01902109643443048,0.001349904375103712,0.0,0.0,0.0,0.0,0.00038484791659062085,0.0,0.0,0.0,0.0,0.0,-0.0027279265294673943,0.0,-0.003768756467380103,-0.003737526142352576,0.0,0.010521639586924736
W_N_0016,9,7,1,0.0,0.0,0.03755329400243392,0.0014193733466553971,0.0,0.0,0.0,0.0,-0.00015906781518297468,0.0,0.0,0.0,0.0,0.0,-0.0032039509720413533,0.0,-0.003768756467380103,-0.0022922422425406463,0.0,0.02954864985194424
W_N_0016,10,9,0,0.0,0.0,0.034615574524032786,0.002621216973566504,0.0,0.0,0.0,0.0,-0.00023050508727753024,0.0,0.0,0.0,0.0,0.0,-0.0018988130769264549,0.0,-0.003768756467380103,-0.002693777397609749,0.0,0.028644939468405444
W_N_0016,10,21,1,0.0,0.0,-0.06033503193605979,0.007917021742617159,0.0,0.0,0.0,0.0,-0.00015802983445603304,0.0,0.0,0.0,0.0,0.0,-0.00020142226689596392,0.0,-0.003768756467380103,-0.0016245404977509826,0.0,-0.058170759259925715
W_N_0016,11,11,0,0.0,0.0,-0.01616830343683375,0.003008463049581562,0.0,0.0,0.0,0.0,-0.00023050508727753024,0.0,0.0,0.0,0.0,0.0,-0.0011359536461291188,0.0,-0.003768756467380103,-0.006163737654120369,0.0,-0.02445879324215931
W_N_0016,11,22,0,0.0,0.0,-0.035634483328179624,0.001287999630194246,0.0,0.0,0.0,0.0,-0.0004650681580503844,0.0,0.0,0.0,0.0,0.0,-0.0026782174731577566,0.0,-0.003768756467380103,-0.005233408673819783,0.0,-0.0464919344703934
W_N_0016,12,19,1,0.0,0.0,-0.03920537338420592,0.00028509983031267476,0.0,0.0,0.0,0.0,-0.00015802983445603304,0.0,0.0,0.0,0.0,0.0,-0.002663109632480544,0.0,-0.003768756467380103,-0.0037100332153558236,0.0,-0.04922020270356575
W_N_0016,13,8,1,0.0,0.0,0.0014025960771363818,0.00185342087092701,0.0,0.0,0.0,0.0,-0.00015802983445603304,0.0,0.0,0.0,0.0,0.0,-0.0010897118923096116,0.0,-0.003768756467380103,-0.003885123731170249,0.0,-0.0056456049772526055
W_N_0016,13,28,0,0.0,0.0,-0.01863178036893749,0.0011891724565129568,0.0,0.0,0.0,0.0,-0.00023050508727753024,0.0,0.0,0.0,0.0,0.0,-0.002367917286289144,0.0,-0.003768756467380103,-0.0029582225063285086,0.0,-0.02676800925969982
W_N_0016,13,30,1,0.0,0.0,-0.00420902267585481,0.002689372373923488,0.0,0.0,0.0,0.0,-0.00015802983445603304,0.0,0.0,0.0,0.0,0.0,-0.0009525964115672354,0.0,-0.003768756467380103,-0.002091058578490119,0.0,-0.008490091593824812
W_N_0016,14,13,1,0.0,0.0,-0.04963112705647223,0.002481787061632422,0.0,0.0,0.0,0.0,-0.00023050508727753024,0.0,0.0,0.0,0.0,0.0,-0.0012462489278356418,0.0,-0.003768756467380103,-0.0024599650276279287,0.0,-0.05485481550496101
W_N_0016,15,24,0,0.0,0.0,-0.039386386860877025,-0.005572045799559109,0.0,0.0,0.0,0.0,-0.00023050508727753024,0.0,0.0,0.0,0.0,0.0,-0.0008842616593774844,0.0,-0.003768756467380103,-0.003700197296405588,0.0,-0.05354215317087685
W_N_0016,15,27,1,0.0,0.0,-0.05478967679645604,0.0015383795631828344,0.0,0.0,0.0,0.0,-0.00028170645247910654,0.0,0.0,0.0,0.0,0.0,-0.0022270640510867684,0.0,-0.003768756467380103,-0.004048507228967543,0.0,-0.06357733143318674
W_N_0016,15,33,0,0.0,0.0,-0.008079954546744744,0.0032155686107980127,0.0,0.0,0.0,0.0,-0.00015802983445603304,0.0,0.0,0.0,0.0,0.0,-0.0013406348335317944,0.0,-0.003768756467380103,-0.003402380912123759,0.0,-0.01353418798343842
W_N_0016,17,21,0,0.0,0.0,-0.06886708153930195,-0.010606928812490455,0.0,0.0,0.0,0.0,-0.00023050508727753024,0.0,0.0,0.0,0.0,0.0,-0.003002262614173692,0.0,-0.003768756467380103,-0.002651220091387807,0.0,-0.08912675461201153
W_N_0016,19,22,1,0.0,0.0,-0.08536394922366752,-0.006548668141138818,0.0,0.0,0.0,0.0,-0.00023050508727753024,0.0,0.0,0.0,0.0,0.0,-0.0027504516769429723,0.0,-0.003768756467380103,-0.00543034238023891,0.0,-0.10409267297664586
W_N_0016,20,29,1,0.0,0.0,-0.06055610826877879,0.0023779109018496046,0.0,0.0,0.0,0.0,-0.00023050508727753024,0.0,0.0,0.0,0.0,0.0,-0.00427502634268413,0.0,-0.003768756467380103,-0.0035737399814802107,0.0,-0.07002622524575115
W_N_0016,22,0,1,0.0,0.0,0.05826655266604826,0.0010516494086334036,0.0,0.0,0.0,0.0,0.0005073890775622098,0.0,0.0,0.0,0.0,0.0,-0.004705160223037849,0.0,-0.003768756467380103,-0.0008098351133343898,0.0,0.050541839348491525
W_N_0016,23,5,0,0.0,0.0,0.002412786901781858,0.0015131129495373498,0.0,0.0,0.0,0.0,0.0005107217399381664,0.0,0.0,0.0,0.0,0.0,-0.00101053360764083,0.0,-0.003768756467380103,-0.005770475351243813,0.0,-0.006113143835007372
W_N_0016,23,13,0,0.0,0.0,-0.07566767670039531,-0.003990690217827845,0.0,0.0,0.0,0.0,-0.00023050508727753024,0.0,0.0,0.0,0.0,0.0,0.0003353883559303761,0.0,-0.003768756467380103,-0.00301226577894453,0.0,-0.08633450589589495
W_N_0016,23,18,0,0.0,0.0,-0.07734375573437659,-0.025942634410085826,0.0,0.0,0.0,0.0,-0.00023050508727753024,0.0,0.0,0.0,0.0,0.0,-0.0029911880887596226,0.0,-0.003768756467380103,-0.0038911063527733323,0.0,-0.114167946140653
W_N_0016,23,25,0,0.0,0.0,-0.09317090554729988,-0.0209955030957479,0.0,0.0,0.0,0.0,-0.00015802983445603304,0.0,0.0,0.0,0.0,0.0,-0.0018614086512617806,0.0,-0.003768756467380103,-0.0032507659741672326,0.0,-0.12320536957031293
W_N_0016,23,30,0,0.0,0.0,-0.02954168801962431,0.003724892713938022,0.0,0.0,0.0,0.0,-0.00015802983445603304,0.0,0.0,0.0,0.0,0.0,-0.0005908087615833683,0.0,-0.003768756467380103,-0.002528178959495548,0.0,-0.032862569328601335
W_N_0016,24,30,1,0.0,0.0,-0.032690064304125875,0.0007870307596283823,0.0,0.0,0.0,0.0,-0.00011986354306593903,0.0,0.0,0.0,0.0,0.0,-0.0010858841087756298,0.0,-0.003768756467380103,-0.0015128338571536277,0.0,-0.038390371520872796
W_N_0016,24,31,1,0.0,0.0,-0.015981172968273956,0.0022167331772557637,0.0,0.0,0.0,0.0,-0.00015906781518297468,0.0,0.0,0.0,0.0,0.0,-0.003630014094589338,0.0,-0.003768756467380103,-0.003229045769133781,0.0,-0.02455132393730439
W_N_0016,25,10,1,0.0,0.0,-0.03949917465950862,0.0027530219333118436,0.0,0.0,0.0,0.0,-0.00015906781518297468,0.0,0.0,0.0,0.0,0.0,-0.0010085676182287197,0.0,0.02136298665998482,-0.0016460514886457234,0.0,-0.018196852988269372
W_N_0016,27,13,0,0.0,0.0,-0.07041216077948227,-0.005023164555409647,0.0,0.0,0.0,0.0,-0.00023050508727753024,0.0,0.0,0.0,0.0,0.0,-0.00365364227274008,0.0,-0.003768756467380103,-0.005113174132147668,0.0,-0.08820140329443729
W_N_0016,27,33,1,0.0,0.0,0.010126803544043293,0.0020404059616100974,0.0,0.0,0.0,0.0,-0.00023050508727753024,0.0,0.0,0.0,0.0,0.0,-0.00021343397181107623,0.0,-0.003768756467380103,-0.005247478966580431,0.0,0.00270703501260425
W_N_0016,28,2,1,0.0,0.0,0.035881968531425217,0.001509877884967473,0.0,0.0,0.0,0.0,0.0005073890775622098,0.0,0.0,0.0,0.0,0.0,-0.0007360948493935814,0.0,-0.003768756467380103,-0.0028910503963123823,0.0,0.030503333780868832
W_N_0016,28,15,0,0.0,0.0,-0.08552056496753342,-0.0026387606337832537,0.0,0.0,0.0,0.0,-0.00023050508727753024,0.0,0.0,0.0,0.0,0.0,-0.0008987634093113589,0.0,-0.003768756467380103,-0.002047590153893971,0.0,-0.09510494071917963
W_N_0016,28,32,1,0.0,0.0,-0.010580727284799609,0.0009393655188365018,0.0,0.0,0.0,0.0,-0.00023050508727753024,0.0,0.0,0.0,0.0,0.0,-0.00029124123783389686,0.0,-0.003768756467380103,-0.003206767969181432,0.0,-0.017138632527636068
W_N_0016,29,32,1,0.0,0.0,0.008813844973964379,0.0030656801825852016,0.0,0.0,0.0,0.0,-0.00015802983445603304,0.0,0.0,0.0,0.0,0.0,-0.0014176210064895615,0.0,-0.003768756467380103,-0.003485835283656455,0.0,0.0030492825645674283
W_N_0016,30,2,0,0.0,0.0,0.047857275636169004,0.0011043833908977137,0.0,0.0,0.0,0.0,0.0005107217399381664,0.0,0.0,0.0,0.0,0.0,-0.0013131364693098522,0.0,-0.003768756467380103,-0.004471312576438993,0.0,0.03991917525387593
W_N_0016,30,36,1,0.0,0.0,0.03603470616899097,0.0015846605363577001,0.0,0.0,0.0,0.0,0.0007400866045941602,0.0,0.0,0.0,0.0,0.0,-0.0012693715809236773,0.0,-0.003768756467380103,-0.003609349581096849,0.0,0.0297119756805422
W_N_0016,31,17,0,0.0,0.0,-0.05325848317970829,0.0007142857490088505,0.0,0.0,0.0,0.0,-0.00023050508727753024,0.0,0.0,0.0,0.0,0.0,-0.0008362931673781901,0.0,-0.003768756467380103,-0.0041515897858328925,0.0,-0.06153134193856816
W_N_0016,34,16,0,0.0,0.0,-0.013574741813167666,0.0007750679815418656,0.0,0.0,0.0,0.0,-0.00015906781518297468,0.0,0.0,0.0,0.0,0.0,-0.0016147562453201864,0.0,-0.003768756467380103,-0.003435845639292978,0.0,-0.021778099998802043
W_N_0016,34,25,0,0.0,0.0,-0.013698371402009094,0.0008078693617903455,0.0,0.0,0.0,0.0,-0.00023050508727753024,0.0,0.0,0.0,0.0,0.0,-0.0002624529340160555,0.0,-0.003768756467380103,-0.002260000918662572,0.0,-0.019412217447555006
W_N_0016,35,33,1,0.0,0.0,0.03603421912935561,0.0014408548249274329,0.0,0.0,0.0,0.0,-0.00015802983445603304,0.0,0.0,0.0,0.0,0.0,-0.0014398470086428583,0.0,-0.003768756467380103,-0.002577915723418565,0.0,0.029530524920385475
W_N_0016,36,15,0,0.0,0.0,0.012772376472264865,0.0012350224776280126,0.0,0.0,0.0,0.0,-0.00023050508727753024,0.0,0.0,0.0,0.0,0.0,-0.0028865582857483907,0.0,-0.003768756467380103,-0.0025064284930137047,0.0,0.004615150616473149
W_N_0016,37,7,0,0.0,0.0,0.03881320240528258,0.0012153845781174963,0.0,0.0,0.0,0.0,-0.00011986354306593903,0.0,0.0,0.0,0.0,0.0,0.0011681960280872366,0.0,-0.003768756467380103,-0.0026173641286935745,0.0,0.0346907988723477
W_N_0016,37,19,0,0.0,0.0,-0.009126910498763463,0.0037023075732737945,0.0,0.0,0.0,0.0,-0.00023050508727753024,0.0,0.0,0.0,0.0,0.0,-0.001705566044303864,0.0,-0.003768756467380103,-0.0029909325019359515,0.0,-0.014120363026387117
W_N_0016,39,18,0,0.0,0.0,0.04651826117302854,0.0006581228221670399,0.0,0.0,0.0,0.0,0.0007400866045941602,0.0,0.0,0.0,0.0,0.0,0.0009069701876882006,0.0,-0.003768756467380103,-0.003708024977994753,0.0,0.04134665934210308
W_N_0016,39,32,1,0.0,0.0,0.05317506793226359,0.0014941139077376568,0.0,0.0,0.0,0.0,0.0005107217399381664,0.0,0.0,0.0,0.0,0.0,-0.0005332149554715364,0.0,-0.003768756467380103,-0.0029692239218060586,0.0,0.047908708235281705
W_N_0016,40,11,0,0.0,0.0,0.0541061878620504,0.0037152034860333835,0.0,0.0,0.0,0.0,0.0007400866045941602,0.0,0.0,0.0,0.0,0.0,0.023151955219946934,0.0,-0.003768756467380103,-0.0058991752790871245,0.0,0.07204550142615765
W_N_0016,40,21,1,0.0,0.0,0.02861395144112381,0.00047497834537444945,0.0,0.0,0.0,0.0,0.00038484791659062085,0.0,0.0,0.0,0.0,0.0,-0.0013073538379894025,0.0,-0.003768756467380103,-0.0021901917572490458,0.0,0.022207475640470323
W_N_0068,1,15,0,0.0,0.0,0.05676937818135986,0.0011310484344305603,0.0,0.0,0.0,0.0,0.0005107217399381664,0.0,0.0,0.0,0.0,0.0,-0.002036855943258691,0.0,-0.00043977378136639755,-0.0034614306234674822,0.0,0.05247308800763602
W_N_0068,2,16,1,0.0,0.0,0.029697935245618833,0.0018881008076846954,0.0,0.0,0.0,0.0,0.0007400866045941602,0.0,0.0,0.0,0.0,0.0,-0.0006911917491059596,0.0,-0.00043977378136639755,-0.003447088143827401,0.0,0.02774806898359793
W_N_0068,2,17,1,0.0,0.0,0.05574807332815969,0.0014484498709067108,0.0,0.0,0.0,0.0,0.0005107217399381664,0.0,0.0,0.0,0.0,0.0,-0.0006481759506797357,0.0,-0.00043977378136639755,-0.0019931200911215523,0.0,0.05462617511583688
W_N_0068,3,14,0,0.0,0.0,0.041379495348065516,0.0016031989772761811,0.0,0.0,0.0,0.0,0.0007400866045941602,0.0,0.0,0.0,0.0,0.0,-0.0017899668839884031,0.0,-0.00043977378136639755,-0.0036013049629030425,0.0,0.03789173530167802
W_N_0068,5,6,0,0.0,0.0,0.029039337512940626,0.003413656225423072,0.0,0.0,0.0,0.0,0.0007400866045941602,0.0,0.0,0.0,0.0,0.0,-0.0031074695002942633,0.0,-0.00043977378136639755,-0.0037919539169553166,0.0,0.02585388314434188
W_N_0068,6,3,1,0.0,0.0,0.05769368564281441,0.0011697665088976448,0.0,0.0,0.0,0.0,0.00038484791659062085,0.0,0.0,0.0,0.0,0.0,-0.0015930014246330255,0.0,-0.00043977378136639755,-0.004599731790796871,0.0,0.05261579307150638
W_N_0068,6,4,0,0.0,0.0,0.050230051233274224,0.0015077455392214837,0.0,0.0,0.0,0.0,0.0007400866045941602,0.0,0.0,0.0,0.0,0.0,-0.0011297830665731234,0.0,-0.00043977378136639755,-0.0028223354397012524,0.0,0.048085991089449096
W_N_0068,6,9,0,0.0,0.0,-0.025512467836879906,0.002587543848081618,0.0,0.0,0.0,0.0,-0.00015802983445603304,0.0,0.0,0.0,0.0,0.0,-0.0016573382951299337,0.0,-0.00043977378136639755,-0.004799986221431717,0.0,-0.029980052121182366
W_N_0068,6,11,0,0.0,0.0,-0.024151175161260696,0.0014693406762967928,0.0,0.0,0.0,0.0,-0.00023050508727753024,0.0,0.0,0.0,0.0,0.0,-0.0020806519092755956,0.0,-0.00043977378136639755,-0.0037531283953375536,0.0,-0.02918589365822098
W_N_0068,6,13,0,0.0,0.0,-0.03456185672351992,0.0008871985205476441,0.0,0.0,0.0,0.0,-0.00023050508727753024,0.0,0.0,0.0,0.0,0.0,-0.0015868742623156033,0.0,-0.00043977378136639755,-0.0038355529429329013,0.0,-0.03976736427686471
W_N_0068,7,6,0,0.0,0.0,-0.015816216118647863,0.0009816384106588433,0.0,0.0,0.0,0.0,-0.00023050508727753024,0.0,0.0,0.0,0.0,0.0,-0.00011406705628008159,0.0,-0.00043977378136639755,-0.004171626413319066,0.0,-0.019790550046232095
W_N_0068,7,9,0,0.0,0.0,-0.03251769204214098,0.0016314497628775687,0.0,0.0,0.0,0.0,-0.00023050508727753024,0.0,0.0,0.0,0.0,0.0,-0.0019353512338636499,0.0,-0.00043977378136639755,-0.006334535799334608,0.0,-0.039826408181105596
W_N_0068,8,13,0,0.0,0.0,-0.06297490483409418,-0.005630852264977175,0.0,0.0,0.0,0.0,-0.00023050508727753024,0.0,0.0,0.0,0.0,0.0,-0.002589216890130347,0.0,-0.00043977378136639755,-0.004948528540043074,0.0,-0.07681378139788869
W_N_0068,8,14,0,0.0,0.0,-0.04986866093187149,-0.006808708993261062,0.0,0.0,0.0,0.0,-0.00023050508727753024,0.0,0.0,0.0,0.0,0.0,-0.0030724700300665945,0.0,-0.00043977378136639755,-0.002886157299055378,0.0,-0.06330627612289846
W_N_0068,10,4,0,0.0,0.0,0.007338684488031961,0.0013682672840794352,0.0,0.0,0.0,0.0,0.0005073890775622098,0.0,0.0,0.0,0.0,0.0,-0.003593177627741489,0.0,-0.00043977378136639755,-0.0019329117223665679,0.0,0.003248477718199153
W_N_0068,10,21,0,0.0,0.0,0.0285890625481279,0.0007307973198226958,0.0,0.0,0.0,0.0,0.0007400866045941602,0.0,0.0,0.0,0.0,0.0,-0.003945257028106343,0.0,0.0024928332477986816,-0.0020825105553344183,0.0,0.02652501213690267
W_N_0068,12,2,0,0.0,0.0,0.04348253377952073,0.000984773241856079,0.0,0.0,0.0,0.0,0.0005073890775622098,0.0,0.0,0.0,0.0,0.0,-0.0020210114813170904,0.0,-0.00043977378136639755,-0.0018686358739165975,0.0,0.040645274962338926
W_N_0068,14,15,0,0.0,0.0,-0.05536309611765877,-0.012229174200999084,0.0,0.0,0.0,0.0,-0.00015906781518297468,0.0,0.0,0.0,0.0,0.0,-0.005241064766283465,0.0,-0.00043977378136639755,-0.0033838902746632614,0.0,-0.07681606695615396
W_N_0068,16,9,0,0.0,0.0,-0.06983764137719607,-0.005402858382962802,0.0,0.0,0.0,0.0,-0.00015906781518297468,0.0,0.0,0.0,0.0,0.0,-0.003071938933330542,0.0,-0.00043977378136639755,-0.0032281625049895664,0.0,-0.08213944279502836
W_N_0068,17,15,0,0.0,0.0,-0.07552930832828612,-0.0006937487653711359,0.0,0.0,0.0,0.0,-0.00023050508727753024,0.0,0.0,0.0,0.0,0.0,-0.0009031114559618369,0.0,-0.00043977378136639755,-0.0019034588316237007,0.0,-0.07969990624988671
W_N_0068,17,23,1,0.0,0.0,0.04690486886194382,0.001250407426293991,0.0,0.0,0.0,0.0,0.0005107217399381664,0.0,0.0,0.0,0.0,0.0,0.015504044823910136,0.0,-0.00043977378136639755,-0.00019788635311580839,0.0,0.0635323827176039
W_N_0068,18,21,0,0.0,0.0,0.02955986941001614,0.00047994500074311354,0.0,0.0,0.0,0.0,0.0005073890775622098,0.0,0.0,0.0,0.0,0.0,-0.002259423217682602,0.0,-0.00043977378136639755,-0.0032939633265080316,0.0,0.024554043162764435
W_N_0068,19,2,1,0.0,0.0,0.06692135533741808,0.0011500125204673111,0.0,0.0,0.0,0.0,0.0007400866045941602,0.0,0.0,0.0,0.0,0.0,-0.0026054815070066396,0.0,-0.00043977378136639755,-0.0020671968301338643,0.0,0.06369900234397266
W_N_0068,19,22,1,0.0,0.0,0.04822701713184164,0.004054332177525092,0.0,0.0,0.0,0.0,0.0005107217399381664,0.0,0.0,0.0,0.0,0.0,-0.0021144944277597414,0.0,-0.00043977378136639755,-0.003537069474798233,0.0,0.046700733365380526
W_N_0068,20,7,0,0.0,0.0,-0.006896849482657131,0.0012182357614910798,0.0,0.0,0.0,0.0,-0.00015802983445603304,0.0,0.0,0.0,0.0,0.0,-0.0009871595937075456,0.0,-0.00043977378136639755,-0.0014724506237451702,0.0,-0.008736027554441198
W_N_0068,20,9,0,0.0,0.0,-0.0238358346668702,0.002898629958581735,0.0,0.0,0.0,0.0,-0.00015802983445603304,0.0,0.0,0.0,0.0,0.0,-0.0013285240562366427,0.0,-0.00043977378136639755,-0.003443897336735315,0.0,-0.02630742971708285
W_N_0068,20,13,0,0.0,0.0,-0.02795796234493755,0.001305560230449527,0.0,0.0,0.0,0.0,-0.00011986354306593903,0.0,0.0,0.0,0.0,0.0,-0.0007922498228464057,0.0,-0.00043977378136639755,-0.0025843048932707915,0.0,-0.030588594155037556
W_N_0068,20,22,0,0.0,0.0,0.05847571989975538,0.0010501493745077373,0.0,0.0,0.0,0.0,0.0007400866045941602,0.0,0.0,0.0,0.0,0.0,-0.0015894214157917302,0.0,-0.00043977378136639755,-0.005952874179162555,0.0,0.05228388650253659
W_N_0068,21,13,0,0.0,0.0,-0.009828060435748742,0.0016444618084160954,0.0,0.0,0.0,0.0,0.0005107217399381664,0.0,0.0,0.0,0.0,0.0,-0.0019230766036230557,0.0,-0.00043977378136639755,-0.0020626611670716156,0.0,-0.012098388439455548
W_N_0068,21,19,0,0.0,0.0,0.034873322040216634,0.0011673231630601633,0.0,0.0,0.0,0.0,0.0005073890775622098,0.0,0.0,0.0,0.0,0.0,0.00034990860234176204,0.0,-0.00043977378136639755,-0.0042719180192429705,0.0,0.0321862510825714
W_N_0068,22,13,0,0.0,0.0,-0.007035585221706686,0.002579994376011324,0.0,0.0,0.0,0.0,0.0005073890775622098,0.0,0.0,0.0,0.0,0.0,-0.0026619626643600743,0.0,-0.00043977378136639755,-0.00407447822288156,0.0,-0.011124416436741183
W_N_0068,25,17,1,0.0,0.0,0.05678207605197227,0.0026185033308270336,0.0,0.0,0.0,0.0,0.0007400866045941602,0.0,0.0,0.0,0.0,0.0,0.020961869709669845,0.0,-0.00043977378136639755,-0.004720519755606754,0.0,0.07594224216009016
W_N_0125,1,16,0,0.0,0.0,0.043376466567690584,0.003570417293070649,0.0,0.0,0.0,0.0,0.0005073890775622098,0.0,0.0,0.0,0.0,0.0,-0.0012932833849953575,0.0,-0.00043977378136639755,-0.0033968135284713156,0.0,0.04232440224349038
W_N_0125,3,16,0,0.0,0.0,0.05139628406979809,0.0008596044792705998,0.0,0.0,0.0,0.0,0.0007400866045941602,0.0,0.0,0.0,0.0,0.0,-0.0026617422703729666,0.0,-0.00043977378136639755,-0.0035065400686742896,0.0,0.046387919033249195
W_N_0125,3,17,1,0.0,0.0,0.04712196813764334,0.0013235456747732282,0.0,0.0,0.0,0.0,0.0005107217399381664,0.0,0.0,0.0,0.0,0.0,-0.002590618246318358,0.0,-0.00043977378136639755,-0.0014502627244733905,0.0,0.04447558080019658
W_N_0125,5,9,0,0.0,0.0,-0.0083650301492448,0.0011424373626871226,0.0,0.0,0.0,0.0,0.0007400866045941602,0.0,0.0,0.0,0.0,0.0,-0.0034461929886141335,0.0,-0.00043977378136639755,-0.001736927787620037,0.0,-0.012105400739564086
W_N_0125,5,17,0,0.0,0.0,-0.003230932128537913,0.0034130401110477066,0.0,0.0,0.0,0.0,0.0007400866045941602,0.0,0.0,0.0,0.0,0.0,-0.003579054866742418,0.0,-0.00043977378136639755,-0.0039298290837898545,0.0,-0.007026463144794716
W_N_0125,5,21,1,0.0,0.0,0.04618195438696945,0.0027531973425042548,0.0,0.0,0.0,0.0,0.00038484791659062085,0.0,0.0,0.0,0.0,0.0,-0.0008072201537273508,0.0,-0.00043977378136639755,-0.0031133901539603984,0.0,0.044959615557010175
W_N_0125,6,9,0,0.0,0.0,0.00469838119555149,0.0013576276000610483,0.0,0.0,0.0,0.0,-0.00015906781518297468,0.0,0.0,0.0,0.0,0.0,-0.0009974349942427946,0.0,-0.00043977378136639755,-0.0034873674738597734,0.0,0.0009723647309605966
W_N_0125,6,10,0,0.0,0.0,-0.016919874305213724,0.001287999630194246,0.0,0.0,0.0,0.0,-0.00015906781518297468,0.0,0.0,0.0,0.0,0.0,-0.0021808063323658076,0.0,-0.00043977378136639755,-0.0030637766041853544,0.0,-0.021475299208120014
W_N_0125,7,19,0,0.0,0.0,0.015627723609051337,0.0011887121642994122,0.0,0.0,0.0,0.0,-0.00023050508727753024,0.0,0.0,0.0,0.0,0.0,-0.0021475376377402423,0.0,-0.00043977378136639755,-0.004172920183263469,0.0,0.009825699083703109
W_N_0125,7,22,0,0.0,0.0,0.04957293715402828,0.004329537199570462,0.0,0.0,0.0,0.0,0.0007400866045941602,0.0,0.0,0.0,0.0,0.0,-0.0025069016901731345,0.0,-0.00043977378136639755,-0.004543959378720386,0.0,0.04715192610793298
W_N_0125,8,12,1,0.0,0.0,-0.08295734519039862,-0.003993601647512587,0.0,0.0,0.0,0.0,-0.00015906781518297468,0.0,0.0,0.0,0.0,0.0,-0.0016053523728106406,0.0,-0.00043977378136639755,-0.0014350417409797775,0.0,-0.09059018254825098
W_N_0125,8,19,1,0.0,0.0,-0.012813425017607401,0.000956612761832837,0.0,0.0,0.0,0.0,-0.00023050508727753024,0.0,0.0,0.0,0.0,0.0,-0.0013364917278491947,0.0,-0.00043977378136639755,-0.004477057068564483,0.0,-0.01834063992083217
W_N_0125,9,15,0,0.0,0.0,-0.04113036839037024,-0.01052310672300033,0.0,0.0,0.0,0.0,-0.00015802983445603304,0.0,0.0,0.0,0.0,0.0,-0.0013757012925222007,0.0,-0.00043977378136639755,-0.0033761212114793754,0.0,-0.05700310123319458
W_N_0125,9,23,1,0.0,0.0,0.04103898470387144,0.0014399084677037578,0.0,0.0,0.0,0.0,0.0007400866045941602,0.0,0.0,0.0,0.0,0.0,-0.0017288278123536252,0.0,-0.00043977378136639755,-0.00388698265476942,0.0,0.037163395527679915
W_N_0125,10,13,0,0.0,0.0,-0.07385265970908969,-0.008639529910589215,0.0,0.0,0.0,0.0,-0.00023050508727753024,0.0,0.0,0.0,0.0,0.0,-0.001721284645068333,0.0,-0.00043977378136639755,-0.002263557401065128,0.0,-0.08714731053445629
W_N_0125,11,10,0,0.0,0.0,-0.06632770994366319,-0.008911091791151684,0.0,0.0,0.0,0.0,-0.00023050508727753024,0.0,0.0,0.0,0.0,0.0,0.0010380632108059954,0.0,-0.00043977378136639755,-0.001762788108350984,0.0,-0.07663380550100378
W_N_0125,12,3,0,0.0,0.0,0.041415282408741046,0.0015379192709692898,0.0,0.0,0.0,0.0,0.0007400866045941602,0.0,0.0,0.0,0.0,0.0,-0.0012663696053057472,0.0,-0.00043977378136639755,-0.005132992301278923,0.0,0.036854152596353426
W_N_0125,13,13,1,0.0,0.0,-0.05464935294436742,-0.004989352937140861,0.0,0.0,0.0,0.0,-0.00015906781518297468,0.0,0.0,0.0,0.0,0.0,-0.000445447905841653,0.0,-0.00043977378136639755,-0.0019308817227387076,0.0,-0.06261387710663802
W_N_0125,13,20,0,0.0,0.0,-0.009388545788236443,0.003145390895478433,0.0,0.0,0.0,0.0,0.0005107217399381664,0.0,0.0,0.0,0.0,0.0,-0.0012940184664698936,0.0,-0.00043977378136639755,-0.00507927106428742,0.0,-0.012545496464943556
W_N_0125,14,1,0,0.0,0.0,0.029454938846653275,0.0038164405321981887,0.0,0.0,0.0,0.0,0.0005073890775622098,0.0,0.0,0.0,0.0,0.0,-0.0020727625280769105,0.0,-0.00043977378136639755,-0.003926196765007356,0.0,0.02734003538196301
W_N_0125,14,21,1,0.0,0.0,0.002330198081536106,0.0012928308072719487,0.0,0.0,0.0,0.0,0.00038484791659062085,0.0,0.0,0.0,0.0,0.0,-0.0009602049057654003,0.0,-0.00043977378136639755,-0.0015417279134985003,0.0,0.0010661702047683773
W_N_0125,15,3,0,0.0,0.0,0.020060654698226425,0.00137368512627775,0.0,0.0,0.0,0.0,0.0007400866045941602,0.0,0.0,0.0,0.0,0.0,-0.0020902098965074997,0.0,-0.00043977378136639755,-0.004095232361606363,0.0,0.015549210389618078
W_N_0125,15,8,0,0.0,0.0,-0.0769919554217081,-0.005775486016314731,0.0,0.0,0.0,0.0,-0.00023050508727753024,0.0,0.0,0.0,0.0,0.0,-0.0009226664928388573,0.0,-0.00043977378136639755,-0.003624122370759803,0.0,-0.08798450917026542
W_N_0125,16,6,0,0.0,0.0,-0.03821797091362803,0.002954964161093554,0.0,0.0,0.0,0.0,-0.00023050508727753024,0.0,0.0,0.0,0.0,0.0,-0.0016888024939284527,0.0,-0.00043977378136639755,-0.0024932478211598767,0.0,-0.04011533593626673
W_N_0125,16,21,1,0.0,0.0,0.019837533409234012,0.0014278768990486585,0.0,0.0,0.0,0.0,0.00038484791659062085,0.0,0.0,0.0,0.0,0.0,-0.001003309339950525,0.0,-0.00043977378136639755,-0.0029846010460972674,0.0,0.017222574057459104
W_N_0125,17,18,0,0.0,0.0,-0.05105924003416749,0.001799535195113448,0.0,0.0,0.0,0.0,-0.00023050508727753024,0.0,0.0,0.0,0.0,0.0,-0.003532519023383482,0.0,-0.00043977378136639755,-0.006236549197444889,0.0,-0.059699051928526335
W_N_0125,18,16,1,0.0,0.0,-0.08406103464123146,-0.013365495450883209,0.0,0.0,0.0,0.0,-0.00023050508727753024,0.0,0.0,0.0,0.0,0.0,-0.0045715680000476796,0.0,-0.00043977378136639755,-0.004601559399510236,0.0,-0.10726993636031651
W_N_0125,19,6,0,0.0,0.0,-0.00731749888606402,0.001311777060102272,0.0,0.0,0.0,0.0,-0.00023050508727753024,0.0,0.0,0.0,0.0,0.0,-0.0031146009712346703,0.0,-0.00043977378136639755,-0.0025286334369606744,0.0,-0.01231923510280102
W_N_0125,19,23,1,0.0,0.0,0.04787266274083039,0.001722304104222612,0.0,0.0,0.0,0.0,0.0005073890775622098,0.0,0.0,0.0,0.0,0.0,0.02103917723544701,0.0,-0.00043977378136639755,-0.0010690012009142266,0.0,0.0696327581757816
W_N_0125,21,21,0,0.0,0.0,0.0371401431895901,0.0035183583676713496,0.0,0.0,0.0,0.0,0.0005107217399381664,0.0,0.0,0.0,0.0,0.0,-0.0010438103300138642,0.0,-0.00043977378136639755,-0.001246251127233063,0.0,0.038439388058586293
W_N_0125,22,21,0,0.0,0.0,0.05957664442988568,0.0011960120068549049,0.0,0.0,0.0,0.0,0.0005107217399381664,0.0,0.0,0.0,0.0,0.0,-0.0022354924894754276,0.0,-0.00043977378136639755,-0.003718743778059076,0.0,0.05488936812777784
W_N_0125,24,11,1,0.0,0.0,0.005338265842214333,0.0012887771270902162,0.0,0.0,0.0,0.0,0.0007400866045941602,0.0,0.0,0.0,0.0,0.0,-0.0036614706406097627,0.0,-0.00043977378136639755,-0.003642602282963753,0.0,-0.00037671713104120343
W_N_0125,24,13,0,0.0,0.0,0.003930410229852822,0.0028535318144108828,0.0,0.0,0.0,0.0,0.0007400866045941602,0.0,0.0,0.0,0.0,0.0,-0.002141418525738786,0.0,-0.00043977378136639755,-0.003664737159587433,0.0,0.0012780991821652486
W_N_0125,24,19,0,0.0,0.0,0.07777587790814149,0.0009686696088318927,0.0,0.0,0.0,0.0,0.0005107217399381664,0.0,0.0,0.0,0.0,0.0,-3.162053138480977e-05,0.0,-0.00043977378136639755,-0.003624840995810095,0.0,0.07515903394835026
W_N_0125,27,11,0,0.0,0.0,0.04194984848119343,0.003358008890703671,0.0,0.0,0.0,0.0,0.0005107217399381664,0.0,0.0,0.0,0.0,0.0,-0.0018303245841331322,0.0,-0.00043977378136639755,-0.0033259161932716885,0.0,0.04022256455306405
W_N_0125,27,15,0,0.0,0.0,0.06010823589863223,0.003097089328085296,0.0,0.0,0.0,0.0,0.0005107217399381664,0.0,0.0,0.0,0.0,0.0,-0.0006785408013407653,0.0,-0.00043977378136639755,-0.0014626312854115824,0.0,0.06113510109853696
W_N_0076,2,15,1,0.0,0.0,0.027773785488405162,0.003749949425803916,0.0,0.0,0.0,0.0,0.0014385752323179976,0.0,0.0,0.0,0.0,0.0,-0.002140248994159073,0.0,-0.00020179418115306882,-0.003756496961320072,0.0,0.026863770009894865
W_N_0076,3,8,0,0.0,0.0,0.037750491865765894,0.0027961963145953627,0.0,0.0,0.0,0.0,0.0014385752323179976,0.0,0.0,0.0,0.0,0.0,-0.0021305092222269517,0.0,-0.00020179418115306882,-0.002434250837185823,0.0,0.03721870917211341
W_N_0076,3,19,0,0.0,0.0,0.04705792322144033,0.0018072937051682018,0.0,0.0,0.0,0.0,0.0008019271659491864,0.0,0.0,0.0,0.0,0.0,-0.0016933395224629872,0.0,-0.00020179418115306882,-0.0016683279765719132,0.0,0.046103682412369756
W_N_0076,4,20,0,0.0,0.0,0.04629813544353058,0.004008698190565261,0.0,0.0,0.0,0.0,0.0005441733541216158,0.0,0.0,0.0,0.0,0.0,-0.00022553079888949302,0.0,-0.00020179418115306882,-0.0017513592566704604,0.0,0.04867232275150443
W_N_0076,5,18,1,0.0,0.0,0.006779884994351556,0.0011880106885794157,0.0,0.0,0.0,0.0,0.000808937107948482,0.0,0.0,0.0,0.0,0.0,-0.0027724434406108628,0.0,-0.00020179418115306882,-0.003067010602831227,0.0,0.0027355845662842947
W_N_0076,5,22,0,0.0,0.0,0.058358497950495934,0.0009173928798257227,0.0,0.0,0.0,0.0,0.0014385752323179976,0.0,0.0,0.0,0.0,0.0,-0.0022725326899947127,0.0,-0.00020179418115306882,-0.0032588932812950503,0.0,0.05498124591019682
W_N_0076,6,5,0,0.0,0.0,0.02609110366830038,0.0017808978154390254,0.0,0.0,0.0,0.0,0.0016516546796368564,0.0,0.0,0.0,0.0,0.0,-0.0018641970834081967,0.0,-0.00020179418115306882,-0.001648593669856466,0.0,0.02580907122895853
W_N_0076,6,10,0,0.0,0.0,-0.020350352821209297,0.0017089289877269085,0.0,0.0,0.0,0.0,-0.00044805419720113924,0.0,0.0,0.0,0.0,0.0,-0.0020468988531504883,0.0,-0.00020179418115306882,-0.00363431469068598,0.0,-0.02497248575567307
W_N_0076,7,11,0,0.0,0.0,-0.06719332192173351,0.0017650621088382405,0.0,0.0,0.0,0.0,-0.00044805419720113924,0.0,0.0,0.0,0.0,0.0,-0.002919659464324758,0.0,-0.00020179418115306882,-0.0043572330961254785,0.0,-0.07335500075169972
W_N_0076,8,3,0,0.0,0.0,0.04856459076008876,0.0013948948051318226,0.0,0.0,0.0,0.0,0.0008019271659491864,0.0,0.0,0.0,0.0,0.0,-0.001526792265409405,0.0,-0.00020179418115306882,-0.0029875792206470104,0.0,0.046045247063960286
W_N_0076,8,20,0,0.0,0.0,-0.0005095978006673681,0.0015834515720637892,0.0,0.0,0.0,0.0,0.000808937107948482,0.0,0.0,0.0,0.0,0.0,0.0017483663851325683,0.0,-0.00020179418115306882,-0.003447713096139914,0.0,-1.835001281551155e-05
W_N_0076,9,2,1,0.0,0.0,0.03944663094672338,0.0007775849412600526,0.0,0.0,0.0,0.0,0.0014385752323179976,0.0,0.0,0.0,0.0,0.0,-0.0015724615866893935,0.0,-0.00020179418115306882,-0.004359424174624203,0.0,0.035529111177834756
W_N_0076,9,7,0,0.0,0.0,-0.026428790120597626,0.0010925790568729055,0.0,0.0,0.0,0.0,-0.0002497657574530816,0.0,0.0,0.0,0.0,0.0,-0.003322015252286737,0.0,-0.00020179418115306882,-0.0017248825363541732,0.0,-0.030834668790971784
W_N_0076,9,24,0,0.0,0.0,0.037556727202903234,0.0012353744787218042,0.0,0.0,0.0,0.0,0.0014385752323179976,0.0,0.0,0.0,0.0,0.0,-0.0009382981993906143,0.0,-0.00020179418115306882,-0.0018456039990867269,0.0,0.037244980534312626
W_N_0076,10,13,0,0.0,0.0,-0.07315081095601925,-0.0042592493220327985,0.0,0.0,0.0,0.0,-0.0001694865515836404,0.0,0.0,0.0,0.0,0.0,-0.000988145812146907,0.0,-0.00020179418115306882,-0.0020477710275619548,0.0,-0.0808172578504976
W_N_0076,10,17,0,0.0,0.0,-0.0443385155235146,-0.0021937288378769317,0.0,0.0,0.0,0.0,-0.00044805419720113924,0.0,0.0,0.0,0.0,0.0,-0.0020771125975717797,0.0,-0.00020179418115306882,-0.004728639965323119,0.0,-0.05398784530264065
W_N_0076,11,21,0,0.0,0.0,-0.0019940522579256392,0.004929547570236783,0.0,0.0,0.0,0.0,0.0008019271659491864,0.0,0.0,0.0,0.0,0.0,-0.002563330509410671,0.0,-0.00020179418115306882,-0.0022698556896720706,0.0,-0.0012975579019754802
W_N_0076,12,16,0,0.0,0.0,-0.05310728623787978,-0.0059482892712812985,0.0,0.0,0.0,0.0,-0.00044805419720113924,0.0,0.0,0.0,0.0,0.0,-0.00017721768486884812,0.0,-0.00020179418115306882,-0.004399075907388465,0.0,-0.0642817174797726
W_N_0076,12,18,0,0.0,0.0,-0.0751367259829508,-0.0017978174196430518,0.0,0.0,0.0,0.0,-0.0002519490523300968,0.0,0.0,0.0,0.0,0.0,-0.0015647352175121511,0.0,-0.00020179418115306882,-0.0016965697516102408,0.0,-0.08064959160519941
W_N_0076,12,25,0,0.0,0.0,0.048704986188184356,0.0009502695610182587,0.0,0.0,0.0,0.0,0.000808937107948482,0.0,0.0,0.0,0.0,0.0,-0.0011268570827847881,0.0,-0.00020179418115306882,-0.0034186778926832144,0.0,0.04571686370053002
W_N_0076,15,9,0,0.0,0.0,-0.05975669025632331,-0.015444811884859279,0.0,0.0,0.0,0.0,-0.00044805419720113924,0.0,0.0,0.0,0.0,0.0,-0.0011821435870415294,0.0,-0.00020179418115306882,-0.0031964936152301055,0.0,-0.08022998772180844
W_N_0076,15,19,0,0.0,0.0,-0.008770965847096624,0.0010152703408059436,0.0,0.0,0.0,0.0,-0.0002497657574530816,0.0,0.0,0.0,0.0,0.0,-0.0011588395720743742,0.0,-0.00020179418115306882,-0.003620097700770469,0.0,-0.012986192717741672
W_N_0076,17,22,0,0.0,0.0,0.064760749128368,0.0024414626471246947,0.0,0.0,0.0,0.0,0.0014385752323179976,0.0,0.0,0.0,0.0,0.0,-0.0009405165794353598,0.0,-0.00020179418115306882,-0.004230971225403471,0.0,0.06326750502181878
W_N_0076,18,15,0,0.0,0.0,-0.036525900907679154,0.00375567140702629,0.0,0.0,0.0,0.0,-0.00044805419720113924,0.0,0.0,0.0,0.0,0.0,-0.0009102223089424619,0.0,-0.00020179418115306882,-0.0015465551523246952,0.0,-0.03587685534027423
W_N_0076,18,20,1,0.0,0.0,0.015605980805309292,0.004418123104785262,0.0,0.0,0.0,0.0,0.000808937107948482,0.0,0.0,0.0,0.0,0.0,-0.0010508968733706288,0.0,-0.00020179418115306882,-0.0017125377360293899,0.0,0.017867812227489947
W_N_0076,19,12,0,0.0,0.0,-0.035926138663544376,0.0006036696353425737,0.0,0.0,0.0,0.0,-0.00044805419720113924,0.0,0.0,0.0,0.0,0.0,0.0006065276268924941,0.0,-0.00020179418115306882,-0.0035603044623362906,0.0,-0.03892609424199981
W_N_0076,19,19,1,0.0,0.0,0.016969559239765102,0.0018594735175524618,0.0,0.0,0.0,0.0,-0.0002497657574530816,0.0,0.0,0.0,0.0,0.0,-0.0022783793287019082,0.0,-0.00020179418115306882,-0.0011892564645802747,0.0,0.014909837025429232
W_N_0076,19,20,0,0.0,0.0,0.022300707558564708,0.0015210976446076152,0.0,0.0,0.0,0.0,0.0008019271659491864,0.0,0.0,0.0,0.0,0.0,-0.0012441449330664006,0.0,-0.00020179418115306882,-0.0037545978658278774,0.0,0.019423195389074163
W_N_0076,20,22,1,0.0,0.0,0.04528156603734331,0.0007922224936158856,0.0,0.0,0.0,0.0,0.0014385752323179976,0.0,0.0,0.0,0.0,0.0,0.021334884419867663,0.0,-0.00020179418115306882,0.024839738739628345,0.0,0.09348519274162014
W_N_0076,21,4,1,0.0,0.0,0.04271789816414897,0.0035898747035642067,0.0,0.0,0.0,0.0,0.0008019271659491864,0.0,0.0,0.0,0.0,0.0,-0.002026096074417869,0.0,-0.00020179418115306882,-0.00041237113612371324,0.0,0.044469438641967715
W_N_0076,21,6,0,0.0,0.0,0.06685071565810004,0.0025139617592654677,0.0,0.0,0.0,0.0,0.0014385752323179976,0.0,0.0,0.0,0.0,0.0,0.0006263491597334029,0.0,-0.00020179418115306882,-0.0018725056780253342,0.0,0.0693553019502385
W_N_0076,24,10,0,0.0,0.0,0.05043094969098381,0.003525960555654413,0.0,0.0,0.0,0.0,0.003616111222748803,0.0,0.0,0.0,0.0,0.0,0.0003413330755525572,0.0,-0.00020179418115306882,-0.003401605024452573,0.0,0.05431095533933394
W_N_0111,2,8,0,0.0,0.0,0.043201305389163724,0.0012348469602488173,0.0,0.0,0.0,0.0,0.0007400866045941602,0.0,0.0,0.0,0.0,0.0,0.01610024206216147,0.0,0.003923085543874002,0.026645153530896536,0.0,0.09184472009093872
W_N_0111,3,13,1,0.0,0.0,-0.004994148661382377,0.0036972949639418767,0.0,0.0,0.0,0.0,0.00038484791659062085,0.0,0.0,0.0,0.0,0.0,-0.0010604742415876902,0.0,0.003923085543874002,-0.0026460524808996134,0.0,-0.000695446959463181
W_N_0111,4,12,0,0.0,0.0,-0.012484877702316915,0.0007000001418723382,0.0,0.0,0.0,0.0,0.0005107217399381664,0.0,0.0,0.0,0.0,0.0,-0.0006705754969194766,0.0,0.003923085543874002,-0.006210487033282383,0.0,-0.01423213280683427
W_N_0111,4,14,1,0.0,0.0,0.007052648153339325,0.0017741895994903794,0.0,0.0,0.0,0.0,0.0009044796987777874,0.0,0.0,0.0,0.0,0.0,-0.001557383040479876,0.0,0.003923085543874002,-0.003498700655225038,0.0,0.008598319299776579
W_N_0111,5,3,0,0.0,0.0,0.05373721548799986,0.0014180107920655565,0.0,0.0,0.0,0.0,0.0007400866045941602,0.0,0.0,0.0,0.0,0.0,-0.0023325598249615657,0.0,-0.0006920920866956647,0.03311101655350074,0.0,0.0859816775265031
W_N_0111,5,17,0,0.0,0.0,-0.004665833942618456,0.0010268178856728785,0.0,0.0,0.0,0.0,0.0007400866045941602,0.0,0.0,0.0,0.0,0.0,0.020701028005421517,0.0,0.003923085543874002,0.04366326617580189,0.0,0.065388450272746
W_N_0111,5,23,1,0.0,0.0,0.03952267964688851,0.0032448038616328533,0.0,0.0,0.0,0.0,0.0007400866045941602,0.0,0.0,0.0,0.0,0.0,-0.0011739529564043037,0.0,-0.0006920920866956647,-0.002313188354909417,0.0,0.039328336715106146
W_N_0111,6,13,0,0.0,0.0,-0.018470325339604497,0.0006997558540587161,0.0,0.0,0.0,0.0,-0.00011986354306593903,0.0,0.0,0.0,0.0,0.0,-0.002240533529014575,0.0,0.003923085543874002,0.05009818227235009,0.0,0.033890301258597794
W_N_0111,6,24,0,0.0,0.0,0.06465494904937238,0.0012492663050551966,0.0,0.0,0.0,0.0,0.0007400866045941602,0.0,0.0,0.0,0.0,0.0,-0.00024799029363400493,0.0,-0.0006920920866956647,-0.0038100897820319605,0.0,0.0618941297966601
W_N_0111,7,1,0,0.0,0.0,0.034897355665439354,0.0010320867332359613,0.0,0.0,0.0,0.0,0.0007400866045941602,0.0,0.0,0.0,0.0,0.0,-0.0027957780003270943,0.0,-0.0006920920866956647,-0.00425748344969743,0.0,0.02892417546654929
W_N_0111,7,3,1,0.0,0.0,0.037068801279251246,0.001589394110636969,0.0,0.0,0.0,0.0,0.0007400866045941602,0.0,0.0,0.0,0.0,0.0,-0.0020973754368214374,0.0,-0.0006920920866956647,-0.002209839412797057,0.0,0.03439897505816821
W_N_0111,7,8,1,0.0,0.0,-0.007660101185596523,0.0031183202085092597,0.0,0.0,0.0,0.0,-0.00023050508727753024,0.0,0.0,0.0,0.0,0.0,-0.001779918210781184,0.0,0.003923085543874002,0.033893683348116585,0.0,0.03126456461684461
W_N_0111,9,22,1,0.0,0.0,-0.0009407072129620298,0.001135554210711236,0.0,0.0,0.0,0.0,0.0007400866045941602,0.0,0.0,0.0,0.0,0.0,-0.0003964244362330332,0.0,0.003923085543874002,-0.002343774913857404,0.0,0.0021178197961269313
W_N_0111,10,2,0,0.0,0.0,0.03381262413935676,0.002476570717726274,0.0,0.0,0.0,0.0,0.0005073890775622098,0.0,0.0,0.0,0.0,0.0,-0.0015600831447633743,0.0,0.003923085543874002,-0.0019038234585476207,0.0,0.03725576287520825
W_N_0111,10,23,1,0.0,0.0,0.011057991623554073,0.0008631907949023704,0.0,0.0,0.0,0.0,0.0007400866045941602,0.0,0.0,0.0,0.0,0.0,-0.001981194827235802,0.0,-0.0006920920866956647,-0.0037768300734099406,0.0,0.006211152035709198
W_N_0111,10,26,0,0.0,0.0,0.04338820632839083,0.0012547146627155889,0.0,0.0,0.0,0.0,0.0007400866045941602,0.0,0.0,0.0,0.0,0.0,-0.002470111550178389,0.0,-0.0006920920866956647,-0.0020151387186622474,0.0,0.04020566524016428
W_N_0111,11,6,1,0.0,0.0,-0.03440957915084227,0.0009449774177192971,0.0,0.0,0.0,0.0,-0.00015802983445603304,0.0,0.0,0.0,0.0,0.0,-0.001193018297903703,0.0,0.003923085543874002,-0.0023462051663116256,0.0,-0.033238769487920344
W_N_0111,11,26,1,0.0,0.0,0.03974067336725371,0.0012834719285147807,0.0,0.0,0.0,0.0,0.0005073890775622098,0.0,0.0,0.0,0.0,0.0,0.0023160042415784642,0.0,-0.0006920920866956647,-0.0038410522881238605,0.0,0.03931439424008964
W_N_0111,12,1,0,0.0,0.0,0.04653694981726423,0.0009447291539029817,0.0,0.0,0.0,0.0,0.0005107217399381664,0.0,0.0,0.0,0.0,0.0,-0.00245161260638186,0.0,-0.0006920920866956647,-0.003667013895288434,0.0,0.04118168212273941
W_N_0111,12,23,0,0.0,0.0,0.018396199755944562,0.0007831013697797983,0.0,0.0,0.0,0.0,0.0005073890775622098,0.0,0.0,0.0,0.0,0.0,-0.001180534184874906,0.0,0.003923085543874002,-0.0021503959039190982,0.0,0.020278845658366566
W_N_0111,13,0,1,0.0,0.0,0.039840650514970134,0.0009280706548585474,0.0,0.0,0.0,0.0,0.0005107217399381664,0.0,0.0,0.0,0.0,0.0,-0.0029005082978152347,0.0,-0.0006920920866956647,0.03279655440314874,0.0,0.07048339692840469
W_N_0111,14,11,1,0.0,0.0,-0.06328163456172275,-0.008639529910589215,0.0,0.0,0.0,0.0,-0.00023050508727753024,0.0,0.0,0.0,0.0,0.0,0.026607483073064393,0.0,0.003923085543874002,0.029853079745424525,0.0,-0.011768021197226586
W_N_0111,14,12,0,0.0,0.0,-0.08192668544330603,-0.003496401675905495,0.0,0.0,0.0,0.0,-0.00023050508727753024,0.0,0.0,0.0,0.0,0.0,0.02142871486163833,0.0,0.003923085543874002,0.026549900539285402,0.0,-0.033751891261691314
W_N_0111,14,14,0,0.0,0.0,-0.0625224624897483,-0.016094114693065403,0.0,0.0,0.0,0.0,-0.00015802983445603304,0.0,0.0,0.0,0.0,0.0,0.008835816092582651,0.0,0.003923085543874002,0.03264065954896638,0.0,-0.0333750458318467
W_N_0111,16,24,0,0.0,0.0,0.029758390946539728,0.0018347446722010283,0.0,0.0,0.0,0.0,0.0005073890775622098,0.0,0.0,0.0,0.0,0.0,0.022651721495924017,0.0,-0.0006920920866956647,-0.0028409521645585347,0.0,0.051219201940972785
W_N_0111,17,2,0,0.0,0.0,0.05112402852559809,0.0038026498781373362,0.0,0.0,0.0,0.0,0.0005073890775622098,0.0,0.0,0.0,0.0,0.0,0.011368845717410292,0.0,-0.0006920920866956647,-0.0010846182932754225,0.0,0.06502620281873683
W_N_0111,17,3,0,0.0,0.0,0.031166231548789187,0.0011354826255171768,0.0,0.0,0.0,0.0,0.0005073890775622098,0.0,0.0,0.0,0.0,0.0,0.007592239648295621,0.0,-0.0006920920866956647,-0.0013260255232304154,0.0,0.03838322529023812
W_N_0111,17,4,0,0.0,0.0,0.03492365371255445,0.0008791167404245505,0.0,0.0,0.0,0.0,0.0005073890775622098,0.0,0.0,0.0,0.0,0.0,-0.0016843534458745187,0.0,0.003923085543874002,-0.0011283377657593128,0.0,0.03742055386278138
W_N_0111,17,5,0,0.0,0.0,0.00774110642518113,0.0008524264623833864,0.0,0.0,0.0,0.0,0.0005073890775622098,0.0,0.0,0.0,0.0,0.0,-0.0012060740495277952,0.0,-0.0006920920866956647,-0.0032300768029553182,0.0,0.0039726790259479484
W_N_0111,17,25,0,0.0,0.0,0.045719239591256886,0.004083441551544122,0.0,0.0,0.0,0.0,0.0007400866045941602,0.0,0.0,0.0,0.0,0.0,0.00034116844360992265,0.0,-0.0006920920866956647,-0.0009743311017306607,0.0,0.04921751300257877
W_N_0111,20,10,0,0.0,0.0,0.001598323852386337,0.004428727436975388,0.0,0.0,0.0,0.0,0.0005107217399381664,0.0,0.0,0.0,0.0,0.0,-0.004161171919833473,0.0,0.003923085543874002,-0.006468549569580217,0.0,-0.00016886291623979637
W_N_0111,21,7,0,0.0,0.0,0.05589381395047711,0.001905937340688182,0.0,0.0,0.0,0.0,0.0005073890775622098,0.0,0.0,0.0,0.0,0.0,-0.0005657837228745376,0.0,-0.0006920920866956647,-0.002791589602381978,0.0,0.05425767495677532
W_N_0111,21,16,1,0.0,0.0,0.03157134068694862,0.0014437639427316142,0.0,0.0,0.0,0.0,0.0007400866045941602,0.0,0.0,0.0,0.0,0.0,-0.0018366847853885006,0.0,-0.0006920920866956647,-0.0030579600014936166,0.0,0.02816845436069661
W_N_0111,21,20,0,0.0,0.0,0.049670417870801405,0.0031183202085092597,0.0,0.0,0.0,0.0,0.0005073890775622098,0.0,0.0,0.0,0.0,0.0,-0.002484771519769843,0.0,-0.0006920920866956647,-0.003832462522808981,0.0,0.04628680102759839
W_N_0111,22,11,1,0.0,0.0,0.03236858537429289,0.0010937427540057545,0.0,0.0,0.0,0.0,0.0005073890775622098,0.0,0.0,0.0,0.0,0.0,-0.001256420249561899,0.0,-0.0006920920866956647,-0.00209254987929785,0.0,0.02992865499030544
W_N_0111,22,17,0,0.0,0.0,0.04986473422441163,0.0011858253581421615,0.0,0.0,0.0,0.0,0.0007400866045941602,0.0,0.0,0.0,0.0,0.0,-0.0012951338615434522,0.0,-0.0006920920866956647,-0.002462963764433926,0.0,0.047340456474474914
W_N_0111,23,13,0,0.0,0.0,0.0495040109724656,0.0031970623056837705,0.0,0.0,0.0,0.0,0.0007400866045941602,0.0,0.0,0.0,0.0,0.0,-0.0001987742411728754,0.0,-0.0006920920866956647,-0.0046994288092875374,0.0,0.04785086474558746
W_N_0111,24,10,0,0.0,0.0,0.03188763092590265,0.0040039122276680356,0.0,0.0,0.0,0.0,0.0007400866045941602,0.0,0.0,0.0,0.0,0.0,0.019622805796367018,0.0,-0.0006920920866956647,-0.004588752312534352,0.0,0.05097359115530185
W_F_0047,1,15,0,0.0,0.0,0.04426311061099209,0.0013555761826837091,0.0,0.0,0.0,0.0,0.0007400866045941602,0.0,0.0,0.0,0.0,0.0,0.006766140094686079,0.0,0.003923085543874002,0.040033305610143975,0.0,0.09708130464697401
W_F_0047,1,16,1,0.0,0.0,0.03394716394752703,0.00465677805004946,0.0,0.0,0.0,0.0,0.0007400866045941602,0.0,0.0,0.0,0.0,0.0,0.014677788081810493,0.0,0.003923085543874002,0.033870646479870155,0.0,0.09181554870772529
W_F_0047,2,15,1,0.0,0.0,0.02817834787394553,0.0017279545802756297,0.0,0.0,0.0,0.0,0.0005107217399381664,0.0,0.0,0.0,0.0,0.0,0.009625700615990804,0.0,0.003923085543874002,-0.00033120102298544,0.0,0.04363460933103869
W_F_0047,2,24,1,0.0,0.0,0.05075195071958296,0.002392463125936651,0.0,0.0,0.0,0.0,0.0005073890775622098,0.0,0.0,0.0,0.0,0.0,-0.003970943920341876,0.0,-0.0006920920866956647,-0.0018628618492808149,0.0,0.04712590506676347
W_F_0047,3,20,1,0.0,0.0,0.05825832122990089,0.0038616089831326338,0.0,0.0,0.0,0.0,0.0007400866045941602,0.0,0.0,0.0,0.0,0.0,0.019234400224255065,0.0,0.003923085543874002,0.058875398011788274,0.0,0.14489290059754503
W_F_0047,3,24,0,0.0,0.0,0.04150727751782162,0.003402197532143458,0.0,0.0,0.0,0.0,0.0005107217399381664,0.0,0.0,0.0,0.0,0.0,-0.0022226754798157903,0.0,-0.0006920920866956647,-0.0035576003443956042,0.0,0.038947828878996185
W_F_0047,3,25,0,0.0,0.0,0.04377950215899053,0.0025407961481906135,0.0,0.0,0.0,0.0,0.00038484791659062085,0.0,0.0,0.0,0.0,0.0,-0.00260291253813526,0.0,-0.0006920920866956647,-0.0034450817211071406,0.0,0.0399650598778337
W_F_0047,4,10,1,0.0,0.0,0.04792641770286453,0.0015915851851796632,0.0,0.0,0.0,0.0,0.0005073890775622098,0.0,0.0,0.0,0.0,0.0,0.0015537810916801493,0.0,-0.0006920920866956647,-0.003373730385978557,0.0,0.04751335058461233
W_F_0047,4,16,1,0.0,0.0,-0.0041036763567201835,0.0009163353506086658,0.0,0.0,0.0,0.0,0.0005107217399381664,0.0,0.0,0.0,0.0,0.0,-0.0019364722991897076,0.0,-0.0006920920866956647,-0.002405495331907796,0.0,-0.00771067898396652
W_F_0047,4,22,1,0.0,0.0,0.03489917716527661,0.0033840011750083526,0.0,0.0,0.0,0.0,0.0005073890775622098,0.0,0.0,0.0,0.0,0.0,-0.0025412014617182993,0.0,-0.0006920920866956647,-0.004783243693492326,0.0,0.03077403017594088
W_F_0047,4,27,0,0.0,0.0,0.03815905086749824,0.0013982103543626317,0.0,0.0,0.0,0.0,0.0007400866045941602,0.0,0.0,0.0,0.0,0.0,-0.002304104733890219,0.0,-0.0006920920866956647,-0.001749763857166675,0.0,0.03555138714870248
W_F_0047,5,11,0,0.0,0.0,-0.004687622235188296,0.0017212875872986936,0.0,0.0,0.0,0.0,0.0005107217399381664,0.0,0.0,0.0,0.0,0.0,-0.001616270122606432,0.0,-0.0006920920866956647,-0.002288040456396169,0.0,-0.0070520155736497015
W_F_0047,5,26,1,0.0,0.0,0.04295164591976061,0.0037069209559404174,0.0,0.0,0.0,0.0,0.0005107217399381664,0.0,0.0,0.0,0.0,0.0,-0.0005085639446935765,0.0,-0.0006920920866956647,-0.004479324975296262,0.0,0.041489307608953696
W_F_0047,7,20,0,0.0,0.0,-0.014486178069259906,0.0012517129230080874,0.0,0.0,0.0,0.0,-0.00015802983445603304,0.0,0.0,0.0,0.0,0.0,-0.0015066604926099582,0.0,-0.0006920920866956647,-0.004120316981995388,0.0,-0.019711564542008862
W_F_0047,11,6,1,0.0,0.0,-0.024510958325829516,0.0008618762363618387,0.0,0.0,0.0,0.0,-0.00015906781518297468,0.0,0.0,0.0,0.0,0.0,-0.0008549583684283463,0.0,-0.0006920920866956647,-0.001616283701320696,0.0,-0.026971484061095362
W_F_0047,11,13,0,0.0,0.0,-0.02683861395855344,-0.0048059677212795564,0.0,0.0,0.0,0.0,-0.00015906781518297468,0.0,0.0,0.0,0.0,0.0,-0.00028777436070597244,0.0,-0.0006920920866956647,-0.003959040081816308,0.0,-0.03674255602423391
W_F_0047,11,22,1,0.0,0.0,-0.06742055242823955,-0.002871861813910418,0.0,0.0,0.0,0.0,-0.00015802983445603304,0.0,0.0,0.0,0.0,0.0,-0.0015362718351732926,0.0,-0.0006920920866956647,-0.0015438534305990139,0.0,-0.07422266142907398
W_F_0047,11,27,1,0.0,0.0,0.010216555519795582,0.0009550520383028253,0.0,0.0,0.0,0.0,-0.00011986354306593903,0.0,0.0,0.0,0.0,0.0,0.0013819155015068418,0.0,-0.0006920920866956647,-0.0034414929937958403,0.0,0.008300074436047807
W_F_0047,11,32,0,0.0,0.0,0.03861409647035628,0.0036349386355859123,0.0,0.0,0.0,0.0,0.0006207469806210718,0.0,0.0,0.0,0.0,0.0,-0.0004980266953583091,0.0,-0.0006920920866956647,-0.0035064990126375496,0.0,0.038173164291871745
W_F_0047,12,3,1,0.0,0.0,0.04808164150837614,0.003381520130827465,0.0,0.0,0.0,0.0,0.0005107217399381664,0.0,0.0,0.0,0.0,0.0,-0.0011259620102246739,0.0,-0.0006920920866956647,-0.0035323681043334812,0.0,0.04662346117788795
W_F_0047,12,21,0,0.0,0.0,-0.07134628175434435,-0.015117233458807559,0.0,0.0,0.0,0.0,-0.00023050508727753024,0.0,0.0,0.0,0.0,0.0,-0.0005950945660724809,0.0,-0.0006920920866956647,-0.003501463485369208,0.0,-0.0914826704385668
W_F_0047,12,24,0,0.0,0.0,-0.02946793653108931,0.0012994893621345097,0.0,0.0,0.0,0.0,-0.00015906781518297468,0.0,0.0,0.0,0.0,0.0,-0.0012266151194915596,0.0,0.003923085543874002,-0.0036054396327606774,0.0,-0.02923648419251601
W_F_0047,13,1,1,0.0,0.0,0.03626489621734841,0.0015126052230889815,0.0,0.0,0.0,0.0,0.0007400866045941602,0.0,0.0,0.0,0.0,0.0,-0.004550947673544542,0.0,-0.0006920920866956647,-0.0038623320049011797,0.0,0.029412216279890165
W_F_0047,13,3,0,0.0,0.0,0.04081562985273852,0.0031333172588404045,0.0,0.0,0.0,0.0,0.0007400866045941602,0.0,0.0,0.0,0.0,0.0,-0.003227612962968135,0.0,-0.0006920920866956647,-0.0034861431943728942,0.0,0.03728318547213639
W_F_0047,13,9,1,0.0,0.0,-0.048697146215938174,0.0026669968003762454,0.0,0.0,0.0,0.0,-0.00015802983445603304,0.0,0.0,0.0,0.0,0.0,-0.003304565425271739,0.0,-0.0006920920866956647,-0.005057060777503387,0.0,-0.05524189753948876
W_F_0047,13,25,1,0.0,0.0,-0.03280779624166924,0.001614535384452595,0.0,0.0,0.0,0.0,-0.00011986354306593903,0.0,0.0,0.0,0.0,0.0,0.000635048899935235,0.0,-0.0006920920866956647,-0.005145144858968455,0.0,-0.036515312446011465
W_F_0047,14,3,1,0.0,0.0,0.035063307436397545,0.0028642053635571435,0.0,0.0,0.0,0.0,0.0007400866045941602,0.0,0.0,0.0,0.0,0.0,-0.0013467999566913343,0.0,-0.0006920920866956647,-0.003937924905638901,0.0,0.032690782455522954
W_F_0047,14,7,1,0.0,0.0,-0.021535406700354816,0.0031185657851171182,0.0,0.0,0.0,0.0,-0.00023050508727753024,0.0,0.0,0.0,0.0,0.0,-0.00018340651188744327,0.0,-0.0006920920866956647,-0.0027684203157994952,0.0,-0.022291264916897834
W_F_0047,14,25,1,0.0,0.0,-0.024042458248555585,0.0018768090524740792,0.0,0.0,0.0,0.0,-0.00023050508727753024,0.0,0.0,0.0,0.0,0.0,-0.0031408633453895063,0.0,-0.0006920920866956647,-0.0032158651226331437,0.0,-0.029444974838077353
W_F_0047,15,3,1,0.0,0.0,0.0475305278634311,0.001515802566735123,0.0,0.0,0.0,0.0,0.0005107217399381664,0.0,0.0,0.0,0.0,0.0,-0.0012332414755588132,0.0,-0.0006920920866956647,-0.0039860464399922736,0.0,0.04364567216785764
W_F_0047,15,7,1,0.0,0.0,-0.025834605392403617,0.00362632728170813,0.0,0.0,0.0,0.0,-0.00023050508727753024,0.0,0.0,0.0,0.0,0.0,-0.002679178566084349,0.0,-0.0006920920866956647,-0.0019186942601985267,0.0,-0.02772874811095156
W_F_0047,15,24,0,0.0,0.0,-0.03883230639529091,0.0011142764695391246,0.0,0.0,0.0,0.0,-0.00023050508727753024,0.0,0.0,0.0,0.0,0.0,-0.003101495698324648,0.0,-0.0006920920866956647,-0.0039296467239316926,0.0,-0.04567176952198132
W_F_0047,15,26,1,0.0,0.0,-0.02996279063977617,0.0012855608158402329,0.0,0.0,0.0,0.0,-0.00023050508727753024,0.0,0.0,0.0,0.0,0.0,0.0008061827138357736,0.0,-0.0006920920866956647,-0.0021496554332853,0.0,-0.03094329971735866
W_F_0047,16,21,1,0.0,0.0,-0.04232783606828972,-0.0018504159990466785,0.0,0.0,0.0,0.0,-0.00015906781518297468,0.0,0.0,0.0,0.0,0.0,-0.001162099794569932,0.0,-0.0006920920866956647,-0.002662498032582782,0.0,-0.04885400979636775
W_F_0047,17,14,1,0.0,0.0,-0.0705927293220706,-0.007935910440756021,0.0,0.0,0.0,0.0,-0.00015906781518297468,0.0,0.0,0.0,0.0,0.0,0.023502731107110843,0.0,0.003923085543874002,0.022434029875698567,0.0,-0.02882786105132618
W_F_0047,18,0,1,0.0,0.0,0.04853190384357615,0.001501587379944492,0.0,0.0,0.0,0.0,0.0005107217399381664,0.0,0.0,0.0,0.0,0.0,-0.0019431757850382155,0.0,-0.0006920920866956647,0.00187068920157813,0.0,0.04977963429330306
W_F_0047,18,11,1,0.0,0.0,-0.06401641105458768,-0.004180136706353841,0.0,0.0,0.0,0.0,-0.00015802983445603304,0.0,0.0,0.0,0.0,0.0,-0.0008728885086422766,0.0,-0.0006920920866956647,-0.0023728407214733543,0.0,-0.07229239891220886
W_F_0047,18,15,1,0.0,0.0,-0.05606152414500504,-0.008014993388883894,0.0,0.0,0.0,0.0,-0.00015906781518297468,0.0,0.0,0.0,0.0,0.0,0.00034012397104876647,0.0,0.003923085543874002,0.028496858935204858,0.0,-0.03147551689894428
W_F_0047,18,25,1,0.0,0.0,-0.03968194790144824,0.0006479993792090354,0.0,0.0,0.0,0.0,-0.00023050508727753024,0.0,0.0,0.0,0.0,0.0,-0.002416557333644337,0.0,-0.0006920920866956647,-0.003735822661751497,0.0,-0.046108925691608224
W_F_0047,18,26,0,0.0,0.0,-0.02939079030841417,0.0024220926788523565,0.0,0.0,0.0,0.0,-0.00015802983445603304,0.0,0.0,0.0,0.0,0.0,-0.00365364227274008,0.0,-0.0006920920866956647,-0.0031341833290657365,0.0,-0.03460664515251933
W_F_0047,18,32,0,0.0,0.0,0.019998789398090508,0.0031650327510018093,0.0,0.0,0.0,0.0,0.0007400866045941602,0.0,0.0,0.0,0.0,0.0,-0.0009008583306142846,0.0,-0.0006920920866956647,-0.002000893490112444,0.0,0.020310064846264082
W_F_0047,19,6,1,0.0,0.0,-0.014143052207431329,0.0031535818075293207,0.0,0.0,0.0,0.0,-0.00023050508727753024,0.0,0.0,0.0,0.0,0.0,-0.0017042271876442558,0.0,-0.0006920920866956647,-0.0038726431679948535,0.0,-0.017488937929514312
W_F_0047,19,9,1,0.0,0.0,-0.03204988865433085,0.003402197532143458,0.0,0.0,0.0,0.0,-0.00023050508727753024,0.0,0.0,0.0,0.0,0.0,-0.0020618998636746638,0.0,-0.0006920920866956647,-0.0049049901115253425,0.0,-0.0365371782713606
W_F_0047,19,23,0,0.0,0.0,-0.049181348437339,0.0012766365709918886,0.0,0.0,0.0,0.0,-0.00023050508727753024,0.0,0.0,0.0,0.0,0.0,0.0007404144687701485,0.0,-0.0006920920866956647,-0.004224805947796661,0.0,-0.05231170051934681
W_F_0047,20,6,1,0.0,0.0,0.012502906820231054,0.0008509449075381761,0.0,0.0,0.0,0.0,-0.00015906781518297468,0.0,0.0,0.0,0.0,0.0,-0.0005136883173264104,0.0,-0.0006920920866956647,-0.004443445977023937,0.0,0.007545557531540243
W_F_0047,20,12,0,0.0,0.0,-0.058276289871703225,0.0012704398083428097,0.0,0.0,0.0,0.0,-0.00015906781518297468,0.0,0.0,0.0,0.0,0.0,-0.0008150708972098829,0.0,-0.0006920920866956647,-0.0013682754752513786,0.0,-0.060040356337700315
W_F_0047,20,24,1,0.0,0.0,-0.0008825098308637094,0.0007083386995270307,0.0,0.0,0.0,0.0,-0.00023050508727753024,0.0,0.0,0.0,0.0,0.0,-0.0011160216992943694,0.0,-0.0006920920866956647,-0.001779962613484775,0.0,-0.003992752618089018
W_F_0047,21,31,1,0.0,0.0,0.05132765790990398,0.005440007958237845,0.0,0.0,0.0,0.0,0.0005107217399381664,0.0,0.0,0.0,0.0,0.0,-0.0006232386835633139,0.0,-0.0006920920866956647,-0.0033904556398769107,0.0,0.0525726011979441
W_F_0047,22,7,1,0.0,0.0,0.015807024163457008,0.0014152384177096911,0.0,0.0,0.0,0.0,-0.00023050508727753024,0.0,0.0,0.0,0.0,0.0,-0.0022205331128338766,0.0,-0.0006920920866956647,-0.0021061073934803332,0.0,0.011973024900879295
W_F_0047,22,9,0,0.0,0.0,-0.009985544265596131,0.0006479419974843494,0.0,0.0,0.0,0.0,-0.00015802983445603304,0.0,0.0,0.0,0.0,0.0,-0.0006301040886557413,0.0,-0.0006920920866956647,-0.004356404564583622,0.0,-0.015174232842502843
W_F_0047,22,13,0,0.0,0.0,-0.033403024354090864,0.003424714270590384,0.0,0.0,0.0,0.0,-0.00015906781518297468,0.0,0.0,0.0,0.0,0.0,-0.0006440654660551439,0.0,-0.0006920920866956647,-0.002872520262416747,0.0,-0.034346055713851006
W_F_0047,22,30,0,0.0,0.0,0.05434396946630043,0.0012519354802321887,0.0,0.0,0.0,0.0,0.0007400866045941602,0.0,0.0,0.0,0.0,0.0,-0.00365364227274008,0.0,-0.0006920920866956647,-0.004489390805104421,0.0,0.04750086638658661
W_F_0047,23,15,1,0.0,0.0,-0.01211767528959306,0.0031802825191175896,0.0,0.0,0.0,0.0,-0.00023050508727753024,0.0,0.0,0.0,0.0,0.0,-0.002273996183744486,0.0,-0.0006920920866956647,-0.0032854248340854837,0.0,-0.015419410962278635
W_F_0047,23,22,0,0.0,0.0,-0.012936441225824696,0.001712714745889607,0.0,0.0,0.0,0.0,-0.00023050508727753024,0.0,0.0,0.0,0.0,0.0,-0.0009729428232868472,0.0,-0.0006920920866956647,-0.0034554609902402067,0.0,-0.016574727467435338
W_F_0047,23,26,1,0.0,0.0,0.024008507402939253,0.0010327727971068252,0.0,0.0,0.0,0.0,-0.00023050508727753024,0.0,0.0,0.0,0.0,0.0,0.001063289858663272,0.0,-0.0006920920866956647,-0.0016866154293861896,0.0,0.023495357455349964
W_F_0047,23,29,0,0.0,0.0,0.053514847972445774,0.0008889203474174523,0.0,0.0,0.0,0.0,0.0007400866045941602,0.0,0.0,0.0,0.0,0.0,0.024508647408442896,0.0,-0.0006920920866956647,-0.00203030420209211,0.0,0.0769301060441125
W_F_0047,24,9,0,0.0,0.0,0.03428925787547004,0.005191699016965254,0.0,0.0,0.0,0.0,0.0007400866045941602,0.0,0.0,0.0,0.0,0.0,-0.0010091376261809702,0.0,-0.0006920920866956647,-0.0033851324431249112,0.0,0.035134681341027915
W_F_0047,24,17,1,0.0,0.0,-0.007999862087755973,0.0012228467104158699,0.0,0.0,0.0,0.0,0.0005107217399381664,0.0,0.0,0.0,0.0,0.0,-0.001535974079912143,0.0,-0.0006920920866956647,-0.0014263051507722602,0.0,-0.009920664954782004
W_F_0047,24,22,1,0.0,0.0,0.011667170604051928,0.0008928868804196393,0.0,0.0,0.0,0.0,0.0005073890775622098,0.0,0.0,0.0,0.0,0.0,-0.001094728573965202,0.0,-0.0006920920866956647,-0.002162522556894363,0.0,0.009118103344478549
W_F_0047,24,28,1,0.0,0.0,0.03273008957388618,0.004373849592740834,0.0,0.0,0.0,0.0,0.0005073890775622098,0.0,0.0,0.0,0.0,0.0,-0.0030270524843530725,0.0,-0.0006920920866956647,-0.0015397383132510442,0.0,0.032352445359889445
W_F_0047,25,22,0,0.0,0.0,0.04752379921804926,0.000994329787851334,0.0,0.0,0.0,0.0,0.0007400866045941602,0.0,0.0,0.0,0.0,0.0,-0.003327815609153852,0.0,-0.0006920920866956647,-0.005174913379888329,0.0,0.04006339453475691
W_F_0047,25,24,1,0.0,0.0,0.04570066233997586,0.0009400214233397292,0.0,0.0,0.0,0.0,0.0005107217399381664,0.0,0.0,0.0,0.0,0.0,0.00014017081776575066,0.0,-0.0006920920866956647,-0.0019513094559410237,0.0,0.04464817477838282
W_F_0047,26,12,0,0.0,0.0,0.039542120579238296,0.0006357100468954141,0.0,0.0,0.0,0.0,0.0007400866045941602,0.0,0.0,0.0,0.0,0.0,-0.0030771026867914206,0.0,-0.0006920920866956647,-0.0033124126868272702,0.0,0.03383630977041352
W_F_0047,26,16,1,0.0,0.0,0.029321914751025177,0.0012806208654046983,0.0,0.0,0.0,0.0,0.00038484791659062085,0.0,0.0,0.0,0.0,0.0,-0.0013733551718719565,0.0,-0.0006920920866956647,-0.0014027371467270524,0.0,0.02751919912772582
W_F_0047,27,17,1,0.0,0.0,0.026869878316661253,0.0009255325903234992,0.0,0.0,0.0,0.0,0.00038484791659062085,0.0,0.0,0.0,0.0,0.0,-0.0003217054184442584,0.0,-0.0006920920866956647,-0.00306159152617318,0.0,0.024104869792262267
W_F_0047,28,13,1,0.0,0.0,0.033870214755669086,0.0007801088972677293,0.0,0.0,0.0,0.0,0.0005107217399381664,0.0,0.0,0.0,0.0,0.0,-0.003619025416213603,0.0,-0.0006920920866956647,-0.0037171015623158974,0.0,0.02713282632764981
W_F_0047,28,22,0,0.0,0.0,0.042788713988619685,0.0012822504130910201,0.0,0.0,0.0,0.0,0.0005073890775622098,0.0,0.0,0.0,0.0,0.0,-0.004337057591704076,0.0,-0.0006920920866956647,-0.0031623663934362218,0.0,0.03638683740743695
W_F_0047,29,13,1,0.0,0.0,0.034661294940356406,0.0008544396458781444,0.0,0.0,0.0,0.0,0.0005107217399381664,0.0,0.0,0.0,0.0,0.0,0.00256058685240285,0.0,-0.0006920920866956647,-0.0019488678745743465,0.0,0.03594608321730555
W_N_0144,3,14,0,0.0,0.0,0.057474255344784404,0.000995002869892776,0.0,0.0,0.0,0.0,0.0005107217399381664,0.0,0.0,0.0,0.0,0.0,-0.0010466265024344154,0.0,-0.0006920920866956647,-0.0030882795607676755,0.0,0.054152981804717594
W_N_0144,4,26,0,0.0,0.0,0.04358392588362099,0.0028365005496393497,0.0,0.0,0.0,0.0,0.00038484791659062085,0.0,0.0,0.0,0.0,0.0,-0.0013548008975050657,0.0,-0.0006920920866956647,-0.0030693172336718716,0.0,0.041689064131978364
W_N_0144,4,27,0,0.0,0.0,0.051469897636605,0.0011452616130398494,0.0,0.0,0.0,0.0,0.0007400866045941602,0.0,0.0,0.0,0.0,0.0,0.010060687236483462,0.0,-0.0006920920866956647,-0.0028021579132370385,0.0,0.059921683090789754
W_N_0144,6,22,0,0.0,0.0,0.004563503965666606,0.0012986617773123807,0.0,0.0,0.0,0.0,-0.00015906781518297468,0.0,0.0,0.0,0.0,0.0,-0.000679210291798214,0.0,-0.0006920920866956647,-0.0025113624975237657,0.0,0.001820433051778367
W_N_0144,7,29,0,0.0,0.0,0.04998494153621865,0.0017221866244434357,0.0,0.0,0.0,0.0,0.0005107217399381664,0.0,0.0,0.0,0.0,0.0,-0.0006182651180534696,0.0,-0.0006920920866956647,-0.0028610355413293126,0.0,0.048046457154521806
W_N_0144,10,1,0,0.0,0.0,0.04100412574064497,0.0016191216233631684,0.0,0.0,0.0,0.0,0.0007400866045941602,0.0,0.0,0.0,0.0,0.0,-0.002910775148055317,0.0,-0.0006920920866956647,-0.002014793031175152,0.0,0.03774567370267617
W_N_0144,10,30,0,0.0,0.0,0.03914494599104719,0.0017255359549909494,0.0,0.0,0.0,0.0,0.0007400866045941602,0.0,0.0,0.0,0.0,0.0,-0.0016898534983165341,0.0,-0.0006920920866956647,-0.0019289547369429534,0.0,0.03729966822867715
W_N_0144,11,2,0,0.0,0.0,0.036905060881540164,0.0011825473885501237,0.0,0.0,0.0,0.0,0.0007400866045941602,0.0,0.0,0.0,0.0,0.0,-0.0035591659687655916,0.0,-0.0006920920866956647,-0.003621497329239413,0.0,0.030954939489983777
W_N_0144,11,18,0,0.0,0.0,-0.06738780359419026,-0.009848593444583253,0.0,0.0,0.0,0.0,-0.00023050508727753024,0.0,0.0,0.0,0.0,0.0,-0.001872423822172569,0.0,-0.0006920920866956647,-0.001892794399666603,0.0,-0.08192421243458588
W_N_0144,11,31,0,0.0,0.0,0.05193695055063063,0.004278046335406426,0.0,0.0,0.0,0.0,0.0008969675304056708,0.0,0.0,0.0,0.0,0.0,-0.0003546534681180914,0.0,-0.0006920920866956647,-0.0017613241272256615,0.0,0.05430389473440331
W_N_0144,12,33,0,0.0,0.0,0.0560333484917508,0.0016633417032382736,0.0,0.0,0.0,0.0,0.00038484791659062085,0.0,0.0,0.0,0.0,0.0,-0.0009493456907283714,0.0,-0.0006920920866956647,-0.003078598985132816,0.0,0.053361501349022844
W_N_0144,13,2,0,0.0,0.0,0.05055587174548803,0.0013672054057157512,0.0,0.0,0.0,0.0,0.0007400866045941602,0.0,0.0,0.0,0.0,0.0,-0.0009629322858037123,0.0,-0.0006920920866956647,-0.004052018525814621,0.0,0.04695612085748394
W_N_0144,14,3,0,0.0,0.0,0.04099515290360079,0.002222920608255857,0.0,0.0,0.0,0.0,0.0007400866045941602,0.0,0.0,0.0,0.0,0.0,-0.0009227069869791331,0.0,-0.0006920920866956647,-0.003808594098774899,0.0,0.03853476694400112
W_N_0144,14,32,1,0.0,0.0,0.04537166926772517,0.0012656760836451946,0.0,0.0,0.0,0.0,0.0007400866045941602,0.0,0.0,0.0,0.0,0.0,-0.0009497125996008103,0.0,-0.0006920920866956647,-0.0037262649064543703,0.0,0.04200936236321368
W_N_0144,14,33,0,0.0,0.0,0.05467469405668727,0.006152624596410206,0.0,0.0,0.0,0.0,0.0005107217399381664,0.0,0.0,0.0,0.0,0.0,-0.0018381542611713702,0.0,-0.0006920920866956647,-0.004390226915449854,0.0,0.05441756712971876
W_N_0144,15,1,1,0.0,0.0,0.04326722629450299,0.0011537199869118544,0.0,0.0,0.0,0.0,0.0005107217399381664,0.0,0.0,0.0,0.0,0.0,-0.0003250061303428248,0.0,-0.0006920920866956647,-0.0019295741011426094,0.0,0.041984995703171914
W_N_0144,16,1,1,0.0,0.0,0.03971168790966619,0.004733213087088504,0.0,0.0,0.0,0.0,0.0007400866045941602,0.0,0.0,0.0,0.0,0.0,-0.0007889274950053436,0.0,-0.0006920920866956647,-0.0033352744234982634,0.0,0.040368693596149585
W_N_0144,16,34,0,0.0,0.0,0.038328371646338004,0.0010673029730815873,0.0,0.0,0.0,0.0,0.0007400866045941602,0.0,0.0,0.0,0.0,0.0,-0.0009731804779313999,0.0,-0.0006920920866956647,-0.0040841700149390585,0.0,0.03438631864444763
W_N_0144,17,8,1,0.0,0.0,-0.030001920623067904,0.00145247732513986,0.0,0.0,0.0,0.0,-0.00015906781518297468,0.0,0.0,0.0,0.0,0.0,-0.0022131061674150756,0.0,-0.0006920920866956647,-0.004577349825183812,0.0,-0.03619105919240557
W_N_0144,17,23,0,0.0,0.0,-0.04388027654665701,-0.014139949572804674,0.0,0.0,0.0,0.0,-0.00011986354306593903,0.0,0.0,0.0,0.0,0.0,-0.0012331835779171526,0.0,-0.0006920920866956647,-0.0020521253034162736,0.0,-0.06211749063055671
W_N_0144,17,31,0,0.0,0.0,0.03540225124587785,0.002429260400448063,0.0,0.0,0.0,0.0,0.0005073890775622098,0.0,0.0,0.0,0.0,0.0,-0.0018043010763197445,0.0,-0.0006920920866956647,-0.0020247819955407213,0.0,0.033817725565331996
W_N_0144,17,33,0,0.0,0.0,0.032939426921984136,0.0011588745504390835,0.0,0.0,0.0,0.0,0.0007400866045941602,0.0,0.0,0.0,0.0,0.0,-0.0012094201911250868,0.0,-0.0006920920866956647,-0.001794528657000893,0.0,0.031142347142195735
W_N_0144,20,18,0,0.0,0.0,-0.06979719057443692,-0.00838712170212808,0.0,0.0,0.0,0.0,-0.00015906781518297468,0.0,0.0,0.0,0.0,0.0,-0.0018815660473237947,0.0,-0.0006920920866956647,-0.0038220184915916068,0.0,-0.08473905671735905
W_N_0144,20,25,0,0.0,0.0,-0.045936447964945705,0.0016304354346437773,0.0,0.0,0.0,0.0,-0.00015906781518297468,0.0,0.0,0.0,0.0,0.0,0.00033588391325199116,0.0,-0.0006920920866956647,-0.0028168126948490127,0.0,-0.04763810121377759
W_N_0144,20,26,1,0.0,0.0,0.001359378707391698,0.000894299537146875,0.0,0.0,0.0,0.0,-0.00011986354306593903,0.0,0.0,0.0,0.0,0.0,-0.001877179044363511,0.0,-0.0006920920866956647,-0.0014036891061529387,0.0,-0.0018391455357394805
W_N_0144,22,13,0,0.0,0.0,-0.0730859452461434,-0.001759206771959922,0.0,0.0,0.0,0.0,-0.00023050508727753024,0.0,0.0,0.0,0.0,0.0,-0.0020189494284111728,0.0,-0.0006920920866956647,-0.002155601595120036,0.0,-0.07994230021560772
W_N_0144,22,27,0,0.0,0.0,-0.0005537877033493508,0.0013192923691519485,0.0,0.0,0.0,0.0,-0.00015802983445603304,0.0,0.0,0.0,0.0,0.0,-0.000987142614147019,0.0,-0.0006920920866956647,-0.0032947014547535917,0.0,-0.004366461324249711
W_N_0144,24,6,1,0.0,0.0,0.042055092370862135,0.0028174948741447902,0.0,0.0,0.0,0.0,-0.00023050508727753024,0.0,0.0,0.0,0.0,0.0,-0.002570435279291477,0.0,-0.0006920920866956647,-0.0018540512724262298,0.0,0.039525503519316024
W_N_0144,24,23,1,0.0,0.0,-0.011803189196868371,0.0015363974956458975,0.0,0.0,0.0,0.0,-0.00015906781518297468,0.0,0.0,0.0,0.0,0.0,-0.0006540097006665124,0.0,-0.0006920920866956647,-0.002646309209383877,0.0,-0.014418270513151504
W_N_0144,26,9,1,0.0,0.0,0.020361144321288265,0.004338175184573848,0.0,0.0,0.0,0.0,-0.00015802983445603304,0.0,0.0,0.0,0.0,0.0,-0.001466861936736441,0.0,-0.0006920920866956647,-0.0018353537552320985,0.0,0.020546981892741876
W_N_0144,28,19,0,0.0,0.0,0.02452240845173046,0.002858297414362862,0.0,0.0,0.0,0.0,0.0005073890775622098,0.0,0.0,0.0,0.0,0.0,-0.0019240397247837315,0.0,-0.0006920920866956647,-0.0033722523340659815,0.0,0.021899710798110154
W_N_0144,31,16,0,0.0,0.0,0.0390686280931538,0.002067564982964155,0.0,0.0,0.0,0.0,0.0005073890775622098,0.0,0.0,0.0,0.0,0.0,-0.00142665843681492,0.0,-0.0006920920866956647,-0.003644907589521472,0.0,0.03587992404064811
W_N_0144,32,17,0,0.0,0.0,0.06274948179927117,0.0007420093973557195,0.0,0.0,0.0,0.0,0.0005073890775622098,0.0,0.0,0.0,0.0,0.0,-0.0022945688253191167,0.0,-0.0006920920866956647,-0.0036363860959249396,0.0,0.05737583326624938
W_N_0144,32,18,1,0.0,0.0,0.03987740207402842,0.0010419337049349885,0.0,0.0,0.0,0.0,0.0009044796987777874,0.0,0.0,0.0,0.0,0.0,0.0006835606036038703,0.0,-0.0006920920866956647,-0.0034293800004667604,0.0,0.03838590399418264
W_N_0077,2,25,0,0.0,0.0,0.04301959118360606,0.004607461098683219,0.0,0.0,0.0,0.0,0.0005107217399381664,0.0,0.0,0.0,0.0,0.0,-0.00102927774578892,0.0,-0.0006920920866956647,-0.0021972656977539747,0.0,0.044219138491988885
W_N_0077,4,25,0,0.0,0.0,0.0458268197836299,0.003945137870756874,0.0,0.0,0.0,0.0,0.0007400866045941602,0.0,0.0,0.0,0.0,0.0,-0.0007954481366101292,0.0,-0.0006920920866956647,-0.0025355510899097424,0.0,0.0464889529457654
W_N_0077,5,7,0,0.0,0.0,0.031027486242425923,0.0023143557329880155,0.0,0.0,0.0,0.0,0.0007400866045941602,0.0,0.0,0.0,0.0,0.0,0.0007371133339066467,0.0,-0.0006920920866956647,-0.004684192495453056,0.0,0.02944275733176603
W_N_0077,5,13,0,0.0,0.0,0.03914263700810492,0.002368334082560018,0.0,0.0,0.0,0.0,0.0007400866045941602,0.0,0.0,0.0,0.0,0.0,-0.0009159811426819706,0.0,-0.0006920920866956647,-0.003480677610951082,0.0,0.03716230685493038
W_N_0077,5,25,0,0.0,0.0,0.05217188242236039,0.00441790584758585,0.0,0.0,0.0,0.0,0.0005107217399381664,0.0,0.0,0.0,0.0,0.0,-0.0014964294124134641,0.0,-0.0006920920866956647,-0.004903017441051862,0.0,0.050008971069723414
W_N_0077,11,21,0,0.0,0.0,-0.07966524497501232,0.004542038547294452,0.0,0.0,0.0,0.0,-0.00015906781518297468,0.0,0.0,0.0,0.0,0.0,-0.0022304997690715555,0.0,-0.0006920920866956647,-0.005281706347809076,0.0,-0.08348657244647713
W_N_0077,13,32,0,0.0,0.0,0.03756208201685662,0.00281618286771302,0.0,0.0,0.0,0.0,0.0007400866045941602,0.0,0.0,0.0,0.0,0.0,-0.0005870050942192594,0.0,-0.0006920920866956647,-0.004674492620665988,0.0,0.03516476168758289
W_N_0077,15,6,0,0.0,0.0,-0.012700799616277413,0.0031561140827932642,0.0,0.0,0.0,0.0,-0.00015906781518297468,0.0,0.0,0.0,0.0,0.0,-0.002468061636944997,0.0,0.003923085543874002,-0.002753955289692952,0.0,-0.011002684731431074
W_N_0077,15,11,0,0.0,0.0,-0.059070256882113766,-0.0017740940295321362,0.0,0.0,0.0,0.0,-0.00015906781518297468,0.0,0.0,0.0,0.0,0.0,0.00012423277864502882,0.0,-0.0006920920866956647,-0.002301444753850455,0.0,-0.06387272278872998
W_N_0077,16,18,0,0.0,0.0,-0.08378207547814567,-0.0032671310004066547,0.0,0.0,0.0,0.0,-0.00015802983445603304,0.0,0.0,0.0,0.0,0.0,-0.00069097223797944,0.0,-0.0006920920866956647,-0.0035425673127080295,0.0,-0.0921328679503915
W_N_0077,16,27,1,0.0,0.0,-0.031130407586378625,0.0007164302908253509,0.0,0.0,0.0,0.0,-0.00011986354306593903,0.0,0.0,0.0,0.0,0.0,-4.8559679314620066e-05,0.0,-0.0006920920866956647,-0.0027296416057002292,0.0,-0.03400413421032973
W_N_0077,17,20,0,0.0,0.0,-0.06182967619963607,-0.008721086681305409,0.0,0.0,0.0,0.0,-0.00015906781518297468,0.0,0.0,0.0,0.0,0.0,-0.0010611786545888277,0.0,-0.0006920920866956647,-0.0036913051037820842,0.0,-0.07615440654119103
W_N_0077,17,34,1,0.0,0.0,0.03446864815990139,0.0006106368733653878,0.0,0.0,0.0,0.0,0.0005107217399381664,0.0,0.0,0.0,0.0,0.0,0.002158526877229721,0.0,-0.0006920920866956647,-0.0017247567363078828,0.0,0.03533168482743111
W_N_0077,18,35,0,0.0,0.0,0.036056205413442934,0.0010811796933613991,0.0,0.0,0.0,0.0,0.0007400866045941602,0.0,0.0,0.0,0.0,0.0,0.012481429598013745,0.0,0.003923085543874002,0.01934830111044091,0.0,0.07363028796372714
W_N_0077,20,33,0,0.0,0.0,0.022036755065319606,0.003938068210474294,0.0,0.0,0.0,0.0,0.0005073890775622098,0.0,0.0,0.0,0.0,0.0,-0.0011484878457991773,0.0,0.003923085543874002,-0.001216115227775059,0.0,0.028040694823655874
W_N_0077,21,11,0,0.0,0.0,-0.05971417270933031,-0.0036369087110593805,0.0,0.0,0.0,0.0,-0.00023050508727753024,0.0,0.0,0.0,0.0,0.0,-0.001427485161511431,0.0,-0.0006920920866956647,-0.003127915286434287,0.0,-0.06882907904230862
W_N_0077,21,34,0,0.0,0.0,0.05076688307518642,0.0011018131680856794,0.0,0.0,0.0,0.0,0.0005107217399381664,0.0,0.0,0.0,0.0,0.0,-0.00043372097386260825,0.0,0.003923085543874002,0.02761106291095855,0.0,0.0834798454641802
W_N_0077,22,23,0,0.0,0.0,-0.10457195187362701,-0.020251445929601923,0.0,0.0,0.0,0.0,-0.00015802983445603304,0.0,0.0,0.0,0.0,0.0,-0.0041643369562071484,0.0,-0.0006920920866956647,-0.0020707735060110756,0.0,-0.13190863018659885
W_N_0077,25,8,0,0.0,0.0,-0.0004136699752892854,0.002381333797957272,0.0,0.0,0.0,0.0,-0.00011986354306593903,0.0,0.0,0.0,0.0,0.0,-0.00255833459149282,0.0,-0.0006920920866956647,-0.0036513705024826147,0.0,-0.005053996901069052
W_N_0077,25,17,0,0.0,0.0,-0.06597639571103457,-0.01980691245180424,0.0,0.0,0.0,0.0,-0.00023050508727753024,0.0,0.0,0.0,0.0,0.0,-0.001022670504442102,0.0,-0.0006920920866956647,-0.005493791765563922,0.0,-0.09322236760681803
W_N_0077,26,13,1,0.0,0.0,-0.06809538385652135,0.001270355061653398,0.0,0.0,0.0,0.0,-0.00023050508727753024,0.0,0.0,0.0,0.0,0.0,-0.0016182957380344873,0.0,-0.0006920920866956647,-0.005557721010687653,0.0,-0.07492364271756329
W_N_0077,29,24,0,0.0,0.0,-0.022661734697517553,0.0013819003312321159,0.0,0.0,0.0,0.0,-0.00023050508727753024,0.0,0.0,0.0,0.0,0.0,-0.0034595203665094146,0.0,-0.0006920920866956647,-0.004095699725051675,0.0,-0.029757651631819725
W_N_0077,29,29,1,0.0,0.0,0.050376616462655566,0.0045394127962837235,0.0,0.0,0.0,0.0,-0.00015906781518297468,0.0,0.0,0.0,0.0,0.0,-0.0003632833357481929,0.0,-0.0006920920866956647,-0.003822670946263318,0.0,0.04987891507504914
W_N_0077,31,19,0,0.0,0.0,0.0032616374989347468,0.0035898747035642067,0.0,0.0,0.0,0.0,-0.00015906781518297468,0.0,0.0,0.0,0.0,0.0,-0.00037025891319175685,0.0,0.003923085543874002,-0.0029161199037848547,0.0,0.00732915111421337
W_N_0077,31,20,0,0.0,0.0,-0.0024375049393996298,0.003720568206684874,0.0,0.0,0.0,0.0,-0.00023050508727753024,0.0,0.0,0.0,0.0,0.0,-0.004326470971885864,0.0,0.003923085543874002,-0.0018251557885329128,0.0,-0.001175983036537061
W_N_0077,31,26,0,0.0,0.0,0.029421863499587118,0.0005742857384001492,0.0,0.0,0.0,0.0,-0.00015906781518297468,0.0,0.0,0.0,0.0,0.0,-0.00023177085947306063,0.0,-0.0006920920866956647,-0.003863225905486211,0.0,0.025049992571149354
W_N_0077,34,15,0,0.0,0.0,0.04757882350992976,0.003187809927077907,0.0,0.0,0.0,0.0,0.0005107217399381664,0.0,0.0,0.0,0.0,0.0,-0.0016747918632395364,0.0,-0.0006920920866956647,-0.004605150833998238,0.0,0.04430532039301239
W_N_0077,34,28,0,0.0,0.0,0.04862566316535672,0.0009623009175630537,0.0,0.0,0.0,0.0,0.0005073890775622098,0.0,0.0,0.0,0.0,0.0,-0.001755424348028706,0.0,-0.0006920920866956647,-0.003567320169155345,0.0,0.044080516556602264
W_N_0077,35,15,0,0.0,0.0,0.055346838288400264,0.005034760347698815,0.0,0.0,0.0,0.0,0.0005073890775622098,0.0,0.0,0.0,0.0,0.0,-0.0011225623854379978,0.0,-0.0006920920866956647,-0.0028353678755384595,0.0,0.05623896536598917
W_N_0077,37,22,1,0.0,0.0,0.043509713798955574,0.00163947448841881,0.0,0.0,0.0,0.0,0.0007400866045941602,0.0,0.0,0.0,0.0,0.0,-0.0009720543643251421,0.0,-0.0006920920866956647,0.0007299632879232104,0.0,0.04495509172887095
W_N_0096,2,17,1,0.0,0.0,0.03102658916989524,0.0016817746793896175,0.0,0.0,0.0,0.0,0.0005073890775622098,0.0,0.0,0.0,0.0,0.0,-0.0022339640396877064,0.0,-0.0006920920866956647,-0.0033305920552258767,0.0,0.026959104745237817
W_N_0096,2,20,1,0.0,0.0,0.03367669326685003,0.0017035493227271815,0.0,0.0,0.0,0.0,0.0007400866045941602,0.0,0.0,0.0,0.0,0.0,0.013177078092431075,0.0,-0.0006920920866956647,-0.0034028633479427756,0.0,0.04520245185196401
W_N_0096,4,6,1,0.0,0.0,0.04614041558801602,0.0008841267804125425,0.0,0.0,0.0,0.0,0.0005073890775622098,0.0,0.0,0.0,0.0,0.0,-0.002168423636856328,0.0,-0.0006920920866956647,-0.003505094835822981,0.0,0.0411663208866158
W_N_0096,4,15,1,0.0,0.0,0.004627681065271624,0.0004978535228346207,0.0,0.0,0.0,0.0,0.0007400866045941602,0.0,0.0,0.0,0.0,0.0,-0.0026626758793324603,0.0,-0.0006920920866956647,-0.0020089156570689474,0.0,0.0005019375696033324
W_N_0096,4,24,0,0.0,0.0,0.04824612347446798,0.004064039379013488,0.0,0.0,0.0,0.0,0.0005107217399381664,0.0,0.0,0.0,0.0,0.0,-0.001120469978072904,0.0,-0.0006920920866956647,-0.0017539830024985762,0.0,0.049254339526152484
W_N_0096,5,21,0,0.0,0.0,0.009903872543974951,0.0013003497682346162,0.0,0.0,0.0,0.0,0.0007400866045941602,0.0,0.0,0.0,0.0,0.0,-0.0015202503823025949,0.0,-0.0006920920866956647,-0.0027533285603038465,0.0,0.006978637887501622
W_N_0096,6,7,0,0.0,0.0,0.03276938400513607,0.002276862026423186,0.0,0.0,0.0,0.0,-0.00023050508727753024,0.0,0.0,0.0,0.0,0.0,-0.0023576348104960825,0.0,-0.0006920920866956647,-0.002973041361043552,0.0,0.028792972686046428
W_N_0096,6,17,0,0.0,0.0,-0.014704346698490193,0.001066711712294307,0.0,0.0,0.0,0.0,-0.00023050508727753024,0.0,0.0,0.0,0.0,0.0,-0.0009346928037219546,0.0,-0.0006920920866956647,-0.0027940615164132885,0.0,-0.018288986480304324
W_N_0096,6,27,1,0.0,0.0,0.04247132835508956,0.001722205279245435,0.0,0.0,0.0,0.0,-0.00023050508727753024,0.0,0.0,0.0,0.0,0.0,-0.0076491953860317475,0.0,0.003923085543874002,-0.0011337075567750237,0.0,0.03910321114812469
W_N_0096,8,9,0,0.0,0.0,0.0017847096428825664,0.000980881599819329,0.0,0.0,0.0,0.0,-0.00015906781518297468,0.0,0.0,0.0,0.0,0.0,0.0002582636168797092,0.0,-0.0006920920866956647,-0.003229205193450383,0.0,-0.0010565102357474178
W_N_0096,8,30,1,0.0,0.0,0.04510869001093571,0.0014446908750483938,0.0,0.0,0.0,0.0,0.0005107217399381664,0.0,0.0,0.0,0.0,0.0,0.0005152633984799272,0.0,-0.0006920920866956647,-0.002262355124854081,0.0,0.04462491881285245
W_N_0096,9,3,1,0.0,0.0,0.029044457879085824,0.0006171232551266488,0.0,0.0,0.0,0.0,0.0005073890775622098,0.0,0.0,0.0,0.0,0.0,-0.0019710087601239597,0.0,-0.0006920920866956647,-0.001399254513471244,0.0,0.026106614851483814
W_N_0096,9,11,1,0.0,0.0,-0.02659357757139367,0.0012591043147813378,0.0,0.0,0.0,0.0,-0.00015906781518297468,0.0,0.0,0.0,0.0,0.0,-0.002111149423508741,0.0,-0.0006920920866956647,-0.003055096775233971,0.0,-0.031351879357233686
W_N_0096,9,12,0,0.0,0.0,-0.03233789295666139,0.001248552696305826,0.0,0.0,0.0,0.0,-0.00023050508727753024,0.0,0.0,0.0,0.0,0.0,0.0007879337265770813,0.0,-0.0006920920866956647,-0.0036781603712477337,0.0,-0.03490216407899942
W_N_0096,9,29,1,0.0,0.0,0.02755972148284289,0.0006306948370301197,0.0,0.0,0.0,0.0,0.0007400866045941602,0.0,0.0,0.0,0.0,0.0,-0.0009008583306142846,0.0,-0.0006920920866956647,-0.003517116651268824,0.0,0.023820435855888396
W_N_0096,10,29,0,0.0,0.0,0.046071418414245946,0.0006144203343944679,0.0,0.0,0.0,0.0,0.00038484791659062085,0.0,0.0,0.0,0.0,0.0,-0.00265731067010483,0.0,-0.0006920920866956647,-0.0031076934817126905,0.0,0.040613590426717854
W_N_0096,11,8,0,0.0,0.0,-0.03258995416815707,0.004925162755285327,0.0,0.0,0.0,0.0,-0.00023050508727753024,0.0,0.0,0.0,0.0,0.0,-0.0015173671757812534,0.0,-0.0006920920866956647,-0.004045033846532312,0.0,-0.0341497896091585
W_N_0096,11,22,1,0.0,0.0,-0.07680216232568404,0.0007252061585668553,0.0,0.0,0.0,0.0,-0.00023050508727753024,0.0,0.0,0.0,0.0,0.0,-0.0012563284572936673,0.0,-0.0006920920866956647,-0.0029771164834317874,0.0,-0.08123299828181582
W_N_0096,11,23,1,0.0,0.0,-0.045025357811195994,0.001310483476743926,0.0,0.0,0.0,0.0,-0.00011986354306593903,0.0,0.0,0.0,0.0,0.0,-0.0018639599624905314,0.0,-0.0006920920866956647,-0.0017591773680159263,0.0,-0.048149967294720125
W_N_0096,11,25,0,0.0,0.0,-0.017589261331558168,0.004227736518675687,0.0,0.0,0.0,0.0,-0.00023050508727753024,0.0,0.0,0.0,0.0,0.0,-0.002386561677670241,0.0,-0.0006920920866956647,-0.003032015076827889,0.0,-0.01970269874135381
W_N_0096,12,0,1,0.0,0.0,0.0578664490207229,0.0016510170033434714,0.0,0.0,0.0,0.0,0.0007400866045941602,0.0,0.0,0.0,0.0,0.0,-0.004033393953125305,0.0,-0.0006920920866956647,-0.002188304776280816,0.0,0.053343761812558746
W_N_0096,12,9,0,0.0,0.0,-0.058955982691522746,0.002971860675241126,0.0,0.0,0.0,0.0,-0.0004650681580503844,0.0,0.0,0.0,0.0,0.0,-0.0019158469291642916,0.0,-0.0006920920866956647,-0.0052252429877949185,0.0,-0.06428237217798688
W_N_0096,12,10,0,0.0,0.0,-0.04368648490855375,-0.0035161057040992752,0.0,0.0,0.0,0.0,-0.00023050508727753024,0.0,0.0,0.0,0.0,0.0,-0.00272025203641624,0.0,-0.0006920920866956647,-0.004593592531645135,0.0,-0.0554390323546876
W_N_0096,13,22,0,0.0,0.0,-0.06817830652266928,-0.015243456004772199,0.0,0.0,0.0,0.0,-0.00023050508727753024,0.0,0.0,0.0,0.0,0.0,-0.0015461540982888208,0.0,-0.0006920920866956647,-0.0034253479269515117,0.0,-0.089315861726655
W_N_0096,14,20,0,0.0,0.0,-0.07408816120841505,-0.01347786183978141,0.0,0.0,0.0,0.0,-0.00015802983445603304,0.0,0.0,0.0,0.0,0.0,0.0013243779327263676,0.0,-0.0006920920866956647,-0.0031809786853577004,0.0,-0.09027274572197949
W_N_0096,15,13,0,0.0,0.0,-0.07318225167191231,-0.00766742022776123,0.0,0.0,0.0,0.0,-0.00015802983445603304,0.0,0.0,0.0,0.0,0.0,-0.0018309067860679885,0.0,-0.0006920920866956647,-0.002844436338875508,0.0,-0.08637513694576873
W_N_0096,15,24,0,0.0,0.0,-0.04899587131862692,0.0010106390440928511,0.0,0.0,0.0,0.0,-0.00023050508727753024,0.0,0.0,0.0,0.0,0.0,-0.0027741882164241077,0.0,-0.0006920920866956647,-0.003717627468462289,0.0,-0.05539964513339366
W_N_0096,15,25,0,0.0,0.0,-0.004209288202091468,0.0011105258573650652,0.0,0.0,0.0,0.0,-0.00023050508727753024,0.0,0.0,0.0,0.0,0.0,-0.0011039413902811186,0.0,-0.0006920920866956647,-0.004819148752943871,0.0,-0.009944449661924587
W_N_0096,16,9,0,0.0,0.0,-0.07204120793673927,0.0008048466827810681,0.0,0.0,0.0,0.0,-0.00015802983445603304,0.0,0.0,0.0,0.0,0.0,-0.003214425255401305,0.0,-0.0006920920866956647,-0.0039001492594839568,0.0,-0.07920105768999516
W_N_0096,16,30,1,0.0,0.0,0.031915225163905464,0.0011613794666573026,0.0,0.0,0.0,0.0,0.0005107217399381664,0.0,0.0,0.0,0.0,0.0,-0.0003391107620463439,0.0,-0.0006920920866956647,-0.0025186225487385866,0.0,0.030037500973020333
W_N_0096,17,8,1,0.0,0.0,-0.017170918207659504,0.0008858274316166138,0.0,0.0,0.0,0.0,-0.00023050508727753024,0.0,0.0,0.0,0.0,0.0,-0.0013532769484676888,0.0,0.003923085543874002,5.998589757497401e-05,0.0,-0.013885801370339138
W_N_0096,17,28,1,0.0,0.0,0.0035690375933110532,0.0012864962698042254,0.0,0.0,0.0,0.0,0.0005107217399381664,0.0,0.0,0.0,0.0,0.0,-0.002005834334274768,0.0,-0.0006920920866956647,-0.002583307980663101,0.0,8.502120141991136e-05
W_N_0096,18,1,1,0.0,0.0,0.08711970786068392,0.0015809021215603656,0.0,0.0,0.0,0.0,0.0007400866045941602,0.0,0.0,0.0,0.0,0.0,1.742113062693266e-05,0.0,-0.0006920920866956647,-0.004006026588071171,0.0,0.08475999904269853
W_N_0096,18,5,0,0.0,0.0,0.005168559169854428,0.005688959491984563,0.0,0.0,0.0,0.0,0.0007400866045941602,0.0,0.0,0.0,0.0,0.0,5.900964786376248e-05,0.0,-0.0006920920866956647,-0.004180641264825034,0.0,0.006783881562776215
W_N_0096,19,26,1,0.0,0.0,-0.00323372089321044,0.0008564848050551006,0.0,0.0,0.0,0.0,-0.00023050508727753024,0.0,0.0,0.0,0.0,0.0,0.0005750910682477345,0.0,-0.0006920920866956647,-0.0018032387471994225,0.0,-0.0045279809410802225
W_N_0096,19,31,1,0.0,0.0,0.037841868738294655,0.0015823929154497017,0.0,0.0,0.0,0.0,0.0007400866045941602,0.0,0.0,0.0,0.0,0.0,0.012531773055392206,0.0,-0.0006920920866956647,0.03344967353234246,0.0,0.08545370275937753
W_N_0096,19,32,0,0.0,0.0,0.044166802711456635,0.0013501086390983808,0.0,0.0,0.0,0.0,0.0006207469806210718,0.0,0.0,0.0,0.0,0.0,-0.0029884843280541546,0.0,-0.0006920920866956647,0.030421224090216345,0.0,0.07287830600664261
W_N_0096,20,2,1,0.0,0.0,0.03349292361067026,0.0014752674344641935,0.0,0.0,0.0,0.0,0.0007400866045941602,0.0,0.0,0.0,0.0,0.0,-0.0012394848451805786,0.0,-0.0006920920866956647,-0.0007945837154788467,0.0,0.03298211700237353
W_N_0096,22,17,0,0.0,0.0,-0.026644986883200522,0.0032364008286813748,0.0,0.0,0.0,0.0,-0.00023050508727753024,0.0,0.0,0.0,0.0,0.0,-0.0017007870606615923,0.0,-0.0006920920866956647,-0.0026447899741616075,0.0,-0.028676760263315546
W_N_0096,24,26,1,0.0,0.0,0.03933780224995299,0.0008692880727620559,0.0,0.0,0.0,0.0,0.0005107217399381664,0.0,0.0,0.0,0.0,0.0,0.0014973960944773194,0.0,0.003923085543874002,0.0461294536308636,0.0,0.09226774733186813
W_N_0096,25,10,0,0.0,0.0,0.04490153544098283,0.0015620160607048325,0.0,0.0,0.0,0.0,0.0005073890775622098,0.0,0.0,0.0,0.0,0.0,-0.003762534825447872,0.0,0.003923085543874002,-0.0023509993564609453,0.0,0.044780491941215056
W_N_0096,25,16,0,0.0,0.0,0.01811300699118285,0.0015000181861551361,0.0,0.0,0.0,0.0,0.0005107217399381664,0.0,0.0,0.0,0.0,0.0,-0.0003732473134908867,0.0,-0.0006920920866956647,-0.0033005061471662956,0.0,0.0157579013699233
W_N_0096,26,7,1,0.0,0.0,0.0716965273806468,0.0009810570090117404,0.0,0.0,0.0,0.0,0.0007400866045941602,0.0,0.0,0.0,0.0,0.0,0.021722421260046056,0.0,-0.0006920920866956647,0.03378520655351484,0.0,0.12823320672111793
W_N_0096,26,12,1,0.0,0.0,0.02415649025038991,0.0011289451903823166,0.0,0.0,0.0,0.0,0.0007400866045941602,0.0,0.0,0.0,0.0,0.0,-0.0031511993937881925,0.0,0.003923085543874002,-0.0010740478800510009,0.0,0.025723360315401192
W_N_0096,26,13,1,0.0,0.0,0.02166103558006265,0.0007977782533177729,0.0,0.0,0.0,0.0,0.0007400866045941602,0.0,0.0,0.0,0.0,0.0,-0.0020980504934691615,0.0,0.003923085543874002,-0.0003564383960339222,0.0,0.0246674970923455
W_N_0096,26,18,0,0.0,0.0,0.07161472326940019,0.0011372539621530172,0.0,0.0,0.0,0.0,0.0007400866045941602,0.0,0.0,0.0,0.0,0.0,-0.0010971756196045154,0.0,0.003923085543874002,-0.0049272925252933425,0.0,0.07139068123512352
W_N_0096,26,19,1,0.0,0.0,0.02524969382763518,0.0017395654759520855,0.0,0.0,0.0,0.0,0.0005107217399381664,0.0,0.0,0.0,0.0,0.0,-0.0024235283948223136,0.0,0.003923085543874002,-0.00020068408100851513,0.0,0.0287988541115686
W_N_0096,27,20,1,0.0,0.0,0.02117454234302,0.0007133200369624673,0.0,0.0,0.0,0.0,0.0005107217399381664,0.0,0.0,0.0,0.0,0.0,0.016666134214877393,0.0,0.003923085543874002,0.0208341544156742,0.0,0.06382195829434623
W_N_0096,27,21,0,0.0,0.0,0.057080160872583115,0.001531507701289037,0.0,0.0,0.0,0.0,0.0005107217399381664,0.0,0.0,0.0,0.0,0.0,0.021658395316412338,0.0,0.003923085543874002,0.04465082060386194,0.0,0.1293546917779586
W_N_0096,28,23,0,0.0,0.0,0.036658714291551146,0.0025262076050533377,0.0,0.0,0.0,0.0,0.0005107217399381664,0.0,0.0,0.0,0.0,0.0,0.017379299908792344,0.0,0.003923085543874002,0.03230043043744034,0.0,0.09329845952664934
W_N_0099,0,23,1,0.0,0.0,0.04119858910315606,0.0018693364829089644,0.0,0.0,0.0,0.0,0.0017137937381067182,0.0,0.0,0.0,0.0,0.0,-0.0011229846885342733,0.0,-0.00043977378136639755,-0.002132405696340792,0.0,0.04108655515793028
W_N_0099,1,24,1,0.0,0.0,0.04300997491076467,0.003900009708685008,0.0,0.0,0.0,0.0,0.000917981070574502,0.0,0.0,0.0,0.0,0.0,-0.0010679412157475268,0.0,-0.00043977378136639755,-0.0022657085534996922,0.0,0.04405454213941057
W_N_0099,3,25,1,0.0,0.0,0.03572368508594163,0.0014227967076229603,0.0,0.0,0.0,0.0,0.0017137937381067182,0.0,0.0,0.0,0.0,0.0,-0.0014505768949859342,0.0,-0.00043977378136639755,-0.002070177676679631,0.0,0.03489974717863934
W_N_0099,4,20,0,0.0,0.0,0.04552317404551998,0.001168015314167538,0.0,0.0,0.0,0.0,0.0017137937381067182,0.0,0.0,0.0,0.0,0.0,-0.0008210443591013492,0.0,-0.00043977378136639755,-0.0019280349243741537,0.0,0.04521613003295234
W_N_0099,4,22,0,0.0,0.0,0.032498287604858615,0.0007557814723091996,0.0,0.0,0.0,0.0,0.0017137937381067182,0.0,0.0,0.0,0.0,0.0,-0.0008011100976733865,0.0,-0.00043977378136639755,-0.0028088911940189355,0.0,0.03091808774221582
W_N_0099,5,34,1,0.0,0.0,0.0565583894962125,0.0013729840789641866,0.0,0.0,0.0,0.0,0.0017137937381067182,0.0,0.0,0.0,0.0,0.0,-0.0009017598535852108,0.0,-0.00043977378136639755,-0.002182510081431669,0.0,0.056121123596900135
W_N_0099,7,8,1,0.0,0.0,0.03307933468646434,0.0008434640849747385,0.0,0.0,0.0,0.0,-0.0005337729026923818,0.0,0.0,0.0,0.0,0.0,-0.0016135627004229404,0.0,-0.00043977378136639755,-0.0020153737463629385,0.0,0.029320315640594417
W_N_0099,8,27,1,0.0,0.0,-0.012365006069777137,0.001614465441951378,0.0,0.0,0.0,0.0,-0.0005337729026923818,0.0,0.0,0.0,0.0,0.0,-0.0017436931138069295,0.0,-0.00043977378136639755,-0.003875919846089337,0.0,-0.017343700271780806
W_N_0099,9,15,1,0.0,0.0,-0.011358167094285198,0.0009360882172936296,0.0,0.0,0.0,0.0,-0.0002859115480247484,0.0,0.0,0.0,0.0,0.0,-0.0011347017182436869,0.0,-0.00043977378136639755,-0.0026839411566963274,0.0,-0.01496640708132273
W_N_0099,10,22,0,0.0,0.0,-0.021800101443994066,0.00048428933993086953,0.0,0.0,0.0,0.0,-0.00028854611961054715,0.0,0.0,0.0,0.0,0.0,-0.00011652473960040593,0.0,-0.00043977378136639755,-0.003440704900763056,0.0,-0.0256013616454036
W_N_0099,10,23,1,0.0,0.0,-0.01580072035424818,0.0007562260287011338,0.0,0.0,0.0,0.0,-0.0013867867690676222,0.0,0.0,0.0,0.0,0.0,-0.0012648594487754843,0.0,-0.00043977378136639755,-0.0018722073068579287,0.0,-0.02000812163161448
W_N_0099,10,30,0,0.0,0.0,-0.013564996506479462,0.0018052183675194657,0.0,0.0,0.0,0.0,-0.0005337729026923818,0.0,0.0,0.0,0.0,0.0,-0.0009609299710123522,0.0,-0.00043977378136639755,-0.006074352723046486,0.0,-0.019768607517077617
W_N_0099,11,32,1,0.0,0.0,-0.0058316899230499665,0.0016444618084160954,0.0,0.0,0.0,0.0,-0.00028854611961054715,0.0,0.0,0.0,0.0,0.0,-3.9586589781938805e-05,0.0,-0.00043977378136639755,-0.004261250073951188,0.0,-0.009216384679343943
W_N_0099,11,39,0,0.0,0.0,0.04754622887472112,0.0023943906510913637,0.0,0.0,0.0,0.0,0.000917981070574502,0.0,0.0,0.0,0.0,0.0,-0.0010723532976369987,0.0,-0.00043977378136639755,-0.001477250161194933,0.0,0.04786922335618866
W_N_0099,12,39,1,0.0,0.0,0.0396638508539691,0.0012845540714507978,0.0,0.0,0.0,0.0,0.0009264399343788676,0.0,0.0,0.0,0.0,0.0,-0.001062043508604307,0.0,-0.00043977378136639755,-0.0041029849177250804,0.0,0.03627004265210297
W_N_0099,13,28,1,0.0,0.0,-0.05919351577984137,0.0029504975376989174,0.0,0.0,0.0,0.0,-0.00028854611961054715,0.0,0.0,0.0,0.0,0.0,-0.0006523486374523095,0.0,-0.00043977378136639755,-0.00198346825510285,0.0,-0.059607155035674556
W_N_0099,15,8,1,0.0,0.0,-0.009637843134350947,0.0011965454094823036,0.0,0.0,0.0,0.0,-0.0002859115480247484,0.0,0.0,0.0,0.0,0.0,-0.0009008155887810014,0.0,-0.00043977378136639755,-0.0015240618288379086,0.0,-0.011591860471878698
W_N_0099,15,9,0,0.0,0.0,-0.007015355113542932,0.0005734170052036876,0.0,0.0,0.0,0.0,-0.0005337729026923818,0.0,0.0,0.0,0.0,0.0,-0.00021066283378477378,0.0,-0.00043977378136639755,-0.0022717071632194254,0.0,-0.009897854789402223
W_N_0099,16,20,1,0.0,0.0,-0.04594778696353561,-0.0025961509711396012,0.0,0.0,0.0,0.0,-0.00028854611961054715,0.0,0.0,0.0,0.0,0.0,-0.0003797011222090691,0.0,-0.00043977378136639755,-0.0017228127595887838,0.0,-0.05137477171745001
W_N_0099,17,1,0,0.0,0.0,0.045447056366521126,0.0011622342713456242,0.0,0.0,0.0,0.0,0.0017137937381067182,0.0,0.0,0.0,0.0,0.0,-0.000357246510302675,0.0,-0.00043977378136639755,-0.002327667122280422,0.0,0.045198396962023976
W_N_0099,17,18,1,0.0,0.0,-0.05370125476826377,-0.006912637088645015,0.0,0.0,0.0,0.0,-0.0005337729026923818,0.0,0.0,0.0,0.0,0.0,-0.0007289594942272743,0.0,-0.00043977378136639755,-0.0027963605946463733,0.0,-0.06511275862984121
W_N_0099,17,25,1,0.0,0.0,-0.05584618202468082,-0.006241975660587014,0.0,0.0,0.0,0.0,-0.0001890390105857108,0.0,0.0,0.0,0.0,0.0,-0.0008580417544571464,0.0,-0.00043977378136639755,-0.0015966719278396528,0.0,-0.06517168415951673
W_N_0099,17,26,1,0.0,0.0,-0.03942493898744854,-0.008614857071251703,0.0,0.0,0.0,0.0,-0.0001890390105857108,0.0,0.0,0.0,0.0,0.0,-0.0012243149586700372,0.0,-0.00043977378136639755,-0.0016401520978786752,0.0,-0.05153307590720106
W_N_0099,18,0,0,0.0,0.0,0.06363135844877615,0.0014726423388800676,0.0,0.0,0.0,0.0,0.0017137937381067182,0.0,0.0,0.0,0.0,0.0,-0.0008765135122687424,0.0,-0.00043977378136639755,-0.0025447343632219164,0.0,0.0629567728689059
W_N_0099,18,6,0,0.0,0.0,0.0011711826178389768,0.0008878128875952685,0.0,0.0,0.0,0.0,-0.0002859115480247484,0.0,0.0,0.0,0.0,0.0,-0.0013242106014575423,0.0,-0.00043977378136639755,-0.002943178666063842,0.0,-0.002934079091478285
W_N_0099,18,28,0,0.0,0.0,-0.0396926111167216,-0.015589303238675911,0.0,0.0,0.0,0.0,-0.00028854611961054715,0.0,0.0,0.0,0.0,0.0,-0.002052474228483477,0.0,-0.00043977378136639755,-0.0021127780807895158,0.0,-0.060175486565647446
W_N_0099,18,39,1,0.0,0.0,0.028324298577743875,0.0010167416110002593,0.0,0.0,0.0,0.0,0.0006069507668252502,0.0,0.0,0.0,0.0,0.0,-0.0006689302230811118,0.0,-0.00043977378136639755,-0.0013293333806611853,0.0,0.027509953570460693
W_N_0099,19,13,0,0.0,0.0,-0.07270011111971071,-0.006544061806835587,0.0,0.0,0.0,0.0,-0.00028854611961054715,0.0,0.0,0.0,0.0,0.0,-0.00020475414252721575,0.0,-0.00043977378136639755,-0.0023475717714926347,0.0,-0.08252481874154309
W_N_0099,19,14,0,0.0,0.0,-0.061440147953154695,-0.0010528366329753268,0.0,0.0,0.0,0.0,-0.0005337729026923818,0.0,0.0,0.0,0.0,0.0,-0.0010763916704112494,0.0,-0.00043977378136639755,-0.0023858415623344894,0.0,-0.06692876450293453
W_N_0099,19,31,1,0.0,0.0,-0.05606539370204467,-0.0014042829561839853,0.0,0.0,0.0,0.0,-0.0005337729026923818,0.0,0.0,0.0,0.0,0.0,-0.0022644429704715145,0.0,-0.00043977378136639755,-0.002164121413267833,0.0,-0.06287178772602678
W_N_0099,20,27,0,0.0,0.0,-0.07443445053900065,-0.0056219191942576425,0.0,0.0,0.0,0.0,-0.0002859115480247484,0.0,0.0,0.0,0.0,0.0,-0.00018501939279712835,0.0,-0.00043977378136639755,-0.0019105042330546987,0.0,-0.08287757868850125
W_N_0099,21,28,1,0.0,0.0,-0.04655069998152765,-0.012681680063513999,0.0,0.0,0.0,0.0,-0.00028854611961054715,0.0,0.0,0.0,0.0,0.0,-0.001031605807325327,0.0,-0.00043977378136639755,-0.0019499121203560383,0.0,-0.06294221787369997
W_N_0099,21,43,0,0.0,0.0,0.06151352486183886,0.0013644342700538466,0.0,0.0,0.0,0.0,0.0017137937381067182,0.0,0.0,0.0,0.0,0.0,-0.0005492661928998679,0.0,-0.00043977378136639755,-0.0019712121121068546,0.0,0.06163150078362631
W_N_0099,22,20,1,0.0,0.0,-0.08962855446438263,-0.0074279862329675265,0.0,0.0,0.0,0.0,-0.0002859115480247484,0.0,0.0,0.0,0.0,0.0,-0.002042998863562985,0.0,-0.00043977378136639755,-0.0018356833996704227,0.0,-0.10166090828997472
W_N_0099,23,14,0,0.0,0.0,-0.06504155372845702,-0.0047501199696487586,0.0,0.0,0.0,0.0,-0.00028854611961054715,0.0,0.0,0.0,0.0,0.0,-0.0009001215458820553,0.0,-0.00043977378136639755,-0.0015525331098682055,0.0,-0.07297264825483298
W_N_0099,23,25,1,0.0,0.0,-0.05620027698601998,-0.008416624612270553,0.0,0.0,0.0,0.0,-0.00028854611961054715,0.0,0.0,0.0,0.0,0.0,-0.0009107396145700931,0.0,-0.00043977378136639755,-0.0013957086467557677,0.0,-0.06765166976059334
W_N_0099,23,32,1,0.0,0.0,-0.03433880982763456,0.0014521530073467672,0.0,0.0,0.0,0.0,-0.0005337729026923818,0.0,0.0,0.0,0.0,0.0,-0.0012665413158097379,0.0,-0.00043977378136639755,-0.0015622892750037692,0.0,-0.036689034095160084
W_N_0099,24,12,0,0.0,0.0,-0.0741206155310653,0.002696947260722902,0.0,0.0,0.0,0.0,-0.0002859115480247484,0.0,0.0,0.0,0.0,0.0,-0.0009193669371826169,0.0,-0.00043977378136639755,-0.001861345216959432,0.0,-0.07493006575387559
W_N_0099,24,42,0,0.0,0.0,0.028476522992957887,0.0013129181813410665,0.0,0.0,0.0,0.0,0.0017137937381067182,0.0,0.0,0.0,0.0,0.0,-0.00017809919211107483,0.0,-0.00043977378136639755,-0.0020730437683197673,0.0,0.028812318170608427
W_N_0099,26,31,0,0.0,0.0,-0.049459908854658674,0.0017027799123059454,0.0,0.0,0.0,0.0,-0.00028854611961054715,0.0,0.0,0.0,0.0,0.0,-0.00021199225648434452,0.0,-0.00043977378136639755,-0.0019108546468522966,0.0,-0.05060829574666631
W_N_0099,27,23,1,0.0,0.0,-0.05259534442814746,-0.005722427119673146,0.0,0.0,0.0,0.0,-0.0005337729026923818,0.0,0.0,0.0,0.0,0.0,-0.0009710372625081333,0.0,-0.00043977378136639755,-0.0022050342145670974,0.0,-0.062467389708954615
W_N_0099,27,35,1,0.0,0.0,0.00348162030404857,0.0034798376069026804,0.0,0.0,0.0,0.0,-0.00028854611961054715,0.0,0.0,0.0,0.0,0.0,-0.0008012326595853204,0.0,-0.00043977378136639755,-0.0017252871532474718,0.0,0.003706618197141514
W_N_0099,27,40,1,0.0,0.0,0.044469301730321285,0.0014408548249274329,0.0,0.0,0.0,0.0,0.0017137937381067182,0.0,0.0,0.0,0.0,0.0,-0.0008481363339270932,0.0,-0.00043977378136639755,-0.003741030651259348,0.0,0.04259500952680259
W_N_0099,28,24,1,0.0,0.0,-0.0539720342563507,-0.0039264295878427,0.0,0.0,0.0,0.0,-0.0005337729026923818,0.0,0.0,0.0,0.0,0.0,-0.0004652512092429805,0.0,-0.00043977378136639755,-0.003672259897078864,0.0,-0.06300952163457403
W_N_0099,28,28,1,0.0,0.0,-0.08516596428558233,0.0008562629280819809,0.0,0.0,0.0,0.0,-0.0005337729026923818,0.0,0.0,0.0,0.0,0.0,-0.0012743210390913026,0.0,-0.00043977378136639755,-0.002081434728135997,0.0,-0.08863900380878643
W_N_0099,29,24,0,0.0,0.0,-0.06053326373022416,-0.003522800623364276,0.0,0.0,0.0,0.0,-0.0005337729026923818,0.0,0.0,0.0,0.0,0.0,-0.0008331195726391624,0.0,-0.00043977378136639755,-0.0029928418685185544,0.0,-0.06885557247880493
W_N_0099,29,34,1,0.0,0.0,0.013319136819003409,0.0009336668079804015,0.0,0.0,0.0,0.0,-0.0002859115480247484,0.0,0.0,0.0,0.0,0.0,-0.0006416224656194971,0.0,-0.00043977378136639755,-0.0010805033929910922,0.0,0.011804992438982073
W_N_0099,30,29,0,0.0,0.0,-0.02763611391528578,0.0018413917555130666,0.0,0.0,0.0,0.0,-0.0005337729026923818,0.0,0.0,0.0,0.0,0.0,-0.0005783908289412902,0.0,-0.00043977378136639755,-0.0025036767050027843,0.0,-0.029850336377775566
W_N_0099,31,29,0,0.0,0.0,0.009341490773517513,0.0015844129498655479,0.0,0.0,0.0,0.0,-0.0005337729026923818,0.0,0.0,0.0,0.0,0.0,-0.0011881623672581815,0.0,-0.00043977378136639755,-0.0024035963661755643,0.0,0.006360598305890534
W_N_0099,32,16,0,0.0,0.0,-0.007527195815466366,0.0011954497217234886,0.0,0.0,0.0,0.0,-0.00028854611961054715,0.0,0.0,0.0,0.0,0.0,-0.00065209281171429,0.0,-0.00043977378136639755,-0.0018278903539628996,0.0,-0.009540049160397012
W_N_0099,32,18,0,0.0,0.0,0.007593383924751106,0.0033119509551588454,0.0,0.0,0.0,0.0,-0.0005337729026923818,0.0,0.0,0.0,0.0,0.0,-0.0005646419425998783,0.0,-0.00043977378136639755,-0.001848394442196767,0.0,0.007518751811054526
W_N_0099,32,33,0,0.0,0.0,0.017802419521347874,0.0014013600055323254,0.0,0.0,0.0,0.0,-0.0005337729026923818,0.0,0.0,0.0,0.0,0.0,-0.0008538990776015216,0.0,-0.00043977378136639755,-0.002002247120324553,0.0,0.01537408664489535
W_N_0099,32,38,1,0.0,0.0,0.040506088106706584,0.003341322435697123,0.0,0.0,0.0,0.0,0.0009264399343788676,0.0,0.0,0.0,0.0,0.0,-0.00044483994404237556,0.0,-0.00043977378136639755,-0.002022600818576021,0.0,0.04186663593279778
W_N_0099,34,32,1,0.0,0.0,0.03913829378657527,0.00640040949335537,0.0,0.0,0.0,0.0,-0.0005337729026923818,0.0,0.0,0.0,0.0,0.0,-0.0007030834675528084,0.0,-0.00043977378136639755,-0.00404221967616005,0.0,0.03981985345215899
W_N_0099,35,21,1,0.0,0.0,-0.0037227060592357297,0.0015024137930237831,0.0,0.0,0.0,0.0,-0.0001890390105857108,0.0,0.0,0.0,0.0,0.0,-0.0019566275466145113,0.0,-0.00043977378136639755,-0.0026175477170917952,0.0,-0.007423280321870362
W_N_0099,35,23,1,0.0,0.0,0.00151121893501939,0.0011797482809623543,0.0,0.0,0.0,0.0,-0.0005337729026923818,0.0,0.0,0.0,0.0,0.0,-0.0009343525389581781,0.0,-0.00043977378136639755,-0.0024199468082138683,0.0,-0.0016368788152490814
W_N_0099,37,25,1,0.0,0.0,0.042848085570200534,0.0006424780222322841,0.0,0.0,0.0,0.0,0.000917981070574502,0.0,0.0,0.0,0.0,0.0,-0.0009721124483004518,0.0,-0.00043977378136639755,-0.002385227055591085,0.0,0.04061143137774939
W_N_0099,37,26,1,0.0,0.0,0.04354447563599564,0.000715355745676447,0.0,0.0,0.0,0.0,0.0017137937381067182,0.0,0.0,0.0,0.0,0.0,-0.001174287151252715,0.0,-0.00043977378136639755,-0.0022264999052641708,0.0,0.04213306428189552
W_N_0099,39,19,0,0.0,0.0,0.04741007693940617,0.0009973504046374264,0.0,0.0,0.0,0.0,0.0017137937381067182,0.0,0.0,0.0,0.0,0.0,-0.0017989075976038496,0.0,-0.00043977378136639755,-0.0027598980276173687,0.0,0.0451226416755627
W_F_0027,2,16,1,0.0,0.0,0.047194785159054425,0.0014976350176405253,0.0,0.0,0.0,0.0,0.0014385752323179976,0.0,0.0,0.0,0.0,0.0,0.016956911091633078,0.0,0.004804837645520473,0.04272229723722423,0.0,0.11461504138339074
W_F_0027,2,26,1,0.0,0.0,0.047651442703700704,0.0039156086378605145,0.0,0.0,0.0,0.0,0.0014385752323179976,0.0,0.0,0.0,0.0,0.0,0.01721523238702943,0.0,0.004804837645520473,0.03557693928794338,0.0,0.1106026358943725
W_F_0027,4,30,0,0.0,0.0,0.06825198189782225,0.0017405316134525958,0.0,0.0,0.0,0.0,0.0005441733541216158,0.0,0.0,0.0,0.0,0.0,0.008392935382564234,0.0,0.004804837645520473,0.018315564583809483,0.0,0.10205002447729065
W_F_0027,5,27,0,0.0,0.0,0.06443817932655962,0.0032643979970810475,0.0,0.0,0.0,0.0,0.0014385752323179976,0.0,0.0,0.0,0.0,0.0,0.0002336973033437815,0.0,0.004804837645520473,-0.0038610669319519998,0.0,0.07031862057287093
W_F_0027,6,16,0,0.0,0.0,0.04705021506455532,0.0027375469539333763,0.0,0.0,0.0,0.0,-0.0002519490523300968,0.0,0.0,0.0,0.0,0.0,-0.002646444249248697,0.0,0.004804837645520473,-0.0025767940919360567,0.0,0.049117412270494314
W_F_0027,8,19,0,0.0,0.0,0.006242156963589843,0.000834467436916513,0.0,0.0,0.0,0.0,-0.00044805419720113924,0.0,0.0,0.0,0.0,0.0,-0.0022272005990664236,0.0,-0.0008476465973358216,-0.00481863121540319,0.0,-0.0012649082085002187
W_F_0027,8,20,0,0.0,0.0,-0.005854500561853896,0.0013534587429208445,0.0,0.0,0.0,0.0,-0.0002497657574530816,0.0,0.0,0.0,0.0,0.0,-0.002861215851116216,0.0,-0.0008476465973358216,-0.004350847936492798,0.0,-0.012810517961330968
W_F_0027,9,20,1,0.0,0.0,-0.004608154507102348,0.0014359382380445028,0.0,0.0,0.0,0.0,-0.00044805419720113924,0.0,0.0,0.0,0.0,0.0,-0.0019314246320229647,0.0,-0.0008476465973358216,-0.003010097165215647,0.0,-0.009409438860833418
W_F_0027,10,11,1,0.0,0.0,0.03161254771855905,0.0019066412138969192,0.0,0.0,0.0,0.0,-0.0002497657574530816,0.0,0.0,0.0,0.0,0.0,-0.0020000464369729137,0.0,0.004804837645520473,-0.0029162097739867335,0.0,0.03315800460956372
W_F_0027,11,11,1,0.0,0.0,0.0031002502359886775,0.0008531350821003867,0.0,0.0,0.0,0.0,-0.0002497657574530816,0.0,0.0,0.0,0.0,0.0,-0.0019837273711645932,0.0,-0.0008476465973358216,-0.002988839296421851,0.0,-0.0021165937042862833
W_F_0027,12,11,1,0.0,0.0,0.0023298605603565333,0.0027375469539333763,0.0,0.0,0.0,0.0,-0.0002519490523300968,0.0,0.0,0.0,0.0,0.0,-0.0015926081783015982,0.0,-0.0008476465973358216,-0.0029406618704377182,0.0,-0.0005654581841153246
W_F_0027,12,32,1,0.0,0.0,0.020168072505704307,0.001357036609280063,0.0,0.0,0.0,0.0,-0.00044805419720113924,0.0,0.0,0.0,0.0,0.0,0.02676271676100562,0.0,0.004804837645520473,0.029887101911811084,0.0,0.08253171123612041
W_F_0027,14,3,0,0.0,0.0,0.03548079193022858,0.0020654274260578586,0.0,0.0,0.0,0.0,0.000808937107948482,0.0,0.0,0.0,0.0,0.0,-0.011603675142406187,0.0,0.004804837645520473,0.05531453530349582,0.0,0.08687085427084501
W_F_0027,14,22,0,0.0,0.0,-0.031130787421473776,0.001078743146696333,0.0,0.0,0.0,0.0,-0.00044805419720113924,0.0,0.0,0.0,0.0,0.0,0.016033129317732545,0.0,0.004804837645520473,-0.006440753107502538,0.0,-0.016102884616228105
W_F_0027,15,14,0,0.0,0.0,-0.030272649391683597,0.0017875046898403449,0.0,0.0,0.0,0.0,-0.00044805419720113924,0.0,0.0,0.0,0.0,0.0,-0.0029557576377131196,0.0,-0.0008476465973358216,-0.005329606179477305,0.0,-0.038066209313570645
W_F_0027,16,13,0,0.0,0.0,-0.020626484665186042,0.004145806180979349,0.0,0.0,0.0,0.0,-0.00044805419720113924,0.0,0.0,0.0,0.0,0.0,-0.0020137204150436614,0.0,-0.0008476465973358216,-0.004182027676757527,0.0,-0.023972127370544844
W_F_0027,16,16,1,0.0,0.0,-0.04779029359634413,0.001708933700743675,0.0,0.0,0.0,0.0,-0.00044805419720113924,0.0,0.0,0.0,0.0,0.0,-0.0006586381485225994,0.0,-0.0008476465973358216,-0.002321852273192896,0.0,-0.050357551111852916
W_F_0027,16,31,1,0.0,0.0,-0.009165931774987089,0.0013207368041890841,0.0,0.0,0.0,0.0,-0.0002519490523300968,0.0,0.0,0.0,0.0,0.0,0.00043286134642258104,0.0,0.004804837645520473,-0.0035678734789135846,0.0,-0.006427318510098631
W_F_0027,17,24,1,0.0,0.0,-0.04921233280379405,-0.0018018182449639716,0.0,0.0,0.0,0.0,-0.0002497657574530816,0.0,0.0,0.0,0.0,0.0,-0.0011025089053944505,0.0,-0.0008476465973358216,-0.0025774231394658713,0.0,-0.05579149544840724
W_F_0027,18,10,1,0.0,0.0,0.0007982177921337922,0.004255912058961052,0.0,0.0,0.0,0.0,-0.00044805419720113924,0.0,0.0,0.0,0.0,0.0,0.010152479200636827,0.0,0.004804837645520473,0.04378926943033913,0.0,0.06335266193039013
W_F_0027,19,10,0,0.0,0.0,-0.019935096629899368,0.0008601493673305745,0.0,0.0,0.0,0.0,-0.0002519490523300968,0.0,0.0,0.0,0.0,0.0,0.028245911158470978,0.0,0.004804837645520473,0.030448872008473904,0.0,0.044172724497566464
W_F_0027,19,12,1,0.0,0.0,-0.02166660899005574,0.0008773728141503985,0.0,0.0,0.0,0.0,-0.0002519490523300968,0.0,0.0,0.0,0.0,0.0,-0.0008706479449037512,0.0,0.004804837645520473,-0.0021989822457846218,0.0,-0.019305977773403336
W_F_0027,19,26,0,0.0,0.0,-0.08220910018441353,-0.002023752450310839,0.0,0.0,0.0,0.0,-0.00044805419720113924,0.0,0.0,0.0,0.0,0.0,-0.002092504281613271,0.0,-0.0008476465973358216,-0.0046175798140650065,0.0,-0.0922386375249396
W_F_0027,19,32,0,0.0,0.0,-0.0013237688472042624,0.0014400179976962427,0.0,0.0,0.0,0.0,-0.00044805419720113924,0.0,0.0,0.0,0.0,0.0,-0.0034614810241843583,0.0,0.004804837645520473,-0.00238823546615556,0.0,-0.001376683891528604
W_F_0027,20,10,1,0.0,0.0,-0.01799870744911887,0.0009311779013120089,0.0,0.0,0.0,0.0,-0.0002497657574530816,0.0,0.0,0.0,0.0,0.0,-0.002645640352630016,0.0,0.004804837645520473,0.013409354160323824,0.0,-0.001748743852045662
W_F_0027,20,38,0,0.0,0.0,0.05423666533204719,0.0026891131509744213,0.0,0.0,0.0,0.0,0.000808937107948482,0.0,0.0,0.0,0.0,0.0,0.02069344035573226,0.0,0.004804837645520473,0.04371256962589023,0.0,0.12694556321811307
W_F_0027,21,31,1,0.0,0.0,-0.013567086350858758,0.004249560484037066,0.0,0.0,0.0,0.0,-0.00044805419720113924,0.0,0.0,0.0,0.0,0.0,-0.0022188314430284916,0.0,-0.0008476465973358216,-0.004823388603909905,0.0,-0.017655446708297048
W_F_0027,22,3,1,0.0,0.0,0.04878782302532274,0.0009101046473858558,0.0,0.0,0.0,0.0,0.0014385752323179976,0.0,0.0,0.0,0.0,0.0,0.014151672748574828,0.0,0.004804837645520473,-0.0017484319291345865,0.0,0.0683445813699873
W_F_0027,22,15,1,0.0,0.0,-0.0556760544007698,-0.011378892311460146,0.0,0.0,0.0,0.0,-0.0002519490523300968,0.0,0.0,0.0,0.0,0.0,-0.00028499954607244846,0.0,-0.0008476465973358216,-0.0029621004228483046,0.0,-0.07140164233081663
W_F_0027,22,17,1,0.0,0.0,-0.044627076339982905,-0.005910758241492431,0.0,0.0,0.0,0.0,-0.0002519490523300968,0.0,0.0,0.0,0.0,0.0,0.0009512013848222488,0.0,-0.0008476465973358216,-0.001964298995759683,0.0,-0.052650527842078694
W_F_0027,23,4,0,0.0,0.0,0.03364589376375593,0.000907981510010214,0.0,0.0,0.0,0.0,0.0014385752323179976,0.0,0.0,0.0,0.0,0.0,-0.004533658818561533,0.0,0.004804837645520473,0.029277078951254226,0.0,0.06554070828429731
W_F_0027,24,2,0,0.0,0.0,0.053399029509265124,0.0014641736954989569,0.0,0.0,0.0,0.0,0.000808937107948482,0.0,0.0,0.0,0.0,0.0,-0.0011780268807804455,0.0,-0.0008476465973358216,-0.0027110824562162988,0.0,0.050935384378379994
W_F_0027,24,26,1,0.0,0.0,-0.044581326831647575,-0.0049718666628695805,0.0,0.0,0.0,0.0,-0.0001694865515836404,0.0,0.0,0.0,0.0,0.0,-0.0004510395356794329,0.0,-0.0008476465973358216,-0.0025224627608969367,0.0,-0.05354382894001299
W_F_0027,25,13,1,0.0,0.0,-0.06644584210474574,-0.007180572803835095,0.0,0.0,0.0,0.0,-0.0002519490523300968,0.0,0.0,0.0,0.0,0.0,-0.0002987950591436548,0.0,-0.0008476465973358216,-0.003012129161173791,0.0,-0.0780369347785642
W_F_0027,25,17,1,0.0,0.0,-0.06336139076742077,-0.017844528382338076,0.0,0.0,0.0,0.0,-0.0002519490523300968,0.0,0.0,0.0,0.0,0.0,-0.0023171679765236403,0.0,-0.0008476465973358216,-0.00439956898680471,0.0,-0.08902225176275312
W_F_0027,25,32,1,0.0,0.0,-0.012078705606178103,0.0016730220423857266,0.0,0.0,0.0,0.0,-0.0002519490523300968,0.0,0.0,0.0,0.0,0.0,-0.0012983900626009335,0.0,-0.0008476465973358216,-0.005970574970107514,0.0,-0.018774244246166742
W_F_0027,26,2,0,0.0,0.0,0.06056319679179531,0.0022153616853027775,0.0,0.0,0.0,0.0,0.000808937107948482,0.0,0.0,0.0,0.0,0.0,0.0012476022302944571,0.0,0.004804837645520473,-0.005016596310656079,0.0,0.0646233391502054
W_F_0027,26,8,1,0.0,0.0,-0.00723736947014819,0.0007803768563115718,0.0,0.0,0.0,0.0,-0.00044805419720113924,0.0,0.0,0.0,0.0,0.0,-0.0033221443400912685,0.0,-0.0008476465973358216,-0.0020449074994851133,0.0,-0.013119745247949961
W_F_0027,28,18,1,0.0,0.0,-0.08148613751129749,-0.019039602446727442,0.0,0.0,0.0,0.0,-0.0001694865515836404,0.0,0.0,0.0,0.0,0.0,-0.0015158884941335502,0.0,-0.0008476465973358216,-0.003507225219962504,0.0,-0.10656598682104046
W_F_0027,29,10,0,0.0,0.0,-0.019744229506442983,0.0042532921133695625,0.0,0.0,0.0,0.0,-0.00044805419720113924,0.0,0.0,0.0,0.0,0.0,-0.0025481835417213382,0.0,-0.0008476465973358216,-0.004085259666179658,0.0,-0.023420081395511376
W_F_0027,31,1,1,0.0,0.0,0.033692309473071315,0.0015480099316764393,0.0,0.0,0.0,0.0,0.0005441733541216158,0.0,0.0,0.0,0.0,0.0,0.01587688164666516,0.0,0.004804837645520473,0.05612086967467682,0.0,0.11258708172573183
W_F_0027,33,33,1,0.0,0.0,-0.0015515490779771355,0.0043736160928216404,0.0,0.0,0.0,0.0,-0.0001694865515836404,0.0,0.0,0.0,0.0,0.0,-0.0009789422905764585,0.0,-0.0008476465973358216,-0.0024758632012729944,0.0,-0.0016498716259244098
W_F_0027,34,22,0,0.0,0.0,-0.06780665287910424,-0.015211826012699653,0.0,0.0,0.0,0.0,-0.0001694865515836404,0.0,0.0,0.0,0.0,0.0,-0.0007912107792992752,0.0,-0.0008476465973358216,-0.003668312961601326,0.0,-0.08849513578162396
W_F_0027,34,30,0,0.0,0.0,-0.03391783527539086,0.0029840814429681504,0.0,0.0,0.0,0.0,-0.00044805419720113924,0.0,0.0,0.0,0.0,0.0,0.0006024736662543402,0.0,-0.0008476465973358216,-0.002865439847191178,0.0,-0.03449242080789651
W_F_0027,35,23,1,0.0,0.0,-0.04616209141552256,-0.021566602310293108,0.0,0.0,0.0,0.0,-0.0011262628290131683,0.0,0.0,0.0,0.0,0.0,-0.0012622615875729464,0.0,-0.0008476465973358216,-0.003847313943613478,0.0,-0.07481217868335109
W_F_0027,35,36,1,0.0,0.0,0.062239565057376094,0.004993381031626003,0.0,0.0,0.0,0.0,0.0008019271659491864,0.0,0.0,0.0,0.0,0.0,-0.0019726505398758283,0.0,-0.0008476465973358216,-0.004422980370224987,0.0,0.060791595747514644
W_F_0027,36,3,1,0.0,0.0,0.037276172292901144,0.0019381447056294983,0.0,0.0,0.0,0.0,0.0014385752323179976,0.0,0.0,0.0,0.0,0.0,-0.003079387100665126,0.0,-0.0008476465973358216,-0.004205484790107503,0.0,0.03252037374274019
W_F_0027,36,6,1,0.0,0.0,0.021586586586207605,0.0014883261686579744,0.0,0.0,0.0,0.0,-0.0002519490523300968,0.0,0.0,0.0,0.0,0.0,-0.0003189127659232741,0.0,-0.0008476465973358216,-0.001836359990895189,0.0,0.0198200443483812
W_F_0027,36,39,1,0.0,0.0,0.030149615951695387,0.0015413374777674376,0.0,0.0,0.0,0.0,0.0008019271659491864,0.0,0.0,0.0,0.0,0.0,0.004645851238607678,0.0,-0.0008476465973358216,-0.0014547796279979499,0.0,0.034836305608685926
W_F_0027,37,21,0,0.0,0.0,-0.06303109495260387,-0.005287682152497887,0.0,0.0,0.0,0.0,-0.00044805419720113924,0.0,0.0,0.0,0.0,0.0,-0.0018557935075596522,0.0,-0.0008476465973358216,-0.003769995167109909,0.0,-0.07524026657430828
W_F_0027,37,27,1,0.0,0.0,-0.05717416905632859,0.001696961180183447,0.0,0.0,0.0,0.0,-0.00044805419720113924,0.0,0.0,0.0,0.0,0.0,-0.0004771502968777715,0.0,-0.0008476465973358216,-0.004865315093411255,0.0,-0.06211537406097113
W_F_0027,38,9,1,0.0,0.0,0.0027996047273989104,0.003975263084009996,0.0,0.0,0.0,0.0,-0.00044805419720113924,0.0,0.0,0.0,0.0,0.0,-0.002173439158581594,0.0,-0.0008476465973358216,-0.0033690992388849595,0.0,-6.337138059460835e-05
W_F_0027,38,13,1,0.0,0.0,-0.02980017178262781,0.001801932910558582,0.0,0.0,0.0,0.0,-0.00044805419720113924,0.0,0.0,0.0,0.0,0.0,-0.0012932800827594204,0.0,-0.0008476465973358216,-0.0024725875685527553,0.0,-0.03305980731791837
W_F_0027,38,22,1,0.0,0.0,-0.06974690433628006,-0.0023674026008670018,0.0,0.0,0.0,0.0,-0.0001694865515836404,0.0,0.0,0.0,0.0,0.0,-0.0002694222565422437,0.0,-0.0008476465973358216,-0.003047200940139621,0.0,-0.07644806328274838
W_F_0027,39,11,0,0.0,0.0,0.0004802361891981944,0.002916817349788022,0.0,0.0,0.0,0.0,-0.00044805419720113924,0.0,0.0,0.0,0.0,0.0,-0.002548084346604385,0.0,-0.0008476465973358216,-0.002822734349247408,0.0,-0.003269465951402537
W_F_0027,41,10,1,0.0,0.0,0.0020779144632265207,0.0017065180339042266,0.0,0.0,0.0,0.0,-0.0002497657574530816,0.0,0.0,0.0,0.0,0.0,-0.004185310896990029,0.0,-0.0008476465973358216,-0.004719308943456547,0.0,-0.006217599698104732
W_F_0027,41,34,1,0.0,0.0,0.03591878134644833,0.0015974749673450164,0.0,0.0,0.0,0.0,-0.0002519490523300968,0.0,0.0,0.0,0.0,0.0,-0.0020321266544617318,0.0,-0.0008476465973358216,-0.001997040077231777,0.0,0.032387493932433925
W_F_0027,43,6,1,0.0,0.0,0.06461878174340097,0.0038724427345412015,0.0,0.0,0.0,0.0,-0.00044805419720113924,0.0,0.0,0.0,0.0,0.0,-0.0055470239337516315,0.0,-0.0008476465973358216,-0.004245830011455075,0.0,0.057402669738198506
W_F_0027,44,4,1,0.0,0.0,0.06241598453078018,0.0036570217970901984,0.0,0.0,0.0,0.0,0.000808937107948482,0.0,0.0,0.0,0.0,0.0,-0.0008607869074370639,0.0,-0.0008476465973358216,-0.0032496976060015035,0.0,0.061923812325044465
W_F_0027,46,5,1,0.0,0.0,0.05555465941239051,0.004163328933340799,0.0,0.0,0.0,0.0,0.000808937107948482,0.0,0.0,0.0,0.0,0.0,0.000711341017033206,0.0,-0.0008476465973358216,-0.003080171436374691,0.0,0.05731044843700248
W_F_0027,48,23,1,0.0,0.0,0.017438061192979193,0.002557817187630284,0.0,0.0,0.0,0.0,-0.0001694865515836404,0.0,0.0,0.0,0.0,0.0,-0.0018462522717795633,0.0,-0.0008476465973358216,-0.002194254466115642,0.0,0.01493823849379481
W_F_0027,50,27,1,0.0,0.0,0.05412827529085172,0.0006760034250685222,0.0,0.0,0.0,0.0,0.003616111222748803,0.0,0.0,0.0,0.0,0.0,-0.0020729478754322986,0.0,0.004804837645520473,-0.002943524913257562,0.0,0.05820875479549966
W_F_0027,50,32,1,0.0,0.0,0.059831385414472735,0.0017467450767372932,0.0,0.0,0.0,0.0,0.0014385752323179976,0.0,0.0,0.0,0.0,0.0,-0.002135706023613566,0.0,0.004804837645520473,0.04738928482300852,0.0,0.11307512216844345
W_F_0027,51,11,0,0.0,0.0,0.06318774860619417,0.001772035105185175,0.0,0.0,0.0,0.0,0.0008019271659491864,0.0,0.0,0.0,0.0,0.0,0.0023313301856118024,0.0,0.004804837645520473,-0.0010214061510262769,0.0,0.07187647255743453
W_F_0027,51,28,0,0.0,0.0,0.04742914308916606,0.004136663723540848,0.0,0.0,0.0,0.0,0.000808937107948482,0.0,0.0,0.0,0.0,0.0,0.014877680107215949,0.0,0.004804837645520473,0.029805120639422707,0.0,0.10186238231281453
W_F_0027,52,12,1,0.0,0.0,0.05746712832017457,0.0016200393153099101,0.0,0.0,0.0,0.0,0.0008019271659491864,0.0,0.0,0.0,0.0,0.0,-0.001985892462908918,0.0,0.004804837645520473,0.022525378791093016,0.0,0.08523341877513824
W_F_0027,52,14,1,0.0,0.0,0.039673153386911304,0.00151233988037706,0.0,0.0,0.0,0.0,0.003616111222748803,0.0,0.0,0.0,0.0,0.0,-0.0011960632260507825,0.0,0.004804837645520473,-0.001127088260908583,0.0,0.04728329064859828
W_F_0027,52,15,0,0.0,0.0,0.05196409968259818,0.0017590649886085694,0.0,0.0,0.0,0.0,0.0014385752323179976,0.0,0.0,0.0,0.0,0.0,-0.0012533188508981128,0.0,-0.0008476465973358216,-0.004380395859239662,0.0,0.04868037859605115
W_F_0027,54,25,0,0.0,0.0,0.04657955857094522,0.0029085216783065215,0.0,0.0,0.0,0.0,0.0014385752323179976,0.0,0.0,0.0,0.0,0.0,0.02198813766648013,0.0,-0.0008476465973358216,-0.0020837850558564565,0.0,0.06998336149485758
W_N_0073,1,12,1,0.0,0.0,0.027538589185418166,0.001183570261097119,0.0,0.0,0.0,0.0,0.0014385752323179976,0.0,0.0,0.0,0.0,0.0,0.01837493731289548,0.0,0.0014535516329185,0.01240980367496437,0.0,0.06239902729961164
W_N_0073,2,6,0,0.0,0.0,0.03387434340200811,0.00431013311860652,0.0,0.0,0.0,0.0,0.0014385752323179976,0.0,0.0,0.0,0.0,0.0,-0.0010010278764077333,0.0,-0.0002564286634833484,-0.003449387417636802,0.0,0.03491620779540475
W_N_0073,3,10,1,0.0,0.0,0.03920320349220041,0.0021715044119745134,0.0,0.0,0.0,0.0,0.0008019271659491864,0.0,0.0,0.0,0.0,0.0,-0.002375700007635807,0.0,0.0014535516329185,-0.0037044575586399693,0.0,0.03755002913676683
W_N_0073,3,11,1,0.0,0.0,0.012970281772133998,0.0007374221213639154,0.0,0.0,0.0,0.0,0.0014385752323179976,0.0,0.0,0.0,0.0,0.0,-0.0009450219595028588,0.0,0.0014535516329185,0.019312929521447794,0.0,0.03496773832067934
W_N_0073,3,13,1,0.0,0.0,0.016256616599184315,0.0022799506473551788,0.0,0.0,0.0,0.0,0.0008019271659491864,0.0,0.0,0.0,0.0,0.0,-0.001966929324374183,0.0,0.0014535516329185,0.022675758183595893,0.0,0.04150087490462889
W_N_0073,3,14,1,0.0,0.0,0.011635525778298133,0.0045394127962837235,0.0,0.0,0.0,0.0,0.0014385752323179976,0.0,0.0,0.0,0.0,0.0,0.019397336617473955,0.0,0.0014535516329185,-0.0015508672169355165,0.0,0.036913534840356796
W_N_0073,3,15,1,0.0,0.0,0.02382675057986145,0.0008381864301221496,0.0,0.0,0.0,0.0,0.0008019271659491864,0.0,0.0,0.0,0.0,0.0,-0.0009025414133963084,0.0,0.0014535516329185,-0.002487159531138955,0.0,0.023530714864316023
W_N_0073,3,19,0,0.0,0.0,0.041383296523514225,0.0022490936435301946,0.0,0.0,0.0,0.0,0.0005441733541216158,0.0,0.0,0.0,0.0,0.0,-0.0017620462738574781,0.0,-0.0002564286634833484,-0.002757114524092351,0.0,0.03940097405973286
W_N_0073,4,9,1,0.0,0.0,0.00961671752342472,0.0013129495035643893,0.0,0.0,0.0,0.0,0.0008019271659491864,0.0,0.0,0.0,0.0,0.0,-0.00263907494759767,0.0,-0.0002564286634833484,-0.004557228955995981,0.0,0.004278861625861296
W_N_0073,4,10,0,0.0,0.0,-0.0017845992849699036,0.003934941802880935,0.0,0.0,0.0,0.0,0.003616111222748803,0.0,0.0,0.0,0.0,0.0,-0.0003558232485951102,0.0,-0.0002564286634833484,-0.003050159797999187,0.0,0.002104042030582189
W_N_0073,5,8,0,0.0,0.0,-0.022045952400040748,0.001676877033744093,0.0,0.0,0.0,0.0,0.0014385752323179976,0.0,0.0,0.0,0.0,0.0,-0.0013524743264340525,0.0,-0.0002564286634833484,-0.0038881952781606188,0.0,-0.024427598402056674
W_N_0073,5,9,1,0.0,0.0,0.0011379846740208679,0.0030310919671863033,0.0,0.0,0.0,0.0,0.0008019271659491864,0.0,0.0,0.0,0.0,0.0,-0.002182168231103042,0.0,-0.0002564286634833484,-0.0031724008624274286,0.0,-0.0006399939498574611
W_N_0073,5,10,0,0.0,0.0,0.0027116025418595794,0.0036439652841691477,0.0,0.0,0.0,0.0,0.0014385752323179976,0.0,0.0,0.0,0.0,0.0,-8.806828252771621e-06,0.0,-0.0002564286634833484,-0.00285798059050202,0.0,0.004670926976108584
W_N_0073,5,18,1,0.0,0.0,0.009657840539393631,0.0024459890680539657,0.0,0.0,0.0,0.0,0.0014385752323179976,0.0,0.0,0.0,0.0,0.0,-0.0012627383880364077,0.0,0.0014535516329185,-0.004057233017139993,0.0,0.009675985067507694
W_N_0073,5,21,1,0.0,0.0,0.04937363226651813,0.0015186166004267276,0.0,0.0,0.0,0.0,0.0014385752323179976,0.0,0.0,0.0,0.0,0.0,-0.0025394090884098106,0.0,-0.0002564286634833484,-0.0032902414875025003,0.0,0.04624474485986719
W_N_0073,6,8,0,0.0,0.0,0.009201091655022644,0.0011991608177249087,0.0,0.0,0.0,0.0,-0.0002497657574530816,0.0,0.0,0.0,0.0,0.0,-0.0007418031725171656,0.0,-0.0002564286634833484,-0.00501040539051006,0.0,0.004141849488783896
W_N_0073,6,21,0,0.0,0.0,0.05420671934560744,0.0009028629848755884,0.0,0.0,0.0,0.0,0.0014385752323179976,0.0,0.0,0.0,0.0,0.0,-0.0014286274496024885,0.0,-0.0002564286634833484,-0.0037253999607702224,0.0,0.05113770148894496
W_N_0073,7,7,1,0.0,0.0,-0.023916613585483634,0.003434345066088632,0.0,0.0,0.0,0.0,-0.0002497657574530816,0.0,0.0,0.0,0.0,0.0,-0.0023518105959638063,0.0,-0.0002564286634833484,-0.0038347958330606255,0.0,-0.02717506936935586
W_N_0073,7,8,1,0.0,0.0,-0.022183564085898402,0.0020943999429990194,0.0,0.0,0.0,0.0,-0.0002497657574530816,0.0,0.0,0.0,0.0,0.0,-0.0013750937207168367,0.0,-0.0002564286634833484,-0.006312143043339025,0.0,-0.028282595327891676
W_N_0073,7,21,1,0.0,0.0,0.047967328549027945,0.0016202627446019631,0.0,0.0,0.0,0.0,0.0016516546796368564,0.0,0.0,0.0,0.0,0.0,-0.001254164425487669,0.0,-0.0002564286634833484,-0.0029981018087269994,0.0,0.04673055107556875
W_N_0073,8,1,0,0.0,0.0,0.04955837182709274,0.0045776226812845495,0.0,0.0,0.0,0.0,0.0005441733541216158,0.0,0.0,0.0,0.0,0.0,-0.003097165581187819,0.0,-0.0002564286634833484,-0.004148222824824748,0.0,0.04717835079300299
W_N_0073,9,4,1,0.0,0.0,0.009159971597125324,0.004548949072161073,0.0,0.0,0.0,0.0,0.000808937107948482,0.0,0.0,0.0,0.0,0.0,-0.000700945534469103,0.0,-0.0002564286634833484,-0.0032337616374015,0.0,0.01032672194188093
W_N_0073,9,17,1,0.0,0.0,-0.03830543480465134,0.0027375469539333763,0.0,0.0,0.0,0.0,-0.0002497657574530816,0.0,0.0,0.0,0.0,0.0,0.0009639229431322777,0.0,-0.0002564286634833484,-0.002183144025676294,0.0,-0.0372933033541984
W_N_0073,9,18,1,0.0,0.0,-0.025691885402328384,0.0029165364292451615,0.0,0.0,0.0,0.0,-0.0001694865515836404,0.0,0.0,0.0,0.0,0.0,-0.0018066186382204987,0.0,-0.0002564286634833484,-0.0041436524285710895,0.0,-0.0291515352549418
W_N_0073,10,2,1,0.0,0.0,0.05424920453228287,0.0008747950214746924,0.0,0.0,0.0,0.0,0.0008019271659491864,0.0,0.0,0.0,0.0,0.0,-0.0016186437074866744,0.0,-0.0002564286634833484,-0.0029993232369664815,0.0,0.05105153111177025
W_N_0073,10,15,0,0.0,0.0,-0.08433403463325195,-0.006491799955485435,0.0,0.0,0.0,0.0,-0.00044805419720113924,0.0,0.0,0.0,0.0,0.0,-0.003185224327339243,0.0,-0.0002564286634833484,-0.0035400224421031183,0.0,-0.09825556421886424
W_N_0073,11,6,1,0.0,0.0,-0.02674025480905262,0.0020697327571643606,0.0,0.0,0.0,0.0,-0.00044805419720113924,0.0,0.0,0.0,0.0,0.0,0.0003968620806726953,0.0,-0.0002564286634833484,-0.004993900454499126,0.0,-0.02997204328639918
W_N_0073,11,17,0,0.0,0.0,-0.06287343925253287,-0.004007108564813134,0.0,0.0,0.0,0.0,-0.00044805419720113924,0.0,0.0,0.0,0.0,0.0,-0.003037205494228007,0.0,-0.0002564286634833484,-0.003407741848986874,0.0,-0.07402997802124538
W_N_0073,12,8,1,0.0,0.0,-0.043369363433016006,-0.005339837743411291,0.0,0.0,0.0,0.0,-0.00044805419720113924,0.0,0.0,0.0,0.0,0.0,-0.0025905255852907865,0.0,-0.0002564286634833484,-0.0016811276013399548,0.0,-0.053685337223742524
W_N_0073,13,20,0,0.0,0.0,-0.004061426618349078,0.001173544837632699,0.0,0.0,0.0,0.0,0.0014385752323179976,0.0,0.0,0.0,0.0,0.0,-0.0007666720330040779,0.0,-0.0002564286634833484,-0.002992158149588442,0.0,-0.0054645653944742495
W_N_0073,14,9,1,0.0,0.0,-0.07678051344391706,-0.007326089357779498,0.0,0.0,0.0,0.0,-0.00044805419720113924,0.0,0.0,0.0,0.0,0.0,-0.004298750601939284,0.0,-0.0002564286634833484,-0.003109861702821181,0.0,-0.09221969796714151
W_N_0073,14,18,0,0.0,0.0,-0.07453240848733475,0.0011938492059222667,0.0,0.0,0.0,0.0,-0.00044805419720113924,0.0,0.0,0.0,0.0,0.0,-0.0021084915197599322,0.0,-0.0002564286634833484,-0.0028599629690288534,0.0,-0.07901149663088576
W_N_0073,14,21,1,0.0,0.0,-0.007089328719134687,0.0014717689196020265,0.0,0.0,0.0,0.0,0.0008019271659491864,0.0,0.0,0.0,0.0,0.0,-0.0007679633804583811,0.0,0.0014535516329185,-0.004102087573174326,0.0,-0.008232131954297681
W_N_0073,14,22,1,0.0,0.0,0.037186141463624305,0.0029656345900221366,0.0,0.0,0.0,0.0,0.0014385752323179976,0.0,0.0,0.0,0.0,0.0,-0.002020425977539076,0.0,0.0014535516329185,-0.0010571452513191055,0.0,0.03996633169002475
W_N_0073,14,25,1,0.0,0.0,0.047948153128665606,0.002701302632353166,0.0,0.0,0.0,0.0,0.0014385752323179976,0.0,0.0,0.0,0.0,0.0,0.022368061498855764,0.0,-0.0002564286634833484,0.02900568466906491,0.0,0.1032053484977741
W_N_0073,15,11,0,0.0,0.0,-0.061262951005817703,-0.005881471667457538,0.0,0.0,0.0,0.0,-0.0002519490523300968,0.0,0.0,0.0,0.0,0.0,-0.0009486728049472168,0.0,0.0014535516329185,-0.0021907002666840297,0.0,-0.06908219316431807
W_N_0073,16,18,1,0.0,0.0,-0.05977765329930231,0.003190105221340266,0.0,0.0,0.0,0.0,-0.00044805419720113924,0.0,0.0,0.0,0.0,0.0,0.0011899581658888106,0.0,-0.0002564286634833484,-0.0030106869284809244,0.0,-0.05911275970123865
W_N_0073,17,4,1,0.0,0.0,0.009969524690563909,0.0025078361025614995,0.0,0.0,0.0,0.0,0.000808937107948482,0.0,0.0,0.0,0.0,0.0,-0.0041478801985234065,0.0,-0.0002564286634833484,-0.0020127601372368614,0.0,0.006869228901830277
W_N_0073,18,14,0,0.0,0.0,-0.049031103312670535,0.001529568101361074,0.0,0.0,0.0,0.0,-0.0002497657574530816,0.0,0.0,0.0,0.0,0.0,-0.00047190889191795865,0.0,0.0014535516329185,-0.0028623797217225497,0.0,-0.04963203794948454
W_N_0073,18,17,0,0.0,0.0,-0.023141900597957517,0.0018073002324005447,0.0,0.0,0.0,0.0,-0.0011262628290131683,0.0,0.0,0.0,0.0,0.0,-0.002041288804603768,0.0,0.0014535516329185,-0.002309845560916265,0.0,-0.025358445927171677
W_N_0073,19,2,1,0.0,0.0,0.021517911825670033,0.004281476207804453,0.0,0.0,0.0,0.0,0.0014385752323179976,0.0,0.0,0.0,0.0,0.0,-0.0010996122844383345,0.0,-0.0002564286634833484,-0.006250360775143962,0.0,0.01963156154272684
W_N_0073,19,8,1,0.0,0.0,-0.010221433048109112,0.0013048048419941351,0.0,0.0,0.0,0.0,-0.0001694865515836404,0.0,0.0,0.0,0.0,0.0,-0.00119498580229132,0.0,-0.0002564286634833484,-0.0027183768270282543,0.0,-0.013255906050501538
W_N_0073,19,12,1,0.0,0.0,-0.03730401619858573,0.0016025961242536761,0.0,0.0,0.0,0.0,-0.0002519490523300968,0.0,0.0,0.0,0.0,0.0,-0.0007289378144530899,0.0,0.0014535516329185,-0.003179047033340307,0.0,-0.038407802341537046
W_N_0073,21,14,1,0.0,0.0,0.005176670270075591,0.001566567031427879,0.0,0.0,0.0,0.0,0.0014385752323179976,0.0,0.0,0.0,0.0,0.0,0.007919347594623306,0.0,0.0014535516329185,-0.0028356647041471376,0.0,0.014719047057216134
W_N_0073,21,16,0,0.0,0.0,-0.010227775476877924,0.002116021319824998,0.0,0.0,0.0,0.0,0.0014385752323179976,0.0,0.0,0.0,0.0,0.0,0.033815439045621135,0.0,0.0014535516329185,0.00011141987854129806,0.0,0.028707231632346
W_N_0073,22,7,1,0.0,0.0,0.0219413912786629,0.0011094349864659793,0.0,0.0,0.0,0.0,0.0014385752323179976,0.0,0.0,0.0,0.0,0.0,-0.003035002205680806,0.0,-0.0002564286634833484,-0.0009633297317962887,0.0,0.020234640896486432
W_N_0073,22,9,0,0.0,0.0,0.0356075694306801,0.0012281138101010295,0.0,0.0,0.0,0.0,0.0014385752323179976,0.0,0.0,0.0,0.0,0.0,-0.0007732340592284642,0.0,-0.0002564286634833484,-0.0033716042207738955,0.0,0.03387299152961342
W_N_0073,22,10,0,0.0,0.0,0.03165561974710413,0.005559914316598931,0.0,0.0,0.0,0.0,0.0014385752323179976,0.0,0.0,0.0,0.0,0.0,0.027640279078195544,0.0,0.0014535516329185,-0.0015834575759257476,0.0,0.06616448243120937
W_N_0073,22,13,0,0.0,0.0,0.0235713832778051,0.0035898747035642067,0.0,0.0,0.0,0.0,0.0008019271659491864,0.0,0.0,0.0,0.0,0.0,0.022196951593171706,0.0,0.0014535516329185,0.04098284251413375,0.0,0.09259653088754244
W_N_0073,22,16,1,0.0,0.0,0.04662082234678346,0.005701706339692393,0.0,0.0,0.0,0.0,0.000808937107948482,0.0,0.0,0.0,0.0,0.0,0.009311184689557437,0.0,0.0014535516329185,0.026902048352120424,0.0,0.09079825046902071
W_N_0073,23,19,1,0.0,0.0,0.05294126628008745,0.003949471697831069,0.0,0.0,0.0,0.0,0.0014385752323179976,0.0,0.0,0.0,0.0,0.0,-0.0035519486633207036,0.0,-0.0002564286634833484,-0.0007261573119795126,0.0,0.05379477857145295
W_N_0073,24,7,0,0.0,0.0,0.04891341678750003,0.0005560688378775541,0.0,0.0,0.0,0.0,0.000808937107948482,0.0,0.0,0.0,0.0,0.0,-0.0004247439414224195,0.0,-0.0002564286634833484,0.01514015647591816,0.0,0.06473740660433845
W_N_0073,24,13,0,0.0,0.0,0.05071419548191663,0.0013203917453057151,0.0,0.0,0.0,0.0,0.0008019271659491864,0.0,0.0,0.0,0.0,0.0,0.013333271105730642,0.0,0.0014535516329185,0.04080737331931898,0.0,0.10843071045113967
W_N_0073,24,17,0,0.0,0.0,0.060028683355041745,0.004929547570236783,0.0,0.0,0.0,0.0,0.0008019271659491864,0.0,0.0,0.0,0.0,0.0,0.016579503325716925,0.0,0.0014535516329185,0.040447693854101886,0.0,0.12424090690396503
W_N_0073,24,18,0,0.0,0.0,0.040840476913144616,0.0016318382115056945,0.0,0.0,0.0,0.0,0.0008019271659491864,0.0,0.0,0.0,0.0,0.0,0.027195776719920975,0.0,-0.0002564286634833484,0.017190804677687695,0.0,0.0874043950247248
W_N_0073,25,11,0,0.0,0.0,0.04055125561151432,0.0015565086807137565,0.0,0.0,0.0,0.0,0.0014385752323179976,0.0,0.0,0.0,0.0,0.0,0.023124601174129303,0.0,-0.0002564286634833484,0.028989012013924752,0.0,0.09540352404911678
W_N_0073,25,13,0,0.0,0.0,0.025907257115543196,0.004219805654212681,0.0,0.0,0.0,0.0,0.0014385752323179976,0.0,0.0,0.0,0.0,0.0,0.01917390609485379,0.0,0.0014535516329185,0.0439550400113716,0.0,0.09614813574121776
W_N_0012,0,21,1,0.0,0.0,0.03253522950849483,0.0009979652415352135,0.0,0.0,0.0,0.0,0.000808937107948482,0.0,0.0,0.0,0.0,0.0,0.019649836476757932,0.0,-0.00020179418115306882,-0.0016500192486717448,0.0,0.05214015490491163
W_N_0012,2,16,1,0.0,0.0,0.05342055877252404,0.0016557917066518924,0.0,0.0,0.0,0.0,0.0008019271659491864,0.0,0.0,0.0,0.0,0.0,-0.003193019572427192,0.0,-0.00020179418115306882,-0.0028486140378490518,0.0,0.0496348498536958
W_N_0012,4,9,1,0.0,0.0,0.052622252369428045,0.0013217714820646933,0.0,0.0,0.0,0.0,0.0014385752323179976,0.0,0.0,0.0,0.0,0.0,-0.0011251722965043458,0.0,-0.00020179418115306882,-0.0035658299781859046,0.0,0.050489802627967414
W_N_0012,4,19,0,0.0,0.0,0.0168700762853282,0.0006614735301183878,0.0,0.0,0.0,0.0,0.0014385752323179976,0.0,0.0,0.0,0.0,0.0,-0.002280566098908984,0.0,-0.00020179418115306882,-0.004156781224754278,0.0,0.012330983542948258
W_N_0012,4,20,0,0.0,0.0,0.029994396190559946,0.0020670118076971523,0.0,0.0,0.0,0.0,0.0008019271659491864,0.0,0.0,0.0,0.0,0.0,-0.00221835823609551,0.0,-0.00020179418115306882,-0.0037411867650564146,0.0,0.026701995981901285
W_N_0012,5,24,1,0.0,0.0,0.03744542959970861,0.0012391879426219257,0.0,0.0,0.0,0.0,0.0014385752323179976,0.0,0.0,0.0,0.0,0.0,-0.001389775150650896,0.0,-0.00020179418115306882,-0.002550747060618055,0.0,0.03598087638222651
W_N_0012,7,10,1,0.0,0.0,0.004842337285227105,0.001213078080117792,0.0,0.0,0.0,0.0,-0.0001694865515836404,0.0,0.0,0.0,0.0,0.0,-0.0007690596858042357,0.0,-0.00020179418115306882,-0.0016477285501500477,0.0,0.0032673463966539046
W_N_0012,8,22,1,0.0,0.0,-0.03668090783683033,0.0010077481341706155,0.0,0.0,0.0,0.0,-0.0001694865515836404,0.0,0.0,0.0,0.0,0.0,-0.000651591985757457,0.0,-0.00020179418115306882,-0.0028854289791801265,0.0,-0.039581461400334014
W_N_0012,8,28,1,0.0,0.0,0.01641673191827755,0.003879257502895276,0.0,0.0,0.0,0.0,-0.0002497657574530816,0.0,0.0,0.0,0.0,0.0,-0.0010683649138170097,0.0,-0.00020179418115306882,-0.0016054561225911847,0.0,0.01717060844615848
W_N_0012,9,25,0,0.0,0.0,0.005172347844115167,0.0014152950100271519,0.0,0.0,0.0,0.0,-0.00044805419720113924,0.0,0.0,0.0,0.0,0.0,-0.0025872210169539515,0.0,-0.00020179418115306882,-0.0023250782500147155,0.0,0.0010254952088194443
W_N_0012,10,7,0,0.0,0.0,-0.003952078429503467,0.0012706181470571983,0.0,0.0,0.0,0.0,-0.00044805419720113924,0.0,0.0,0.0,0.0,0.0,-0.0037841449686217767,0.0,-0.00020179418115306882,-0.0030075117136072528,0.0,-0.010122965343029507
W_N_0012,10,32,1,0.0,0.0,0.04188031539968955,0.002636497020209156,0.0,0.0,0.0,0.0,0.000808937107948482,0.0,0.0,0.0,0.0,0.0,-0.0010628941102744124,0.0,-0.00020179418115306882,-0.0034659340659279466,0.0,0.040595127170491754
W_N_0012,12,2,0,0.0,0.0,0.07146642326977383,0.0011091357383585755,0.0,0.0,0.0,0.0,0.0014385752323179976,0.0,0.0,0.0,0.0,0.0,-0.0012562588082262365,0.0,-0.00020179418115306882,-0.0032192505384186004,0.0,0.06933683071265251
W_N_0012,12,7,0,0.0,0.0,-0.004888455675571502,0.0020642412147467283,0.0,0.0,0.0,0.0,-0.00044805419720113924,0.0,0.0,0.0,0.0,0.0,-0.0029186263807496537,0.0,-0.00020179418115306882,-0.0017379603013205347,0.0,-0.00813064952124917
W_N_0012,12,24,0,0.0,0.0,-0.046752173700211966,-0.007414607849231169,0.0,0.0,0.0,0.0,-0.00044805419720113924,0.0,0.0,0.0,0.0,0.0,0.0013119590323863591,0.0,-0.00020179418115306882,-0.002262729084409108,0.0,-0.055767399979820095
W_N_0012,13,4,0,0.0,0.0,0.055807306045124856,0.0017573900376045184,0.0,0.0,0.0,0.0,0.000808937107948482,0.0,0.0,0.0,0.0,0.0,-0.0012838637631296791,0.0,-0.00020179418115306882,-0.004273081955589969,0.0,0.05261489329080514
W_N_0012,13,7,0,0.0,0.0,-0.004967838408651583,0.0028000939293451746,0.0,0.0,0.0,0.0,-0.0002519490523300968,0.0,0.0,0.0,0.0,0.0,-0.002335251298515993,0.0,-0.00020179418115306882,-0.0018497295771605035,0.0,-0.0068064685884660706
W_N_0012,13,25,1,0.0,0.0,-0.06653972535119788,-0.0054040631738756315,0.0,0.0,0.0,0.0,-0.0002497657574530816,0.0,0.0,0.0,0.0,0.0,-0.0014128409038405966,0.0,-0.00020179418115306882,-0.0014583261417114109,0.0,-0.07526651550923169
W_N_0012,14,13,1,0.0,0.0,-0.0475079414271331,-0.023143757530627737,0.0,0.0,0.0,0.0,-0.0002519490523300968,0.0,0.0,0.0,0.0,0.0,-0.0013815658416256149,0.0,-0.00020179418115306882,-0.0029986557647571554,0.0,-0.07548566379762676
W_N_0012,14,26,0,0.0,0.0,-0.06266344864642714,0.004317913417466917,0.0,0.0,0.0,0.0,-0.00044805419720113924,0.0,0.0,0.0,0.0,0.0,-0.0011032100173746942,0.0,-0.00020179418115306882,-0.0039041576830334194,0.0,-0.06400275130772255
W_N_0012,14,32,1,0.0,0.0,0.017133563225514632,0.002634297225883091,0.0,0.0,0.0,0.0,0.000808937107948482,0.0,0.0,0.0,0.0,0.0,-0.0025881635664553064,0.0,-0.00020179418115306882,-0.002338501516999057,0.0,0.01544833829473877
W_N_0012,15,0,1,0.0,0.0,0.03741735219973561,0.0011504414365258995,0.0,0.0,0.0,0.0,0.000808937107948482,0.0,0.0,0.0,0.0,0.0,-0.0007771924628942508,0.0,-0.00020179418115306882,-0.0020164501955758814,0.0,0.03638129390458679
W_N_0012,15,11,1,0.0,0.0,-0.05410004161962295,-0.011029635550929374,0.0,0.0,0.0,0.0,-0.0002497657574530816,0.0,0.0,0.0,0.0,0.0,-0.0006745930678673726,0.0,-0.00020179418115306882,-0.0027072395789417276,0.0,-0.06896306975596758
W_N_0012,15,13,1,0.0,0.0,-0.07688886851260607,-0.017172141437741664,0.0,0.0,0.0,0.0,-0.0001694865515836404,0.0,0.0,0.0,0.0,0.0,-0.0016413291803416168,0.0,-0.00020179418115306882,-0.0022155662362293854,0.0,-0.09828918609965544
W_N_0012,15,17,1,0.0,0.0,-0.06661615445190541,-0.011048295142372894,0.0,0.0,0.0,0.0,-0.00044805419720113924,0.0,0.0,0.0,0.0,0.0,-0.00024540095122753543,0.0,-0.00020179418115306882,-0.0017434189800149252,0.0,-0.08030311790387497
W_N_0012,16,5,0,0.0,0.0,-0.024025019783689146,0.0007198887038899371,0.0,0.0,0.0,0.0,0.0014385752323179976,0.0,0.0,0.0,0.0,0.0,-0.0037920093093282347,0.0,-0.00020179418115306882,-0.00370568963619454,0.0,-0.029566048974157055
W_N_0012,16,30,0,0.0,0.0,0.0032668531509956254,0.0038733309126377786,0.0,0.0,0.0,0.0,-0.0002519490523300968,0.0,0.0,0.0,0.0,0.0,-0.0010981110730501663,0.0,-0.00020179418115306882,-0.003393789524491443,0.0,0.0021945402326086294
W_N_0012,17,3,0,0.0,0.0,0.045236589600913264,0.001377463762760885,0.0,0.0,0.0,0.0,0.0008019271659491864,0.0,0.0,0.0,0.0,0.0,-0.0004639742375461474,0.0,-0.00020179418115306882,-0.003461576102292652,0.0,0.04328863600863146
W_N_0012,17,28,1,0.0,0.0,-0.009807692269701226,0.0014509971122644042,0.0,0.0,0.0,0.0,-0.00044805419720113924,0.0,0.0,0.0,0.0,0.0,-0.0009722284713488891,0.0,-0.00020179418115306882,-0.0033682518100222386,0.0,-0.013347023817162157
W_N_0012,19,13,0,0.0,0.0,-0.093463017969334,-0.005491263307110226,0.0,0.0,0.0,0.0,-0.0002497657574530816,0.0,0.0,0.0,0.0,0.0,-0.0019945182795901126,0.0,-0.00020179418115306882,-0.0032423112322400053,0.0,-0.1046426707268805
W_N_0012,19,35,0,0.0,0.0,0.06738969037095684,0.0005742857384001492,0.0,0.0,0.0,0.0,0.0008019271659491864,0.0,0.0,0.0,0.0,0.0,-0.0024514040598210196,0.0,-0.00020179418115306882,-0.0023977536013657015,0.0,0.0637149514329664
W_N_0012,20,4,1,0.0,0.0,0.05608958840055358,0.0026730000886427394,0.0,0.0,0.0,0.0,0.000808937107948482,0.0,0.0,0.0,0.0,0.0,-0.000879488063597872,0.0,-0.00020179418115306882,-0.003091692916231182,0.0,0.05539855043616267
W_N_0012,20,16,0,0.0,0.0,-0.07398903909320632,-0.01884721180020916,0.0,0.0,0.0,0.0,-0.00044805419720113924,0.0,0.0,0.0,0.0,0.0,0.00025827097978298847,0.0,-0.00020179418115306882,-0.0032098422635954216,0.0,-0.09643767055558214
W_N_0012,21,1,0,0.0,0.0,0.06320155375965521,0.0007922224936158856,0.0,0.0,0.0,0.0,0.0014385752323179976,0.0,0.0,0.0,0.0,0.0,-0.0011556794712340695,0.0,-0.00020179418115306882,-0.004279875089920139,0.0,0.059795002743281804
W_N_0012,21,11,1,0.0,0.0,-0.03375123298311749,0.002648932253396594,0.0,0.0,0.0,0.0,-0.0001694865515836404,0.0,0.0,0.0,0.0,0.0,-0.001898873461950588,0.0,-0.00020179418115306882,-0.0016615659723946642,0.0,-0.03503402089680286
W_N_0012,22,2,1,0.0,0.0,0.018903940780618474,0.0027375469539333763,0.0,0.0,0.0,0.0,0.0014385752323179976,0.0,0.0,0.0,0.0,0.0,-0.002144398341760706,0.0,-0.00020179418115306882,-0.0034491512904465376,0.0,0.017284719153509535
W_N_0012,22,7,1,0.0,0.0,0.002037320464389105,0.0011980517946223114,0.0,0.0,0.0,0.0,-0.00044805419720113924,0.0,0.0,0.0,0.0,0.0,-0.0006311433999872846,0.0,-0.00020179418115306882,-0.002249360120674565,0.0,-0.00029497964000464163
W_N_0012,22,29,1,0.0,0.0,-0.009188874588078468,0.001507422239710675,0.0,0.0,0.0,0.0,-0.0002519490523300968,0.0,0.0,0.0,0.0,0.0,-0.0018974770689482127,0.0,-0.00020179418115306882,-0.0017339294085480384,0.0,-0.011766602059347209
W_N_0012,22,32,0,0.0,0.0,0.0383611584956989,0.0019108253250929828,0.0,0.0,0.0,0.0,0.000808937107948482,0.0,0.0,0.0,0.0,0.0,-0.0005605019056488717,0.0,-0.00020179418115306882,-0.0028882945425831898,0.0,0.03743033029935523
W_N_0012,23,7,1,0.0,0.0,-0.0032834944287245117,0.007533897534626282,0.0,0.0,0.0,0.0,-0.0002497657574530816,0.0,0.0,0.0,0.0,0.0,-0.0033692225598637446,0.0,-0.00020179418115306882,-0.0028208571383619182,0.0,-0.0023912365309300436
W_N_0012,23,17,0,0.0,0.0,-0.0598860802313303,0.0018613454012769363,0.0,0.0,0.0,0.0,-0.0002519490523300968,0.0,0.0,0.0,0.0,0.0,-0.0024830229174295578,0.0,-0.00020179418115306882,-0.0028661415370151108,0.0,-0.0638276425179812
W_N_0012,23,30,1,0.0,0.0,0.028579809894023277,0.0006597598547225148,0.0,0.0,0.0,0.0,-0.00044805419720113924,0.0,0.0,0.0,0.0,0.0,-0.001091039113758414,0.0,-0.00020179418115306882,-0.002118988984932579,0.0,0.025379693271700587
W_N_0012,24,5,1,0.0,0.0,0.05355171013980326,0.007488322698332727,0.0,0.0,0.0,0.0,0.0014385752323179976,0.0,0.0,0.0,0.0,0.0,0.0008261379669125643,0.0,-0.00020179418115306882,-0.0032310622641071136,0.0,0.05987188959210637
W_N_0012,24,15,0,0.0,0.0,-0.042215718296786484,0.0006730812193214787,0.0,0.0,0.0,0.0,-0.0002497657574530816,0.0,0.0,0.0,0.0,0.0,9.85168091680331e-05,0.0,-0.00020179418115306882,-0.005050650847975838,0.0,-0.04694633105487896
W_N_0012,25,4,1,0.0,0.0,0.048905997045733916,0.003949471697831069,0.0,0.0,0.0,0.0,0.0014385752323179976,0.0,0.0,0.0,0.0,0.0,-0.0016380324364015653,0.0,-0.00020179418115306882,-0.003185373914856307,0.0,0.04926884344347204
W_N_0012,25,10,0,0.0,0.0,-0.003808915038212928,0.0030390670273496533,0.0,0.0,0.0,0.0,-0.0002519490523300968,0.0,0.0,0.0,0.0,0.0,-0.0027422808040360666,0.0,-0.00020179418115306882,-0.0033727051825461446,0.0,-0.007338577230928652
W_N_0012,25,11,1,0.0,0.0,-0.010735529215368467,0.0073612540959998975,0.0,0.0,0.0,0.0,-0.00044805419720113924,0.0,0.0,0.0,0.0,0.0,-0.0008404427606339202,0.0,-0.00020179418115306882,-0.002426449695340379,0.0,-0.007291015953697077
W_N_0012,25,13,1,0.0,0.0,-0.011864053442914694,0.0012701942083749736,0.0,0.0,0.0,0.0,-0.0002497657574530816,0.0,0.0,0.0,0.0,0.0,-0.0011638736019483132,0.0,-0.00020179418115306882,-0.0018761772890995905,0.0,-0.014085470064193775
W_N_0012,25,17,0,0.0,0.0,-0.004207438058725057,0.0016072041137694748,0.0,0.0,0.0,0.0,-0.0002497657574530816,0.0,0.0,0.0,0.0,0.0,-0.00196906524330651,0.0,-0.00020179418115306882,-0.003317539880002792,0.0,-0.008338399006871035
W_N_0012,27,15,0,0.0,0.0,0.006463816746467966,0.003934941802880935,0.0,0.0,0.0,0.0,0.0014385752323179976,0.0,0.0,0.0,0.0,0.0,-0.0019475791312088284,0.0,-0.00020179418115306882,-0.0038615153862216994,0.0,0.005826445083083302
W_N_0012,28,17,1,0.0,0.0,0.007223178041523839,0.0026352629379294743,0.0,0.0,0.0,0.0,0.0008019271659491864,0.0,0.0,0.0,0.0,0.0,-0.0032008973714372137,0.0,-0.00020179418115306882,-0.002371892469213791,0.0,0.0048857841235984256
W_N_0012,28,22,0,0.0,0.0,0.028027688273720104,0.002493174548357857,0.0,0.0,0.0,0.0,0.0014385752323179976,0.0,0.0,0.0,0.0,0.0,-0.003105480835067752,0.0,-0.00020179418115306882,-0.003027575123201326,0.0,0.025624587914973813
W_N_0012,28,26,1,0.0,0.0,0.04879008512071895,0.006152624596410206,0.0,0.0,0.0,0.0,0.0008019271659491864,0.0,0.0,0.0,0.0,0.0,-0.004479577376342198,0.0,-0.00020179418115306882,-0.0035188264190362537,0.0,0.047544438906546825
W_N_0012,31,20,0,0.0,0.0,0.05885749669537528,0.0029318038301218677,0.0,0.0,0.0,0.0,0.0005441733541216158,0.0,0.0,0.0,0.0,0.0,-0.002080379066922843,0.0,-0.00020179418115306882,-0.0026895088922900545,0.0,0.0573617917392528
W_F_0010,1,34,1,0.0,0.0,0.027008095457514772,0.0011116757304260464,0.0,0.0,0.0,0.0,0.006048942376760622,0.0,0.0,0.0,0.0,0.0,0.024900994043712866,0.0,0.0014095322916578654,0.042141768020025464,0.0,0.10262100792009762
W_F_0010,2,27,1,0.0,0.0,0.031414396065036855,0.0012283212040752087,0.0,0.0,0.0,0.0,0.006048942376760622,0.0,0.0,0.0,0.0,0.0,-0.0006174867212928523,0.0,-0.00024866298072998266,-0.003878893284155723,0.0,0.03394661665969413
W_F_0010,2,33,1,0.0,0.0,0.07446318804850575,0.0014309984920090905,0.0,0.0,0.0,0.0,0.006048942376760622,0.0,0.0,0.0,0.0,0.0,-0.0023024466243291384,0.0,0.0014095322916578654,0.030545891642094404,0.0,0.1115961062266986
W_F_0010,3,29,1,0.0,0.0,0.06996292446322717,0.0012591144510591802,0.0,0.0,0.0,0.0,0.006048942376760622,0.0,0.0,0.0,0.0,0.0,-0.004735228184746848,0.0,-0.00024866298072998266,-0.004324637884596835,0.0,0.06796245224097332
W_F_0010,3,34,0,0.0,0.0,0.02586246126065969,0.0006377112171334687,0.0,0.0,0.0,0.0,0.006048942376760622,0.0,0.0,0.0,0.0,0.0,0.015353187137679199,0.0,0.0014095322916578654,0.039543580230292155,0.0,0.088855414514183
W_F_0010,3,35,0,0.0,0.0,0.07969272649466179,0.0016298140866574551,0.0,0.0,0.0,0.0,0.006048942376760622,0.0,0.0,0.0,0.0,0.0,0.04672956488260132,0.0,0.0014095322916578654,0.028668947998615378,0.0,0.16417952813095443
W_F_0010,4,20,0,0.0,0.0,0.054174703017105384,0.004733669672472215,0.0,0.0,0.0,0.0,0.006048942376760622,0.0,0.0,0.0,0.0,0.0,-0.001678667814232193,0.0,-0.00024866298072998266,0.029470744025569713,0.0,0.09250072829694575
W_F_0010,4,28,1,0.0,0.0,0.06428559832545634,0.0010621906719995532,0.0,0.0,0.0,0.0,0.0019252850363656625,0.0,0.0,0.0,0.0,0.0,-0.0009737393270590588,0.0,-0.00024866298072998266,-0.005816748236140808,0.0,0.060233923489891705
W_F_0010,5,27,1,0.0,0.0,0.05063537048427683,0.004614543341181532,0.0,0.0,0.0,0.0,0.006048942376760622,0.0,0.0,0.0,0.0,0.0,-0.0022152726779703404,0.0,-0.00024866298072998266,-0.003954874436860088,0.0,0.054880046106658587
W_F_0010,5,29,1,0.0,0.0,0.05673576001184385,0.0009961792600818075,0.0,0.0,0.0,0.0,0.006048942376760622,0.0,0.0,0.0,0.0,0.0,-0.0005931586376191686,0.0,-0.00024866298072998266,-0.0038293382074514764,0.0,0.059109721822885666
W_F_0010,5,32,0,0.0,0.0,0.05073352871220763,0.0014379768560342327,0.0,0.0,0.0,0.0,0.006048942376760622,0.0,0.0,0.0,0.0,0.0,-0.0009467337151379625,0.0,-0.00024866298072998266,-0.005446693121777298,0.0,0.05157835812735725
W_F_0010,6,18,1,0.0,0.0,0.049360497722438466,0.006021584845543506,0.0,0.0,0.0,0.0,-0.0018839849037080654,0.0,0.0,0.0,0.0,0.0,0.01612062119293614,0.0,0.0014095322916578654,0.04443975564749651,0.0,0.11546800679636443
W_F_0010,6,21,1,0.0,0.0,0.057060437408747465,0.0019027339915484549,0.0,0.0,0.0,0.0,-0.0018839849037080654,0.0,0.0,0.0,0.0,0.0,-0.003280085017951549,0.0,-0.00024866298072998266,-0.003960244243844694,0.0,0.04959019425406163
W_F_0010,6,22,0,0.0,0.0,0.06691040884491432,0.0012334263036951724,0.0,0.0,0.0,0.0,-0.0005996433290195129,0.0,0.0,0.0,0.0,0.0,-0.00036963290737398297,0.0,-0.00024866298072998266,-0.006398202531851222,0.0,0.060527693399634805
W_F_0010,6,39,1,0.0,0.0,0.02184150389013871,0.0014307296413512366,0.0,0.0,0.0,0.0,-0.0018839849037080654,0.0,0.0,0.0,0.0,0.0,0.009095138518142748,0.0,0.0014095322916578654,0.03068135334006162,0.0,0.06257427277764412
W_F_0010,7,28,1,0.0,0.0,0.016428690730476498,0.0048293502498981756,0.0,0.0,0.0,0.0,-0.006666666262799024,0.0,0.0,0.0,0.0,0.0,-0.0009966709065024999,0.0,-0.00024866298072998266,-0.003711790354848225,0.0,0.00963425047549494
W_F_0010,7,40,1,0.0,0.0,0.023115194987180888,0.0016483735873010295,0.0,0.0,0.0,0.0,-0.0018839849037080654,0.0,0.0,0.0,0.0,0.0,0.007808070513996228,0.0,0.0014095322916578654,0.04354767064223574,0.0,0.07564485711866369
W_F_0010,8,24,1,0.0,0.0,0.05471215838724544,0.007432622173679462,0.0,0.0,0.0,0.0,-0.0018839849037080654,0.0,0.0,0.0,0.0,0.0,-0.004224163195941622,0.0,-0.00024866298072998266,-0.005449439819370503,0.0,0.05033852966117473
W_F_0010,9,12,0,0.0,0.0,0.06257164426775509,0.0013819003312321159,0.0,0.0,0.0,0.0,-0.0018839849037080654,0.0,0.0,0.0,0.0,0.0,0.00744036094156776,0.0,0.0014095322916578654,0.0665142358147829,0.0,0.13743368874328765
W_F_0010,9,14,1,0.0,0.0,0.058328929409524895,0.0005250939332291374,0.0,0.0,0.0,0.0,-0.0018839849037080654,0.0,0.0,0.0,0.0,0.0,0.022709049070923686,0.0,0.0014095322916578654,0.03308401294757228,0.0,0.11417263274919981
W_F_0010,9,27,0,0.0,0.0,0.024591591834459622,0.0034037322584747056,0.0,0.0,0.0,0.0,-0.0018839849037080654,0.0,0.0,0.0,0.0,0.0,-0.0031087815469663183,0.0,-0.00024866298072998266,-0.0062945319094661585,0.0,0.016459362752063805
W_F_0010,10,28,1,0.0,0.0,0.0008035920177845429,0.006219771689936198,0.0,0.0,0.0,0.0,-0.0006073848200035545,0.0,0.0,0.0,0.0,0.0,-0.0006627279479908158,0.0,-0.00024866298072998266,-0.005948133254697219,0.0,-0.00044354529570083106
W_F_0010,10,41,1,0.0,0.0,0.0017507021785665182,0.0009607423926373478,0.0,0.0,0.0,0.0,-0.0018839849037080654,0.0,0.0,0.0,0.0,0.0,0.015384065476940774,0.0,0.0014095322916578654,0.026377552294638965,0.0,0.043998609730733405
W_F_0010,11,18,1,0.0,0.0,0.02832514953697879,0.0022766316557089944,0.0,0.0,0.0,0.0,-0.0018839849037080654,0.0,0.0,0.0,0.0,0.0,0.0037393106513361855,0.0,0.0014095322916578654,0.037357184144691774,0.0,0.07122382337666555
W_F_0010,11,29,1,0.0,0.0,-0.018546068727237956,0.000898380292689847,0.0,0.0,0.0,0.0,-0.0018839849037080654,0.0,0.0,0.0,0.0,0.0,-0.003567283637752613,0.0,-0.00024866298072998266,-0.004538695348873003,0.0,-0.02788631530561177
W_F_0010,12,37,1,0.0,0.0,-0.0050283311434937954,0.0009461735597736552,0.0,0.0,0.0,0.0,-0.0018839849037080654,0.0,0.0,0.0,0.0,0.0,-0.0007208184635377757,0.0,-0.00024866298072998266,-0.0037971294487821523,0.0,-0.010732753380478117
W_F_0010,12,38,1,0.0,0.0,-0.015241955503374746,0.0017883357671427517,0.0,0.0,0.0,0.0,-0.0018839849037080654,0.0,0.0,0.0,0.0,0.0,-0.0017477099534002965,0.0,-0.00024866298072998266,-0.006373180604286128,0.0,-0.023707158178356467
W_F_0010,13,18,1,0.0,0.0,0.052351946471658424,0.0007813815062715134,0.0,0.0,0.0,0.0,-0.0018839849037080654,0.0,0.0,0.0,0.0,0.0,0.00023981475638210496,0.0,0.0014095322916578654,0.036201260281613044,0.0,0.08909995040387489
W_F_0010,13,20,1,0.0,0.0,0.014647418470758013,0.0007912567815695023,0.0,0.0,0.0,0.0,-0.0006073848200035545,0.0,0.0,0.0,0.0,0.0,-0.0027780446350888447,0.0,-0.00024866298072998266,-0.004936795355990295,0.0,0.00686778746051484
W_F_0010,13,32,1,0.0,0.0,-0.008267552034627583,0.001858299326829602,0.0,0.0,0.0,0.0,-0.0018839849037080654,0.0,0.0,0.0,0.0,0.0,4.864961258389389e-05,0.0,-0.00024866298072998266,-0.004727621060546348,0.0,-0.013220872040198482
W_F_0010,13,40,1,0.0,0.0,-0.019027183184009578,0.0017875046898403449,0.0,0.0,0.0,0.0,-0.00159400988990309,0.0,0.0,0.0,0.0,0.0,0.00781433848369911,0.0,0.0014095322916578654,0.028618382268422143,0.0,0.019008564659706795
W_F_0010,14,27,1,0.0,0.0,-0.0028553392971441896,0.001785093736017663,0.0,0.0,0.0,0.0,-0.00031499064422325077,0.0,0.0,0.0,0.0,0.0,-0.001766759602220258,0.0,-0.00024866298072998266,-0.004363226755443001,0.0,-0.007763885543743019
W_F_0010,14,28,0,0.0,0.0,-0.012804331989971144,0.002500382172791728,0.0,0.0,0.0,0.0,-0.0018839849037080654,0.0,0.0,0.0,0.0,0.0,-0.0010287181473056129,0.0,-0.00024866298072998266,-0.006086589992394787,0.0,-0.019551905841317864
W_F_0010,14,40,0,0.0,0.0,-0.02403296927091927,0.0011337203567548446,0.0,0.0,0.0,0.0,-0.0018839849037080654,0.0,0.0,0.0,0.0,0.0,0.005231354339278177,0.0,0.0014095322916578654,0.05473171664630374,0.0,0.03658936945936729
W_F_0010,15,18,1,0.0,0.0,0.003235394757257711,0.003948330576592275,0.0,0.0,0.0,0.0,-0.0006073848200035545,0.0,0.0,0.0,0.0,0.0,0.011726328070423927,0.0,0.0014095322916578654,0.04716822352579546,0.0,0.06688042440172368
W_F_0010,15,22,1,0.0,0.0,-0.010697804310180227,0.0026207330429793402,0.0,0.0,0.0,0.0,-0.0018839849037080654,0.0,0.0,0.0,0.0,0.0,-0.0026515018653092905,0.0,-0.00024866298072998266,-0.00647636266607315,0.0,-0.019337583683021374
W_F_0010,15,33,1,0.0,0.0,-0.018865571642985066,0.0038511209170680087,0.0,0.0,0.0,0.0,-0.0006073848200035545,0.0,0.0,0.0,0.0,0.0,0.001510281633056362,0.0,-0.00024866298072998266,-0.005373230620890063,0.0,-0.019733447514484297
W_F_0010,15,37,1,0.0,0.0,-0.009200555921950127,0.004923344331611369,0.0,0.0,0.0,0.0,-0.0018839849037080654,0.0,0.0,0.0,0.0,0.0,-0.00019556860873066903,0.0,-0.00024866298072998266,-0.005456247701455907,0.0,-0.012061675784963383
W_F_0010,16,20,1,0.0,0.0,0.0048950102528000075,0.0019833760825235043,0.0,0.0,0.0,0.0,-0.0006073848200035545,0.0,0.0,0.0,0.0,0.0,0.0006126259500510078,0.0,-0.00024866298072998266,-0.005355005007902155,0.0,0.0012799594767388279
W_F_0010,16,21,1,0.0,0.0,-0.026729344846604757,0.0008879420867157527,0.0,0.0,0.0,0.0,-0.0018839849037080654,0.0,0.0,0.0,0.0,0.0,8.666893317125863e-05,0.0,-0.00024866298072998266,-0.007853116022342245,0.0,-0.03574049773349804
W_F_0010,16,29,1,0.0,0.0,-0.010228284471631932,0.0013156847672520654,0.0,0.0,0.0,0.0,-0.0018839849037080654,0.0,0.0,0.0,0.0,0.0,-0.0027256912089755124,0.0,-0.00024866298072998266,-0.006485220275276025,0.0,-0.020256159073069453
W_F_0010,16,35,1,0.0,0.0,-0.018878992054340654,0.0010201048123388676,0.0,0.0,0.0,0.0,-0.0006073848200035545,0.0,0.0,0.0,0.0,0.0,-0.0007459733411555348,0.0,-0.00024866298072998266,-0.007225704021587802,0.0,-0.026686612405478663
W_F_0010,17,12,1,0.0,0.0,0.03633640014400543,0.0014952799305487385,0.0,0.0,0.0,0.0,-0.0018839849037080654,0.0,0.0,0.0,0.0,0.0,0.017776301612739003,0.0,0.0014095322916578654,0.037645429122379725,0.0,0.09277895819762269
W_F_0010,17,19,1,0.0,0.0,-0.01885659440120145,0.0038366986795235728,0.0,0.0,0.0,0.0,-0.0018839849037080654,0.0,0.0,0.0,0.0,0.0,-0.0016554406889802654,0.0,-0.00024866298072998266,-0.006548714631320999,0.0,-0.025356698926417193
W_F_0010,17,35,1,0.0,0.0,-0.034207591189040217,0.002380336724233691,0.0,0.0,0.0,0.0,-0.0018839849037080654,0.0,0.0,0.0,0.0,0.0,-0.003103580161581913,0.0,-0.00024866298072998266,-0.005710836384428967,0.0,-0.04277431889525545
W_F_0010,17,46,1,0.0,0.0,-0.0054597223006683975,0.0022621017607588603,0.0,0.0,0.0,0.0,-0.0018839849037080654,0.0,0.0,0.0,0.0,0.0,0.04766326769470152,0.0,0.0014095322916578654,0.052328154496102106,0.0,0.09631934903884388
W_F_0010,18,20,1,0.0,0.0,-0.024357594118098916,0.0020238479235844503,0.0,0.0,0.0,0.0,-0.0018839849037080654,0.0,0.0,0.0,0.0,0.0,-0.0005217960943374812,0.0,-0.00024866298072998266,-0.0038487731145810285,0.0,-0.028836963287871022
W_F_0010,18,27,0,0.0,0.0,-0.03827141847667023,0.001258465901042164,0.0,0.0,0.0,0.0,-0.0005996433290195129,0.0,0.0,0.0,0.0,0.0,-0.0007804540747738361,0.0,-0.00024866298072998266,-0.007939240048028493,0.0,-0.04658095300817988
W_F_0010,18,31,1,0.0,0.0,-0.031796151120203515,0.003483196138684719,0.0,0.0,0.0,0.0,-0.0018839849037080654,0.0,0.0,0.0,0.0,0.0,-0.001928260865097287,0.0,-0.00024866298072998266,-0.004976203295558579,0.0,-0.037350067026612706
W_F_0010,18,36,1,0.0,0.0,-0.05631120328289592,0.0027196384318418695,0.0,0.0,0.0,0.0,-0.0018839849037080654,0.0,0.0,0.0,0.0,0.0,-0.0024796053905469795,0.0,-0.00024866298072998266,-0.005541978019080415,0.0,-0.0637457961451195
W_F_0010,18,39,1,0.0,0.0,-0.038813771473047286,0.0015354261347524936,0.0,0.0,0.0,0.0,-0.00159400988990309,0.0,0.0,0.0,0.0,0.0,-0.003486162068749913,0.0,-0.00024866298072998266,-0.003777939684755277,0.0,-0.04638511996243305
W_F_0010,18,46,0,0.0,0.0,-0.0315659171154155,0.0019662520861778382,0.0,0.0,0.0,0.0,-0.0005996433290195129,0.0,0.0,0.0,0.0,0.0,0.029811665161558403,0.0,0.0014095322916578654,0.031819397400306856,0.0,0.032841286495265944
W_F_0010,18,47,1,0.0,0.0,-0.006280123240039631,0.0007165518877308048,0.0,0.0,0.0,0.0,-0.0006073848200035545,0.0,0.0,0.0,0.0,0.0,0.015630081943384826,0.0,0.0014095322916578654,0.02826466879114292,0.0,0.03913332685387323
W_F_0010,19,12,1,0.0,0.0,0.04107701818620451,0.0028365005496393497,0.0,0.0,0.0,0.0,-0.0006073848200035545,0.0,0.0,0.0,0.0,0.0,0.01419159442253413,0.0,0.0014095322916578654,0.0326937270618919,0.0,0.0916009876919242
W_F_0010,19,22,1,0.0,0.0,-0.0032582070748962666,0.001033668995242619,0.0,0.0,0.0,0.0,-0.0006073848200035545,0.0,0.0,0.0,0.0,0.0,-0.0004419625862473182,0.0,-0.00024866298072998266,-0.005512561938655407,0.0,-0.00903511040528991
W_F_0010,19,33,1,0.0,0.0,-0.046739122033265953,0.001194359773816824,0.0,0.0,0.0,0.0,-0.0018839849037080654,0.0,0.0,0.0,0.0,0.0,-0.004743982511037336,0.0,-0.00024866298072998266,-0.00417396093041108,0.0,-0.056595353585335594
W_F_0010,19,37,1,0.0,0.0,-0.055732380757927115,0.0010618684432723564,0.0,0.0,0.0,0.0,-0.0006073848200035545,0.0,0.0,0.0,0.0,0.0,0.001555403574262913,0.0,-0.00024866298072998266,-0.005281676993529465,0.0,-0.059252833534654846
W_F_0010,19,41,1,0.0,0.0,-0.05961879908706964,0.001511720505655787,0.0,0.0,0.0,0.0,-0.0018839849037080654,0.0,0.0,0.0,0.0,0.0,0.023931571343067344,0.0,0.0014095322916578654,0.04016793451888899,0.0,0.005517974668492277
W_F_0010,20,21,1,0.0,0.0,-0.003484196494604525,0.0010837650502328643,0.0,0.0,0.0,0.0,-0.0006073848200035545,0.0,0.0,0.0,0.0,0.0,-0.0020278349772526894,0.0,-0.00024866298072998266,-0.0047588868395783916,0.0,-0.010043201061936279
W_F_0010,21,18,1,0.0,0.0,-0.008231925822329107,0.0008783701255124506,0.0,0.0,0.0,0.0,-0.0018839849037080654,0.0,0.0,0.0,0.0,0.0,8.18549148840161e-06,0.0,0.0014095322916578654,0.05239510881252706,0.0,0.04457528599514861
W_F_0010,21,20,1,0.0,0.0,-0.013927613589464883,0.0014304212643227242,0.0,0.0,0.0,0.0,-0.0018839849037080654,0.0,0.0,0.0,0.0,0.0,-0.0007320080587858595,0.0,-0.00024866298072998266,-0.004142940737445578,0.0,-0.019504789005811644
W_F_0010,22,12,1,0.0,0.0,0.02525553879089476,0.0007463402507171574,0.0,0.0,0.0,0.0,-0.0018839849037080654,0.0,0.0,0.0,0.0,0.0,-0.00389659292468052,0.0,0.0014095322916578654,0.03997391207379248,0.0,0.06160474557867368
W_F_0010,22,21,0,0.0,0.0,-0.0508346173154678,0.002665625308423259,0.0,0.0,0.0,0.0,-0.0018839849037080654,0.0,0.0,0.0,0.0,0.0,-0.0011251390469935961,0.0,-0.00024866298072998266,-0.005677666648388581,0.0,-0.05710444558686477
W_F_0010,22,41,1,0.0,0.0,-0.08255939836921314,-0.0018027839570103547,0.0,0.0,0.0,0.0,-0.0006073848200035545,0.0,0.0,0.0,0.0,0.0,0.013473158049237996,0.0,0.0014095322916578654,0.024033938859645755,0.0,-0.046052937945685414
W_F_0010,23,12,0,0.0,0.0,-0.0023036925414050267,0.0034823079605881416,0.0,0.0,0.0,0.0,-0.0018839849037080654,0.0,0.0,0.0,0.0,0.0,0.004985548935990941,0.0,0.0014095322916578654,0.032052340529283255,0.0,0.03774205227240711
W_F_0010,23,25,1,0.0,0.0,-0.07761279572845581,0.0028174948741447902,0.0,0.0,0.0,0.0,-0.0018839849037080654,0.0,0.0,0.0,0.0,0.0,-0.0008317959301561262,0.0,-0.00024866298072998266,-0.006624537486392798,0.0,-0.084384282155298
W_F_0010,24,6,1,0.0,0.0,0.05953015701218162,0.0008939915850541749,0.0,0.0,0.0,0.0,-0.0006073848200035545,0.0,0.0,0.0,0.0,0.0,0.00840069417993949,0.0,0.0014095322916578654,0.04200329468093614,0.0,0.11163028492976573
W_F_0010,24,12,1,0.0,0.0,0.008345766306073766,0.0013143907601652466,0.0,0.0,0.0,0.0,-0.0018839849037080654,0.0,0.0,0.0,0.0,0.0,0.009371674679032296,0.0,0.0014095322916578654,0.04942928467668144,0.0,0.06798666380990255
W_F_0010,24,17,1,0.0,0.0,-0.017937073558686095,0.0029368731164762982,0.0,0.0,0.0,0.0,-0.0018839849037080654,0.0,0.0,0.0,0.0,0.0,-0.0011901589266387325,0.0,0.0014095322916578654,-0.0021129069075628447,0.0,-0.018777718888461574
W_F_0010,25,22,1,0.0,0.0,-0.05393683126533131,0.003322145500870157,0.0,0.0,0.0,0.0,-0.0018839849037080654,0.0,0.0,0.0,0.0,0.0,-0.0027025828217058898,0.0,-0.00024866298072998266,-0.004653321204355841,0.0,-0.06010323767496093
W_F_0010,25,38,0,0.0,0.0,-0.08879640053736057,-0.025813508374633462,0.0,0.0,0.0,0.0,-0.0018839849037080654,0.0,0.0,0.0,0.0,0.0,-0.0029688710320509796,0.0,-0.00024866298072998266,-0.006694115931855287,0.0,-0.12640554376033836
W_F_0010,26,13,1,0.0,0.0,-0.011036138043338112,0.0017915607178977816,0.0,0.0,0.0,0.0,-0.0018839849037080654,0.0,0.0,0.0,0.0,0.0,0.01266597599248015,0.0,0.0014095322916578654,0.041422101979398065,0.0,0.04436904803438769
W_F_0010,26,38,0,0.0,0.0,-0.08334887613264927,-0.017789698142847612,0.0,0.0,0.0,0.0,-0.00031499064422325077,0.0,0.0,0.0,0.0,0.0,-0.000490249309083634,0.0,-0.00024866298072998266,-0.004075569670141611,0.0,-0.10626804687967535
W_F_0010,27,37,0,0.0,0.0,-0.09006872553958102,-0.0038351040663936126,0.0,0.0,0.0,0.0,-0.0018839849037080654,0.0,0.0,0.0,0.0,0.0,-0.0018733272000322958,0.0,-0.00024866298072998266,-0.00406009503405496,0.0,-0.10196989972449994
W_F_0010,28,30,1,0.0,0.0,-0.07072020633534654,-0.0034902307363551704,0.0,0.0,0.0,0.0,-0.0018839849037080654,0.0,0.0,0.0,0.0,0.0,-0.0025657292120536018,0.0,-0.00024866298072998266,-0.0047428471944662215,0.0,-0.08365166136265957
W_F_0010,28,43,1,0.0,0.0,-0.06610091342049841,-0.003893112864161974,0.0,0.0,0.0,0.0,-0.0018839849037080654,0.0,0.0,0.0,0.0,0.0,0.014875031041092395,0.0,0.0014095322916578654,0.04332305476059825,0.0,-0.01227039309501994
W_F_0010,28,46,0,0.0,0.0,-0.05981545794642779,-0.0032839093463788087,0.0,0.0,0.0,0.0,-0.0018839849037080654,0.0,0.0,0.0,0.0,0.0,0.01994058159462219,0.0,0.0014095322916578654,0.03713466563860529,0.0,-0.00649857267162933
W_F_0010,29,18,1,0.0,0.0,-0.020213760017092415,0.0010790578415466228,0.0,0.0,0.0,0.0,-0.0018839849037080654,0.0,0.0,0.0,0.0,0.0,-0.0012984662358474493,0.0,-0.00024866298072998266,-0.007745498972571991,0.0,-0.030311315268403284
W_F_0010,29,34,1,0.0,0.0,-0.06158525841132141,-0.019120703174673705,0.0,0.0,0.0,0.0,-0.0005996433290195129,0.0,0.0,0.0,0.0,0.0,-0.0036318840786026406,0.0,-0.00024866298072998266,-0.005593813495906393,0.0,-0.09077996547025365
W_F_0010,29,45,1,0.0,0.0,-0.06580052204094528,-0.010013270318117426,0.0,0.0,0.0,0.0,-0.0018839849037080654,0.0,0.0,0.0,0.0,0.0,0.010943800917461497,0.0,0.0014095322916578654,0.08092025652653805,0.0,0.015575812472886641
W_F_0010,30,17,1,0.0,0.0,-0.027738473806456613,0.0008832913375710855,0.0,0.0,0.0,0.0,-0.0005996433290195129,0.0,0.0,0.0,0.0,0.0,-0.003168793357600679,0.0,-0.00024866298072998266,-0.0038507790704828725,0.0,-0.03472306120671857
W_F_0010,30,41,1,0.0,0.0,-0.06448131853038247,-0.006042306713538417,0.0,0.0,0.0,0.0,-0.0018839849037080654,0.0,0.0,0.0,0.0,0.0,0.013909176749813523,0.0,0.0014095322916578654,0.05087848815709031,0.0,-0.006210412949067261
W_F_0010,30,44,1,0.0,0.0,-0.056738256120881195,-0.009067140737071915,0.0,0.0,0.0,0.0,-0.0018839849037080654,0.0,0.0,0.0,0.0,0.0,0.016990056013752287,0.0,0.0014095322916578654,0.03090803655527713,0.0,-0.018381756900973906
W_F_0010,32,12,1,0.0,0.0,-0.0036992313311550945,0.006152624596410206,0.0,0.0,0.0,0.0,-0.00031499064422325077,0.0,0.0,0.0,0.0,0.0,0.010743083075059041,0.0,0.0014095322916578654,0.033752177248539475,0.0,0.04804319523628824
W_F_0010,32,25,1,0.0,0.0,-0.06636916336944128,-0.03215655807150935,0.0,0.0,0.0,0.0,-0.0018839849037080654,0.0,0.0,0.0,0.0,0.0,-0.000724532733487729,0.0,-0.00024866298072998266,-0.004491154861684836,0.0,-0.10587405692056123
W_F_0010,34,13,1,0.0,0.0,-0.03705000686181064,0.0013363083337267143,0.0,0.0,0.0,0.0,-0.0018839849037080654,0.0,0.0,0.0,0.0,0.0,-0.0009443019986762431,0.0,0.0014095322916578654,0.030882562878634712,0.0,-0.006249890260175656
W_F_0010,34,18,1,0.0,0.0,-0.0195629235148148,0.0008895634864505169,0.0,0.0,0.0,0.0,-0.0018839849037080654,0.0,0.0,0.0,0.0,0.0,0.0010886931375467335,0.0,-0.00024866298072998266,-0.004439686847703028,0.0,-0.024157001622958627
W_F_0010,34,40,1,0.0,0.0,-0.06509396943316118,-0.005698977792301628,0.0,0.0,0.0,0.0,-0.0018839849037080654,0.0,0.0,0.0,0.0,0.0,0.000592338592803103,0.0,0.0014095322916578654,0.03750249290403887,0.0,-0.033172568340671046
W_F_0010,35,13,1,0.0,0.0,-0.01926160362971122,0.0043600519099178895,0.0,0.0,0.0,0.0,-0.0005996433290195129,0.0,0.0,0.0,0.0,0.0,0.02906380124391108,0.0,0.0014095322916578654,0.034949058867925605,0.0,0.04992119735468171
W_F_0010,35,18,1,0.0,0.0,-0.06377690595626483,0.001586640939250534,0.0,0.0,0.0,0.0,-0.0018839849037080654,0.0,0.0,0.0,0.0,0.0,-0.002819259465218659,0.0,-0.00024866298072998266,-0.004781636043077496,0.0,-0.07192380840974849
W_F_0010,35,30,1,0.0,0.0,-0.04008686396625433,-0.00530826174759885,0.0,0.0,0.0,0.0,-0.0018839849037080654,0.0,0.0,0.0,0.0,0.0,-0.000623145606911014,0.0,-0.00024866298072998266,-0.004843384955173095,0.0,-0.05299430416037533
W_F_0010,36,22,1,0.0,0.0,-0.043056023940958026,-0.006153140311023727,0.0,0.0,0.0,0.0,-0.0006073848200035545,0.0,0.0,0.0,0.0,0.0,-0.002024295280460994,0.0,-0.00024866298072998266,-0.004198526057647197,0.0,-0.056288033390823486
W_F_0010,36,25,1,0.0,0.0,-0.05115865774559976,-0.004752503917317172,0.0,0.0,0.0,0.0,-0.0006073848200035545,0.0,0.0,0.0,0.0,0.0,-0.0027079551640063248,0.0,-0.00024866298072998266,-0.0068257322406122325,0.0,-0.06630089686826902
W_F_0010,36,26,1,0.0,0.0,-0.07507086543799009,-0.005796856477185712,0.0,0.0,0.0,0.0,-0.0018839849037080654,0.0,0.0,0.0,0.0,0.0,-0.0011118148440768987,0.0,-0.00024866298072998266,-0.005578114347862998,0.0,-0.08969029899155374
W_F_0010,37,12,1,0.0,0.0,0.0028303999309746133,0.0013053509842229354,0.0,0.0,0.0,0.0,-0.0018839849037080654,0.0,0.0,0.0,0.0,0.0,0.034220296709708144,0.0,0.0014095322916578654,0.03810703555859038,0.0,0.07598863057144586
W_F_0010,38,12,1,0.0,0.0,0.0013292863161904038,0.0025540855582977876,0.0,0.0,0.0,0.0,-0.00031499064422325077,0.0,0.0,0.0,0.0,0.0,0.002461145660393373,0.0,0.0014095322916578654,0.04586107704987827,0.0,0.05330013623219445
W_F_0010,39,14,1,0.0,0.0,-0.006371588130414685,0.00344001190057163,0.0,0.0,0.0,0.0,-0.00031499064422325077,0.0,0.0,0.0,0.0,0.0,-0.0033587915522411854,0.0,-0.00024866298072998266,-0.005986718646031074,0.0,-0.01284074005306855
W_F_0010,39,19,1,0.0,0.0,-0.0459545187199907,0.0010242005785575776,0.0,0.0,0.0,0.0,-0.0005996433290195129,0.0,0.0,0.0,0.0,0.0,-0.0027827074554951144,0.0,-0.00024866298072998266,-0.0045813359325908845,0.0,-0.05314266783926861
W_F_0010,39,26,1,0.0,0.0,-0.03887745293516554,-0.009119970465179284,0.0,0.0,0.0,0.0,-0.0006073848200035545,0.0,0.0,0.0,0.0,0.0,-0.0008620656707251423,0.0,-0.00024866298072998266,-0.005086854219199756,0.0,-0.05480239109100326
W_F_0010,39,41,1,0.0,0.0,-0.059123997330341835,-0.015663038668935925,0.0,0.0,0.0,0.0,-0.0018839849037080654,0.0,0.0,0.0,0.0,0.0,0.011714552222868001,0.0,0.0014095322916578654,0.027587631685047725,0.0,-0.03595930470341223
W_F_0010,39,46,1,0.0,0.0,-0.05886125430860944,-0.00841422870642036,0.0,0.0,0.0,0.0,-0.0018839849037080654,0.0,0.0,0.0,0.0,0.0,0.02091987359975775,0.0,0.0014095322916578654,0.038959868275056694,0.0,-0.00787019375226556
W_F_0010,40,16,0,0.0,0.0,-0.025058962698059576,0.001237742053713041,0.0,0.0,0.0,0.0,-0.0018839849037080654,0.0,0.0,0.0,0.0,0.0,0.001239285779650295,0.0,-0.00024866298072998266,-0.005287145716517494,0.0,-0.030001728465651783
W_F_0010,40,17,1,0.0,0.0,-0.030298964683614853,0.005618391440757959,0.0,0.0,0.0,0.0,-0.0018839849037080654,0.0,0.0,0.0,0.0,0.0,-0.0007986058099706079,0.0,-0.00024866298072998266,-0.007106775139541042,0.0,-0.0347186020768066
W_F_0010,41,6,1,0.0,0.0,0.029490222623184927,0.0006069437478425877,0.0,0.0,0.0,0.0,-0.0006073848200035545,0.0,0.0,0.0,0.0,0.0,-0.0052411519359320605,0.0,0.0014095322916578654,0.02971821253035468,0.0,0.05537637443710445
W_F_0010,41,17,1,0.0,0.0,-0.04058387343257797,0.00400963371698861,0.0,0.0,0.0,0.0,-0.0018839849037080654,0.0,0.0,0.0,0.0,0.0,-0.0028516932902111296,0.0,-0.00024866298072998266,-0.00682845072022155,0.0,-0.04838703161046008
W_F_0010,41,25,1,0.0,0.0,-0.07944328298436336,-0.005400265307066611,0.0,0.0,0.0,0.0,-0.0018839849037080654,0.0,0.0,0.0,0.0,0.0,-0.0042732689530740105,0.0,-0.00024866298072998266,-0.004242761349625553,0.0,-0.09549222647856757
W_F_0010,42,12,1,0.0,0.0,0.003986593039034252,0.0019970790706299053,0.0,0.0,0.0,0.0,-0.0018839849037080654,0.0,0.0,0.0,0.0,0.0,0.005908984369973133,0.0,0.0014095322916578654,0.043740446320736634,0.0,0.05515865018832372
W_F_0010,42,17,1,0.0,0.0,-0.019746172321421743,0.004301930862993638,0.0,0.0,0.0,0.0,-0.0018839849037080654,0.0,0.0,0.0,0.0,0.0,0.00024122296046841224,0.0,-0.00024866298072998266,-0.0056838489639359615,0.0,-0.023019515346333702
W_F_0010,43,21,1,0.0,0.0,-0.02224088587670713,0.0014886284911957088,0.0,0.0,0.0,0.0,-0.0006073848200035545,0.0,0.0,0.0,0.0,0.0,0.0016659701248456437,0.0,-0.00024866298072998266,-0.004587238936388787,0.0,-0.0245295739977881
W_F_0010,43,23,1,0.0,0.0,-0.04641822537755268,-0.0020403500523388904,0.0,0.0,0.0,0.0,-0.0005996433290195129,0.0,0.0,0.0,0.0,0.0,-0.0016255847997584407,0.0,-0.00024866298072998266,-0.0038560228885529354,0.0,-0.05478848942795243
W_F_0010,44,12,1,0.0,0.0,-0.005193635361976859,0.001979350612206154,0.0,0.0,0.0,0.0,-0.0018839849037080654,0.0,0.0,0.0,0.0,0.0,0.022108393325424965,0.0,0.0014095322916578654,0.04486951057788674,0.0,0.0632891665414908
W_F_0010,44,26,1,0.0,0.0,-0.07191869150763847,-0.007099099305647742,0.0,0.0,0.0,0.0,-0.0018839849037080654,0.0,0.0,0.0,0.0,0.0,-0.0014705086897822568,0.0,-0.00024866298072998266,-0.004088896617270454,0.0,-0.08670984400477696
W_F_0010,45,20,1,0.0,0.0,-0.04054261392187782,0.0036670567064895077,0.0,0.0,0.0,0.0,-0.0006073848200035545,0.0,0.0,0.0,0.0,0.0,-0.0009216135563985591,0.0,-0.00024866298072998266,-0.004360634553481573,0.0,-0.043013853126001984
W_F_0010,45,22,1,0.0,0.0,-0.06795277818131494,0.002067564982964155,0.0,0.0,0.0,0.0,-0.0006073848200035545,0.0,0.0,0.0,0.0,0.0,-0.0008145116989095426,0.0,-0.00024866298072998266,-0.005577879916752393,0.0,-0.07313365261474626
W_F_0010,45,26,1,0.0,0.0,-0.0608798847900951,-0.003348043771751137,0.0,0.0,0.0,0.0,-0.0006073848200035545,0.0,0.0,0.0,0.0,0.0,-0.0014344927453900803,0.0,-0.00024866298072998266,-0.006497935604369194,0.0,-0.07301640471233904
W_F_0010,45,38,1,0.0,0.0,-0.07630238758511858,-0.007225991421729487,0.0,0.0,0.0,0.0,-0.0006073848200035545,0.0,0.0,0.0,0.0,0.0,-0.0014281784379329896,0.0,-0.00024866298072998266,-0.004830924516755228,0.0,-0.0906435297622698
W_F_0010,46,13,0,0.0,0.0,0.010920821863344476,0.001035868789568684,0.0,0.0,0.0,0.0,-0.0006073848200035545,0.0,0.0,0.0,0.0,0.0,0.01907869276865936,0.0,0.0014095322916578654,0.049318870250338966,0.0,0.08115640114356579
W_F_0010,46,21,1,0.0,0.0,-0.03177954139507485,0.001674997557208845,0.0,0.0,0.0,0.0,-0.0018839849037080654,0.0,0.0,0.0,0.0,0.0,-0.0018302020439095585,0.0,-0.00024866298072998266,-0.006211450815382164,0.0,-0.04027884458159577
W_F_0010,46,26,1,0.0,0.0,-0.042272609177459244,-0.008403059955130006,0.0,0.0,0.0,0.0,-0.0006073848200035545,0.0,0.0,0.0,0.0,0.0,-0.000802708228968257,0.0,-0.00024866298072998266,-0.005658718292074853,0.0,-0.057993143454365896
W_F_0010,46,39,1,0.0,0.0,-0.07508043113357785,-0.004026459600510698,0.0,0.0,0.0,0.0,-0.0018839849037080654,0.0,0.0,0.0,0.0,0.0,-0.001217498705223893,0.0,0.0014095322916578654,-0.002260677331385425,0.0,-0.08305951938274805
W_F_0010,47,6,1,0.0,0.0,0.05732261864639689,0.0031492252492745653,0.0,0.0,0.0,0.0,-0.0018839849037080654,0.0,0.0,0.0,0.0,0.0,0.02481684338643955,0.0,0.0014095322916578654,0.02889786031029531,0.0,0.11371209498035613
W_F_0010,47,29,1,0.0,0.0,-0.05767315769070543,-0.003155495496652913,0.0,0.0,0.0,0.0,-0.0018839849037080654,0.0,0.0,0.0,0.0,0.0,-0.001991903642794514,0.0,-0.00024866298072998266,-0.00574290506144863,0.0,-0.07069610977603955
W_F_0010,47,32,1,0.0,0.0,-0.04793876963116698,-0.007606043545939114,0.0,0.0,0.0,0.0,-0.0018839849037080654,0.0,0.0,0.0,0.0,0.0,-0.0014801019166712553,0.0,-0.00024866298072998266,-0.0051904036629667845,0.0,-0.06434796664118218
W_F_0010,47,38,0,0.0,0.0,-0.06000623167159726,-0.012258685425943619,0.0,0.0,0.0,0.0,-0.0006073848200035545,0.0,0.0,0.0,0.0,0.0,-0.0002555071615704478,0.0,-0.00024866298072998266,-0.00462576115700903,0.0,-0.0780022332168539
W_F_0010,48,6,1,0.0,0.0,0.03148829923717187,0.0010991330919656683,0.0,0.0,0.0,0.0,-0.0018839849037080654,0.0,0.0,0.0,0.0,0.0,0.014604653027880138,0.0,0.0014095322916578654,0.026764308156025533,0.0,0.073481940900993
W_F_0010,48,12,1,0.0,0.0,0.0034388661019603417,0.004017075376740772,0.0,0.0,0.0,0.0,-0.0005996433290195129,0.0,0.0,0.0,0.0,0.0,0.0267486507771129,0.0,0.0014095322916578654,0.05114236966182193,0.0,0.0861568508802743
W_F_0010,48,15,1,0.0,0.0,0.0010104351645128986,0.001370600792183814,0.0,0.0,0.0,0.0,-0.0005996433290195129,0.0,0.0,0.0,0.0,0.0,-0.002775343724236745,0.0,-0.00024866298072998266,-0.00372736044671709,0.0,-0.004969974524006618
W_F_0010,48,27,0,0.0,0.0,-0.07072749571661681,-0.002391521255122491,0.0,0.0,0.0,0.0,-0.0006073848200035545,0.0,0.0,0.0,0.0,0.0,-0.0007474941081091239,0.0,-0.00024866298072998266,-0.0046078611591622316,0.0,-0.07933042003974418
W_F_0010,48,34,1,0.0,0.0,-0.0464334768925318,-0.003786623331139592,0.0,0.0,0.0,0.0,-0.0018839849037080654,0.0,0.0,0.0,0.0,0.0,-0.0014506147356739927,0.0,-0.00024866298072998266,-0.003986379366241428,0.0,-0.05778974221002485
W_F_0010,48,36,1,0.0,0.0,-0.05731414133460057,-0.005683764164337551,0.0,0.0,0.0,0.0,-0.0006073848200035545,0.0,0.0,0.0,0.0,0.0,0.0014970545569497563,0.0,-0.00024866298072998266,-0.005337422831124132,0.0,-0.06769432157384603
W_F_0010,48,39,1,0.0,0.0,-0.04536612460755955,-0.005873946296240313,0.0,0.0,0.0,0.0,-0.0018839849037080654,0.0,0.0,0.0,0.0,0.0,-0.002943620173116959,0.0,-0.00024866298072998266,-0.0048926108822251275,0.0,-0.061208949843579996
W_F_0010,48,40,1,0.0,0.0,-0.026281556279317653,-0.0022930920161300097,0.0,0.0,0.0,0.0,-0.0018839849037080654,0.0,0.0,0.0,0.0,0.0,0.01642992380166625,0.0,0.0014095322916578654,0.04304705881436448,0.0,0.030427881708532865
W_F_0010,49,16,0,0.0,0.0,-0.014488285295017153,0.004733669672472215,0.0,0.0,0.0,0.0,-0.00031499064422325077,0.0,0.0,0.0,0.0,0.0,-0.0001971821289858087,0.0,-0.00024866298072998266,-0.004160962377210069,0.0,-0.014676413753694047
W_F_0010,49,17,1,0.0,0.0,-0.01440514469025692,0.002030408261139419,0.0,0.0,0.0,0.0,-0.0006073848200035545,0.0,0.0,0.0,0.0,0.0,-0.0007960830700783371,0.0,-0.00024866298072998266,-0.005163520224943505,0.0,-0.019190387524872878
W_F_0010,49,28,1,0.0,0.0,-0.04644926813301151,-0.020887109927829987,0.0,0.0,0.0,0.0,-0.0018839849037080654,0.0,0.0,0.0,0.0,0.0,-0.0007494276260225821,0.0,-0.00024866298072998266,-0.003833566616595531,0.0,-0.07405202018789767
W_F_0010,49,30,1,0.0,0.0,-0.0540598392349652,-0.003709061924157268,0.0,0.0,0.0,0.0,-0.0018839849037080654,0.0,0.0,0.0,0.0,0.0,-0.0034702031823078314,0.0,-0.00024866298072998266,-0.005067306808344343,0.0,-0.06843905903421268
W_F_0010,50,17,1,0.0,0.0,0.0025295944034606924,0.0006112127444413719,0.0,0.0,0.0,0.0,-0.0018839849037080654,0.0,0.0,0.0,0.0,0.0,-0.002998342603781649,0.0,-0.00024866298072998266,-0.007163172608589479,0.0,-0.009153355948907111
W_F_0010,50,23,1,0.0,0.0,-0.032833475145896525,0.004410877254078444,0.0,0.0,0.0,0.0,-0.0018839849037080654,0.0,0.0,0.0,0.0,0.0,-0.00385299856378573,0.0,-0.00024866298072998266,-0.004094810445452778,0.0,-0.038503054785494636
W_F_0010,50,26,1,0.0,0.0,-0.07727135038841355,0.0011893089651404574,0.0,0.0,0.0,0.0,-0.0006073848200035545,0.0,0.0,0.0,0.0,0.0,0.00017044822841090813,0.0,-0.00024866298072998266,-0.005412863806814404,0.0,-0.08218050480241013
W_F_0010,50,32,1,0.0,0.0,-0.0543179789179839,-0.01391498755142797,0.0,0.0,0.0,0.0,-0.0006073848200035545,0.0,0.0,0.0,0.0,0.0,-0.0016413291803416168,0.0,-0.00024866298072998266,-0.006269767301996246,0.0,-0.07700011075248327
W_F_0010,51,12,1,0.0,0.0,0.04158378314435346,0.0010245510596259473,0.0,0.0,0.0,0.0,-0.0006073848200035545,0.0,0.0,0.0,0.0,0.0,0.01650264735036439,0.0,0.0014095322916578654,0.040575067363691125,0.0,0.10048819638968923
W_F_0010,51,21,1,0.0,0.0,-0.029849294039277687,0.0025717502504712933,0.0,0.0,0.0,0.0,-0.0006073848200035545,0.0,0.0,0.0,0.0,0.0,-9.05440344681563e-05,0.0,-0.00024866298072998266,-0.0049875853344203205,0.0,-0.033211720958428406
W_F_0010,52,21,1,0.0,0.0,-0.001570108087801564,0.000708998318012609,0.0,0.0,0.0,0.0,-0.0005996433290195129,0.0,0.0,0.0,0.0,0.0,-0.0019918923464159366,0.0,-0.00024866298072998266,-0.003456005582512486,0.0,-0.007157314008466873
W_F_0010,52,35,1,0.0,0.0,-0.045840737899000734,0.0006309591394679522,0.0,0.0,0.0,0.0,-0.0018839849037080654,0.0,0.0,0.0,0.0,0.0,-0.0013371750307247384,0.0,-0.00024866298072998266,-0.005977285262986377,0.0,-0.05465688693768194
W_F_0010,53,15,1,0.0,0.0,0.015395423519454814,0.0011329140110259207,0.0,0.0,0.0,0.0,-0.0018839849037080654,0.0,0.0,0.0,0.0,0.0,-0.002919982572540779,0.0,-0.00024866298072998266,-0.005044164994962964,0.0,0.006431542078538947
W_F_0010,53,24,0,0.0,0.0,-0.025439336042885164,0.0012838255387408895,0.0,0.0,0.0,0.0,-0.0006073848200035545,0.0,0.0,0.0,0.0,0.0,0.00042552411649558053,0.0,-0.00024866298072998266,-0.004964156512558791,0.0,-0.02955019070094102
W_F_0010,53,35,1,0.0,0.0,-0.03632200216416928,0.0042425763419549406,0.0,0.0,0.0,0.0,-0.00031499064422325077,0.0,0.0,0.0,0.0,0.0,-0.0021414731036643,0.0,-0.00024866298072998266,-0.004085568377896814,0.0,-0.038870120928728685
W_F_0010,53,37,1,0.0,0.0,-0.04074942517948731,0.001022038575924921,0.0,0.0,0.0,0.0,-0.00031499064422325077,0.0,0.0,0.0,0.0,0.0,-0.0018439201956348568,0.0,-0.00024866298072998266,-0.004588365559166314,0.0,-0.04672332598331679
W_F_0010,53,44,1,0.0,0.0,-0.015981069967614347,0.0012137913091250744,0.0,0.0,0.0,0.0,-0.0018839849037080654,0.0,0.0,0.0,0.0,0.0,0.010103245655740157,0.0,0.0014095322916578654,0.043597592707301125,0.0,0.03845910709250181
W_F_0010,53,45,1,0.0,0.0,-0.02570144128500607,0.0015965263448133198,0.0,0.0,0.0,0.0,-0.0018839849037080654,0.0,0.0,0.0,0.0,0.0,0.020084431621723086,0.0,0.0014095322916578654,0.051124535145242296,0.0,0.046629599214722435
W_F_0010,54,12,1,0.0,0.0,0.026118478689374103,0.0025593853599001374,0.0,0.0,0.0,0.0,-0.0005996433290195129,0.0,0.0,0.0,0.0,0.0,0.030778260458054294,0.0,0.0014095322916578654,0.0259826577672809,0.0,0.08624867123724779
W_F_0010,54,21,1,0.0,0.0,-0.004939053438828309,0.001008713846216999,0.0,0.0,0.0,0.0,-0.0006073848200035545,0.0,0.0,0.0,0.0,0.0,-0.00029189822600969443,0.0,-0.00024866298072998266,-0.0037950699473965122,0.0,-0.008873355566751054
W_F_0010,54,38,1,0.0,0.0,-0.014309619838183673,0.002680246905713591,0.0,0.0,0.0,0.0,-0.0018839849037080654,0.0,0.0,0.0,0.0,0.0,-0.0010975982059516019,0.0,-0.00024866298072998266,-0.004691126964501591,0.0,-0.01955074598736132
W_F_0010,54,41,1,0.0,0.0,-0.03106235407626328,0.0011589555272395083,0.0,0.0,0.0,0.0,-0.0018839849037080654,0.0,0.0,0.0,0.0,0.0,0.006392232188654758,0.0,0.0014095322916578654,0.033464716247288806,0.0,0.009479097274869588
W_F_0010,55,21,1,0.0,0.0,-0.014886516238018873,0.0006168584329954216,0.0,0.0,0.0,0.0,-0.0006073848200035545,0.0,0.0,0.0,0.0,0.0,-0.001483339523140682,0.0,-0.00024866298072998266,-0.006562728037941489,0.0,-0.02317177316683916
W_F_0010,55,24,1,0.0,0.0,-0.011425638820304673,0.0020553514153170294,0.0,0.0,0.0,0.0,-0.0006073848200035545,0.0,0.0,0.0,0.0,0.0,-0.00044524562788293123,0.0,-0.00024866298072998266,-0.003901460970320184,0.0,-0.014573041803924297
W_F_0010,55,27,1,0.0,0.0,0.002951362630457962,0.0026007260669235876,0.0,0.0,0.0,0.0,-0.0006844117976628869,0.0,0.0,0.0,0.0,0.0,-0.0012331835779171526,0.0,-0.00024866298072998266,-0.0047477423766790275,0.0,-0.0013619120356075007
W_F_0010,55,32,1,0.0,0.0,-0.019936947272756248,0.001077306955824023,0.0,0.0,0.0,0.0,-0.0006073848200035545,0.0,0.0,0.0,0.0,0.0,-0.000916229507465584,0.0,-0.00024866298072998266,-0.0041360137899239665,0.0,-0.024767931415055313
W_F_0010,55,39,1,0.0,0.0,-0.02150232755821554,0.001177063654698913,0.0,0.0,0.0,0.0,-0.00031499064422325077,0.0,0.0,0.0,0.0,0.0,0.001226669473298744,0.0,0.0014095322916578654,0.0361312227911754,0.0,0.01812717000839213
W_F_0010,56,15,1,0.0,0.0,0.0443594860489552,0.001460796257264497,0.0,0.0,0.0,0.0,-0.0018839849037080654,0.0,0.0,0.0,0.0,0.0,-0.0018038565676390984,0.0,0.0014095322916578654,-0.0010871534164552641,0.0,0.04245481971007512
W_F_0010,56,16,1,0.0,0.0,0.022238996430536073,0.0010991163031456505,0.0,0.0,0.0,0.0,-0.0018839849037080654,0.0,0.0,0.0,0.0,0.0,-0.0021369801614431133,0.0,0.0014095322916578654,-0.0011656304844337932,0.0,0.01956104947575462
W_F_0010,57,24,1,0.0,0.0,-0.0006423880655108452,0.0008408344164842222,0.0,0.0,0.0,0.0,-0.0005996433290195129,0.0,0.0,0.0,0.0,0.0,-0.004623688889839917,0.0,-0.00024866298072998266,-0.005452147130635081,0.0,-0.010725695979251116
W_F_0010,57,25,1,0.0,0.0,-0.004213422932440391,0.0013169783618595778,0.0,0.0,0.0,0.0,-0.0005996433290195129,0.0,0.0,0.0,0.0,0.0,-0.0029027297482161463,0.0,-0.00024866298072998266,-0.005374052987985773,0.0,-0.012021533616532229
W_F_0010,57,27,1,0.0,0.0,-0.014200560951531233,0.0015027420628471121,0.0,0.0,0.0,0.0,-0.0018839849037080654,0.0,0.0,0.0,0.0,0.0,-0.0010986952967736439,0.0,-0.00024866298072998266,-0.006757143028690192,0.0,-0.022686305098586004
W_F_0010,57,28,1,0.0,0.0,0.00047348306766541734,0.0013027306288880252,0.0,0.0,0.0,0.0,-0.00031499064422325077,0.0,0.0,0.0,0.0,0.0,-0.0010930454756406132,0.0,-0.00024866298072998266,-0.004709608049380028,0.0,-0.004590093453420432
W_F_0010,58,30,1,0.0,0.0,-0.0009453792134213178,0.0011405484386067782,0.0,0.0,0.0,0.0,-0.0018839849037080654,0.0,0.0,0.0,0.0,0.0,0.0002029218430128898,0.0,-0.00024866298072998266,-0.006038616036815269,0.0,-0.007773172853054967
W_F_0010,58,38,1,0.0,0.0,-0.011384195266691186,0.005321107841616683,0.0,0.0,0.0,0.0,-0.0018839849037080654,0.0,0.0,0.0,0.0,0.0,-0.0026369893781419207,0.0,-0.00024866298072998266,-0.0052455639469549025,0.0,-0.016078288634609375
W_F_0010,59,24,1,0.0,0.0,-0.0012088464798329147,0.0008584038750954942,0.0,0.0,0.0,0.0,-0.0018839849037080654,0.0,0.0,0.0,0.0,0.0,-0.0033716230978115018,0.0,-0.00024866298072998266,-0.005640058531772599,0.0,-0.011494772118759568
W_F_0010,59,28,1,0.0,0.0,-0.005402506070921683,0.0032321611953305507,0.0,0.0,0.0,0.0,-0.0006073848200035545,0.0,0.0,0.0,0.0,0.0,-0.0020579388025729574,0.0,-0.00024866298072998266,-0.004042772983704873,0.0,-0.009127104462602498
W_F_0010,59,36,1,0.0,0.0,-0.014391799763701882,0.002930381532691773,0.0,0.0,0.0,0.0,-0.0005996433290195129,0.0,0.0,0.0,0.0,0.0,-0.0012900593009679635,0.0,-0.00024866298072998266,-0.004897097868744531,0.0,-0.018496881710472098
W_F_0010,59,41,1,0.0,0.0,-0.0017025676146027065,0.0013715665042301974,0.0,0.0,0.0,0.0,-0.0018839849037080654,0.0,0.0,0.0,0.0,0.0,0.008680092386471303,0.0,0.0014095322916578654,0.026595865576843285,0.0,0.034470504240891875
W_F_0010,60,12,1,0.0,0.0,0.03239023819358564,0.0012008009488902562,0.0,0.0,0.0,0.0,-0.0018839849037080654,0.0,0.0,0.0,0.0,0.0,0.04000404801231131,0.0,0.0014095322916578654,0.03537836524501471,0.0,0.10849899978775172
W_F_0010,60,17,1,0.0,0.0,0.03426986209398944,0.0014099742288167497,0.0,0.0,0.0,0.0,-0.0018839849037080654,0.0,0.0,0.0,0.0,0.0,-0.001190445920644796,0.0,0.0014095322916578654,-0.004651131272738721,0.0,0.029363806517372474
W_F_0010,60,30,1,0.0,0.0,-6.34608571541454e-05,0.004635940785174399,0.0,0.0,0.0,0.0,-0.0018839849037080654,0.0,0.0,0.0,0.0,0.0,-0.0011646115641825662,0.0,-0.00024866298072998266,-0.005462775643269679,0.0,-0.00418755516387004
W_F_0010,60,34,1,0.0,0.0,-0.008266644084979055,0.0008224973697249497,0.0,0.0,0.0,0.0,-0.0006073848200035545,0.0,0.0,0.0,0.0,0.0,0.0016808807432102922,0.0,0.0014095322916578654,-0.00820032140529208,0.0,-0.013161439905681582
W_F_0010,62,14,0,0.0,0.0,0.052748985233623626,0.004350758754059858,0.0,0.0,0.0,0.0,-0.0018839849037080654,0.0,0.0,0.0,0.0,0.0,0.007794251982880661,0.0,0.0014095322916578654,0.025776300761566503,0.0,0.09019584412008046
W_F_0010,62,32,1,0.0,0.0,0.018354864917341136,0.0013742460530261013,0.0,0.0,0.0,0.0,-0.0018839849037080654,0.0,0.0,0.0,0.0,0.0,0.034317060115984246,0.0,0.0014095322916578654,0.05930526373782606,0.0,0.11287698221212733
W_F_0010,62,35,0,0.0,0.0,-0.0031903232824443536,0.0011934041197733094,0.0,0.0,0.0,0.0,-0.0005996433290195129,0.0,0.0,0.0,0.0,0.0,0.012538452535421922,0.0,0.0014095322916578654,0.03500560570190276,0.0,0.04635702803729199
W_F_0010,62,39,1,0.0,0.0,0.019618667507066426,0.0012644838933549164,0.0,0.0,0.0,0.0,-0.0018839849037080654,0.0,0.0,0.0,0.0,0.0,0.031187711977747775,0.0,0.0014095322916578654,0.040320134124638224,0.0,0.09191654489075715
W_F_0036,4,15,0,0.0,0.0,0.04020617364009579,0.001546342722692492,0.0,0.0,0.0,0.0,0.0008019271659491864,0.0,0.0,0.0,0.0,0.0,-0.003813240313023617,0.0,-0.0002564286634833484,-0.0049949514378128486,0.0,0.03348982311441766
W_F_0036,5,19,0,0.0,0.0,0.004536207078530936,0.00300133154105505,0.0,0.0,0.0,0.0,0.0008019271659491864,0.0,0.0,0.0,0.0,0.0,-0.0022612803649326913,0.0,-0.0002564286634833484,-0.003318822390627576,0.0,0.0025029343664915568
W_F_0036,5,23,0,0.0,0.0,0.040555728640259255,0.001251127037748699,0.0,0.0,0.0,0.0,0.0014385752323179976,0.0,0.0,0.0,0.0,0.0,-0.002007469861864398,0.0,-0.0002564286634833484,-0.0020610719787887526,0.0,0.03892046040618945
W_F_0036,7,14,1,0.0,0.0,-0.006542421037066246,0.0035185876026850665,0.0,0.0,0.0,0.0,-0.00044805419720113924,0.0,0.0,0.0,0.0,0.0,-0.0008807088163430895,0.0,-0.0002564286634833484,-0.003091021069056238,0.0,-0.007700046180464996
W_F_0036,8,19,0,0.0,0.0,-0.01676966171795963,0.002272466193180755,0.0,0.0,0.0,0.0,-0.0002519490523300968,0.0,0.0,0.0,0.0,0.0,-0.0023041751438410613,0.0,-0.0002564286634833484,-0.00469249501008391,0.0,-0.02200224339451729
W_F_0036,9,32,0,0.0,0.0,0.03540289443564185,0.0014749628039917339,0.0,0.0,0.0,0.0,0.0014385752323179976,0.0,0.0,0.0,0.0,0.0,0.011780245461530087,0.0,0.0014535516329185,0.0460833381725449,0.0,0.09763356773894508
W_F_0036,11,11,0,0.0,0.0,-0.02322788349229109,0.0028905169467447873,0.0,0.0,0.0,0.0,-0.00044805419720113924,0.0,0.0,0.0,0.0,0.0,-0.0024041790920808527,0.0,-0.0002564286634833484,-0.0019384578185825357,0.0,-0.025384486316894182
W_F_0036,11,28,0,0.0,0.0,-0.013218041894235017,0.0007707470308525881,0.0,0.0,0.0,0.0,-0.00044805419720113924,0.0,0.0,0.0,0.0,0.0,-0.00029128312175279777,0.0,-0.0002564286634833484,-0.0027433166378150234,0.0,-0.016186377483634735
W_F_0036,14,21,0,0.0,0.0,-0.09881278920017285,-0.01951654924849566,0.0,0.0,0.0,0.0,-0.0002497657574530816,0.0,0.0,0.0,0.0,0.0,-0.0009674669707023085,0.0,-0.0002564286634833484,-0.0035308154479901355,0.0,-0.1233338152882974
W_F_0036,14,32,0,0.0,0.0,0.032701383830713644,0.0022155370944951886,0.0,0.0,0.0,0.0,0.0014385752323179976,0.0,0.0,0.0,0.0,0.0,-0.002033669467876207,0.0,0.0014535516329185,0.05576763909212139,0.0,0.09154301741469051
W_F_0036,15,5,0,0.0,0.0,0.003462750825649273,0.0011075341549575638,0.0,0.0,0.0,0.0,0.0005441733541216158,0.0,0.0,0.0,0.0,0.0,-0.0005148633544222401,0.0,-0.0002564286634833484,-0.0032553783048050898,0.0,0.001087788012017775
W_F_0036,15,9,0,0.0,0.0,-0.01950706341390644,0.0015840494616209259,0.0,0.0,0.0,0.0,-0.0002519490523300968,0.0,0.0,0.0,0.0,0.0,-0.00040235812440507555,0.0,-0.0002564286634833484,-0.004328603086655728,0.0,-0.02316235287915976
W_F_0036,15,26,0,0.0,0.0,-0.03353397075797359,0.0011966655733732746,0.0,0.0,0.0,0.0,-0.00044805419720113924,0.0,0.0,0.0,0.0,0.0,-0.0021987306229063197,0.0,-0.0002564286634833484,-0.0019550774338716963,0.0,-0.03719559610206282
W_F_0036,17,1,0,0.0,0.0,0.050462837094720554,0.00354871181409404,0.0,0.0,0.0,0.0,0.0014385752323179976,0.0,0.0,0.0,0.0,0.0,0.021200568713032164,0.0,0.0014535516329185,0.05453561909956146,0.0,0.13263986358664473
W_F_0036,17,27,0,0.0,0.0,-0.033295958785234815,0.0012309691904372813,0.0,0.0,0.0,0.0,-0.00044805419720113924,0.0,0.0,0.0,0.0,0.0,-0.0032349703937324704,0.0,-0.0002564286634833484,-0.003508165947611739,0.0,-0.039512608796826235
W_F_0036,18,12,0,0.0,0.0,-0.05701714730630083,-0.010311092591409976,0.0,0.0,0.0,0.0,-0.00044805419720113924,0.0,0.0,0.0,0.0,0.0,-0.0002508117598654989,0.0,-0.0002564286634833484,-0.003997800636716743,0.0,-0.07228133515497753
W_F_0036,18,19,0,0.0,0.0,-0.04903854045237664,-0.02091763343367352,0.0,0.0,0.0,0.0,-0.00044805419720113924,0.0,0.0,0.0,0.0,0.0,-0.0026260667579679283,0.0,-0.0002564286634833484,-0.003937633568736877,0.0,-0.07722435707343946
W_F_0036,19,1,0,0.0,0.0,0.0333224813621991,0.0017883357671427517,0.0,0.0,0.0,0.0,0.0008019271659491864,0.0,0.0,0.0,0.0,0.0,0.0019349584171519506,0.0,-0.0002564286634833484,0.03972571770212565,0.0,0.07731699175108529
W_F_0036,19,20,0,0.0,0.0,-0.05761356446206299,-0.0036680449970807947,0.0,0.0,0.0,0.0,-0.0002497657574530816,0.0,0.0,0.0,0.0,0.0,-0.002855408733249928,0.0,-0.0002564286634833484,-0.0024833624919539652,0.0,-0.06712657510528411
W_F_0036,19,23,0,0.0,0.0,-0.049883546153597684,-0.019418626281698034,0.0,0.0,0.0,0.0,-0.0002519490523300968,0.0,0.0,0.0,0.0,0.0,-0.0024513388904834877,0.0,-0.0002564286634833484,-0.0028888209475678934,0.0,-0.07515070998916056
W_F_0036,20,23,0,0.0,0.0,-0.050442589645494494,-0.01994677214919351,0.0,0.0,0.0,0.0,-0.0002497657574530816,0.0,0.0,0.0,0.0,0.0,-0.003092784198985523,0.0,-0.0002564286634833484,-0.0022526073162315976,0.0,-0.07624094773084157
W_F_0036,21,13,1,0.0,0.0,-0.0339915625555852,-0.004886556643627925,0.0,0.0,0.0,0.0,-0.00044805419720113924,0.0,0.0,0.0,0.0,0.0,-0.0017877527806795755,0.0,-0.0002564286634833484,-0.0026794315850285962,0.0,-0.04404978642560578
W_F_0036,27,5,0,0.0,0.0,0.03509154033457112,0.002908464472188779,0.0,0.0,0.0,0.0,0.0014385752323179976,0.0,0.0,0.0,0.0,0.0,0.0180149855261058,0.0,0.0014535516329185,0.05202359852131891,0.0,0.11093071571942109
W_F_0036,30,27,0,0.0,0.0,0.05347616886147717,0.003733924115118517,0.0,0.0,0.0,0.0,-0.00044805419720113924,0.0,0.0,0.0,0.0,0.0,-0.0008242305504973633,0.0,0.0014535516329185,-0.0007432318244887371,0.0,0.056648128037326946
W_F_0036,31,15,0,0.0,0.0,0.005575009528884409,0.00458671028798551,0.0,0.0,0.0,0.0,-0.0002519490523300968,0.0,0.0,0.0,0.0,0.0,-0.002488488075862118,0.0,-0.0002564286634833484,-0.0036030562404565127,0.0,0.0035617977847378435
W_F_0036,31,22,0,0.0,0.0,0.005099542774194466,0.004740893528012918,0.0,0.0,0.0,0.0,-0.00044805419720113924,0.0,0.0,0.0,0.0,0.0,-0.001261384476894657,0.0,-0.0002564286634833484,-0.0020547264794923267,0.0,0.005819842485135914
W_F_0036,32,8,0,0.0,0.0,0.03726653543360645,0.0019197075883308997,0.0,0.0,0.0,0.0,0.0014385752323179976,0.0,0.0,0.0,0.0,0.0,0.016705171529401923,0.0,0.0014535516329185,0.03161044482028958,0.0,0.09039398623686534
W_F_0009,1,24,1,0.0,0.0,0.047663381441721386,0.002352373866548313,0.0,0.0,0.0,0.0,0.0006069507668252502,0.0,0.0,0.0,0.0,0.0,0.01257751240123316,0.0,-0.005573805142852544,-0.0008757086309513463,0.0,0.05675070470252421
W_F_0009,3,33,1,0.0,0.0,0.058261585513982354,0.0031556566288064645,0.0,0.0,0.0,0.0,0.0009264399343788676,0.0,0.0,0.0,0.0,0.0,0.013466089193357234,0.0,0.03159480479641837,-0.0009931482088376175,0.0,0.10641142785810567
W_F_0009,4,15,1,0.0,0.0,0.043115021097458066,0.0010519750480721722,0.0,0.0,0.0,0.0,0.0009264399343788676,0.0,0.0,0.0,0.0,0.0,0.007387351761214688,0.0,-0.005573805142852544,-0.0005718270064234299,0.0,0.046335155691847825
W_F_0009,4,35,0,0.0,0.0,0.04229129681451998,0.0013625091248692827,0.0,0.0,0.0,0.0,0.000917981070574502,0.0,0.0,0.0,0.0,0.0,-0.002516145439768883,0.0,0.03159480479641837,-0.00029663996908145746,0.0,0.07335380639753179
W_F_0009,5,33,1,0.0,0.0,0.07675158111132138,0.0009814386869890248,0.0,0.0,0.0,0.0,0.0017137937381067182,0.0,0.0,0.0,0.0,0.0,-0.0013225212768899328,0.0,-0.005573805142852544,-0.0070733610114186544,0.0,0.06547712610525598
W_F_0009,6,20,1,0.0,0.0,0.025238109867568043,0.0024778692674188698,0.0,0.0,0.0,0.0,-0.00028854611961054715,0.0,0.0,0.0,0.0,0.0,-0.0019346987653310473,0.0,-0.005573805142852544,-0.002875409454725481,0.0,0.017043519652467292
W_F_0009,7,18,1,0.0,0.0,0.028304439455856242,0.0010767978122100503,0.0,0.0,0.0,0.0,-0.0002859115480247484,0.0,0.0,0.0,0.0,0.0,-0.0005344167196971272,0.0,-0.005573805142852544,-0.004158486573014109,0.0,0.018828617284477767
W_F_0009,7,23,1,0.0,0.0,0.013790075212875409,0.0007646165801941577,0.0,0.0,0.0,0.0,-0.0002859115480247484,0.0,0.0,0.0,0.0,0.0,-0.00014334276147268417,0.0,-0.005573805142852544,-0.005472304326838356,0.0,0.003079328013881232
W_F_0009,9,14,1,0.0,0.0,0.02893155440296696,0.0013861796327683954,0.0,0.0,0.0,0.0,-0.0002859115480247484,0.0,0.0,0.0,0.0,0.0,-0.0011753668338798245,0.0,-0.005573805142852544,-0.002033911897987461,0.0,0.02124873861299078
W_F_0009,9,39,1,0.0,0.0,0.03136172678678994,0.0011361695837525942,0.0,0.0,0.0,0.0,-0.00028854611961054715,0.0,0.0,0.0,0.0,0.0,0.0016791610525326598,0.0,-0.005573805142852544,-0.002163229634972141,0.0,0.026151476525639962
W_F_0009,9,40,1,0.0,0.0,0.05264085332685275,0.0016152029818709925,0.0,0.0,0.0,0.0,-0.0005337729026923818,0.0,0.0,0.0,0.0,0.0,-0.0014069964798335353,0.0,-0.005573805142852544,-0.0045082091312005695,0.0,0.04223327265214471
W_F_0009,9,42,1,0.0,0.0,0.037996976375358156,0.0022766316557089944,0.0,0.0,0.0,0.0,-0.0005337729026923818,0.0,0.0,0.0,0.0,0.0,0.01830650335670125,0.0,0.03159480479641837,0.04281041853257826,0.0,0.13245156181407264
W_F_0009,10,15,0,0.0,0.0,0.003923858872933315,0.0038905769309433296,0.0,0.0,0.0,0.0,-0.0005337729026923818,0.0,0.0,0.0,0.0,0.0,-0.003114173258018881,0.0,-0.005573805142852544,-0.005365120461698071,0.0,-0.006772435961385235
W_F_0009,10,28,1,0.0,0.0,0.001084865077675949,0.0023809398699856502,0.0,0.0,0.0,0.0,-0.0005337729026923818,0.0,0.0,0.0,0.0,0.0,-0.0019742236444032675,0.0,-0.005573805142852544,-0.005008828549256762,0.0,-0.009624825291543355
W_F_0009,11,10,1,0.0,0.0,0.0455611620687711,0.0036955425578588676,0.0,0.0,0.0,0.0,-0.0002859115480247484,0.0,0.0,0.0,0.0,0.0,-0.0011615655197291604,0.0,-0.005573805142852544,-0.0031797863542909572,0.0,0.03905563606173256
W_F_0009,12,5,1,0.0,0.0,0.048308958429547307,0.0038923876762209015,0.0,0.0,0.0,0.0,0.0017137937381067182,0.0,0.0,0.0,0.0,0.0,0.011629329664289761,0.0,0.03159480479641837,0.05087514501024714,0.0,0.1480144193148302
W_F_0009,12,31,0,0.0,0.0,-0.02555245393861879,0.0025139617592654677,0.0,0.0,0.0,0.0,-0.0005337729026923818,0.0,0.0,0.0,0.0,0.0,-0.001851031174281358,0.0,-0.005573805142852544,-0.005503926740347921,0.0,-0.036501028139527526
W_F_0009,13,16,1,0.0,0.0,-0.0030673791516894616,0.0025004631495921525,0.0,0.0,0.0,0.0,-0.0002859115480247484,0.0,0.0,0.0,0.0,0.0,6.200466141857582e-05,0.0,-0.005573805142852544,-0.002288490349508494,0.0,-0.00865311838106452
W_F_0009,13,43,1,0.0,0.0,0.034149258349211925,0.0027098473523605618,0.0,0.0,0.0,0.0,-0.0005337729026923818,0.0,0.0,0.0,0.0,0.0,-0.0007851031384276198,0.0,0.03159480479641837,-0.0038140846442809174,0.0,0.06332094981258994
W_F_0009,14,32,0,0.0,0.0,-0.04136542071879877,0.002260119112511296,0.0,0.0,0.0,0.0,-0.0005337729026923818,0.0,0.0,0.0,0.0,0.0,-0.0023588992189043363,0.0,-0.005573805142852544,-0.006740259829915846,0.0,-0.054312038700652585
W_F_0009,14,36,1,0.0,0.0,-0.005647794698452936,0.0035998729188928607,0.0,0.0,0.0,0.0,-0.0005337729026923818,0.0,0.0,0.0,0.0,0.0,-0.0008036811044841413,0.0,-0.005573805142852544,-0.004565526060178605,0.0,-0.013524706989767748
W_F_0009,15,8,1,0.0,0.0,0.027528635817460876,0.0005828978280049514,0.0,0.0,0.0,0.0,-0.0005337729026923818,0.0,0.0,0.0,0.0,0.0,-0.0006736742593380042,0.0,-0.005573805142852544,-0.0048681265922205594,0.0,0.016462154748362337
W_F_0009,15,21,1,0.0,0.0,-0.04198278959859072,0.002370262883055184,0.0,0.0,0.0,0.0,-0.00028854611961054715,0.0,0.0,0.0,0.0,0.0,-0.0013857359644438732,0.0,-0.005573805142852544,-0.00263527385736003,0.0,-0.049495887799802525
W_F_0009,15,24,0,0.0,0.0,-0.07786105342481611,-0.01598657458446245,0.0,0.0,0.0,0.0,-0.00028854611961054715,0.0,0.0,0.0,0.0,0.0,-0.001166365978202616,0.0,-0.005573805142852544,-0.0028113368490682005,0.0,-0.10368768209901248
W_F_0009,15,43,1,0.0,0.0,0.03125589795379974,0.0012986841562885158,0.0,0.0,0.0,0.0,-0.00028854611961054715,0.0,0.0,0.0,0.0,0.0,-0.0015927877490305039,0.0,-0.005573805142852544,-0.0024261617116636152,0.0,0.02267328138693105
W_F_0009,16,39,1,0.0,0.0,0.012688556384502132,0.0007533572968665735,0.0,0.0,0.0,0.0,-0.0001890390105857108,0.0,0.0,0.0,0.0,0.0,-0.0031428602078854766,0.0,-0.005573805142852544,-0.0026714161623537652,0.0,0.0018647931576912065
W_F_0009,17,23,1,0.0,0.0,-0.07340064082908367,-0.0189462793543957,0.0,0.0,0.0,0.0,-0.00028854611961054715,0.0,0.0,0.0,0.0,0.0,0.0004664566772681475,0.0,-0.005573805142852544,-0.004238456725297966,0.0,-0.10198127149397228
W_F_0009,18,12,0,0.0,0.0,-0.027746338210465335,0.0007404794908079358,0.0,0.0,0.0,0.0,-0.0005337729026923818,0.0,0.0,0.0,0.0,0.0,-0.00219501945028152,0.0,-0.005573805142852544,-0.0043168053502340665,0.0,-0.03962526156571791
W_F_0009,18,21,1,0.0,0.0,-0.039325620634371436,-0.004355198913885245,0.0,0.0,0.0,0.0,-0.0005337729026923818,0.0,0.0,0.0,0.0,0.0,-0.0019103705144781443,0.0,-0.005573805142852544,-0.003983375765603186,0.0,-0.05568214387388293
W_F_0009,19,37,0,0.0,0.0,-0.025108349038202915,0.0016043701868573997,0.0,0.0,0.0,0.0,-0.0005337729026923818,0.0,0.0,0.0,0.0,0.0,-0.0015724615866893935,0.0,-0.005573805142852544,-0.00577371835038124,0.0,-0.03695773683396107
W_F_0009,20,2,1,0.0,0.0,0.0808775682031723,0.0025740972082799398,0.0,0.0,0.0,0.0,0.0009264399343788676,0.0,0.0,0.0,0.0,0.0,0.0014336100346783321,0.0,-0.005573805142852544,-0.0016264269859571183,0.0,0.07861148325169977
W_F_0009,20,19,1,0.0,0.0,-0.07291025964574702,-0.021863140762131507,0.0,0.0,0.0,0.0,-0.00028854611961054715,0.0,0.0,0.0,0.0,0.0,-0.0004021356346997854,0.0,-0.005573805142852544,-0.0041043659537487375,0.0,-0.10514225325879013
W_F_0009,20,26,1,0.0,0.0,-0.062170357486209,-0.01896768916134175,0.0,0.0,0.0,0.0,-0.0002859115480247484,0.0,0.0,0.0,0.0,0.0,-0.0018121788753297657,0.0,-0.005573805142852544,-0.0034241094912782237,0.0,-0.09223405170503604
W_F_0009,20,44,1,0.0,0.0,0.02057842847663295,0.0014936611560198922,0.0,0.0,0.0,0.0,-0.0005337729026923818,0.0,0.0,0.0,0.0,0.0,-0.003708877901483716,0.0,-0.005573805142852544,-0.006125895244338903,0.0,0.006129738441285298
W_F_0009,24,5,1,0.0,0.0,0.031631642872393215,0.0025781789163193064,0.0,0.0,0.0,0.0,0.0017137937381067182,0.0,0.0,0.0,0.0,0.0,-0.0022777284527839173,0.0,-0.005573805142852544,-0.004712456728117073,0.0,0.02335962520306571
W_F_0009,24,6,1,0.0,0.0,0.019707133148184126,0.001129378313073068,0.0,0.0,0.0,0.0,-0.0005337729026923818,0.0,0.0,0.0,0.0,0.0,-0.0024498908044614173,0.0,-0.005573805142852544,-0.005197984011835203,0.0,0.007081058599415649
W_F_0009,24,24,0,0.0,0.0,-0.0681049727540876,-0.004383170034118377,0.0,0.0,0.0,0.0,-0.0005337729026923818,0.0,0.0,0.0,0.0,0.0,-0.0034315519285034045,0.0,-0.005573805142852544,-0.0039437402241432,0.0,-0.08597101298639752
W_F_0009,24,33,1,0.0,0.0,-0.06918615875279958,-0.015069821462471409,0.0,0.0,0.0,0.0,-0.0005337729026923818,0.0,0.0,0.0,0.0,0.0,-0.001988959947076202,0.0,-0.005573805142852544,-0.005584728789540502,0.0,-0.09793724699743263
W_F_0009,25,7,1,0.0,0.0,-0.01023576933436805,0.0035185876026850665,0.0,0.0,0.0,0.0,-0.0005337729026923818,0.0,0.0,0.0,0.0,0.0,-0.0029365904447185105,0.0,-0.005573805142852544,-0.0053912445137448434,0.0,-0.02115259473569126
W_F_0009,25,16,1,0.0,0.0,-0.06339954544808128,-0.004297487576766731,0.0,0.0,0.0,0.0,-0.0005337729026923818,0.0,0.0,0.0,0.0,0.0,-0.0031870113166137257,0.0,-0.005573805142852544,-0.004436899372576619,0.0,-0.08142852175958329
W_F_0009,26,7,1,0.0,0.0,-0.020200093427170055,0.0011922310804293925,0.0,0.0,0.0,0.0,-0.0005337729026923818,0.0,0.0,0.0,0.0,0.0,-0.002278100567310581,0.0,-0.005573805142852544,-0.00564663183327251,0.0,-0.03304017279286868
W_F_0009,26,30,0,0.0,0.0,-0.06792658760813253,-0.017601132563562032,0.0,0.0,0.0,0.0,-0.0005337729026923818,0.0,0.0,0.0,0.0,0.0,-0.00045474672616511297,0.0,-0.005573805142852544,-0.005648779627847658,0.0,-0.09773882457125226
W_F_0009,27,16,1,0.0,0.0,-0.07790173569790276,-0.013635501403960054,0.0,0.0,0.0,0.0,-0.0005337729026923818,0.0,0.0,0.0,0.0,0.0,-0.004270916307869243,0.0,-0.005573805142852544,-0.0038711967767073897,0.0,-0.10578692823198438
W_F_0009,28,22,0,0.0,0.0,-0.07266998335415191,-0.00582712247851863,0.0,0.0,0.0,0.0,-0.00028854611961054715,0.0,0.0,0.0,0.0,0.0,-0.0007115977352002333,0.0,-0.005573805142852544,-0.004454901298595123,0.0,-0.08952595612892898
W_F_0009,28,34,0,0.0,0.0,-0.054917029576534916,-0.01987541681581856,0.0,0.0,0.0,0.0,-0.0005337729026923818,0.0,0.0,0.0,0.0,0.0,-0.001572061813637116,0.0,-0.005573805142852544,-0.004711859711561932,0.0,-0.08718394596309745
W_F_0009,29,18,0,0.0,0.0,-0.08374992461216509,-0.005881256168379171,0.0,0.0,0.0,0.0,-0.0005337729026923818,0.0,0.0,0.0,0.0,0.0,-0.0026173339436489566,0.0,-0.005573805142852544,-0.003735653567089381,0.0,-0.10209174633682752
W_F_0009,29,20,1,0.0,0.0,-0.04427179814344086,-0.003044680461965325,0.0,0.0,0.0,0.0,-0.00028854611961054715,0.0,0.0,0.0,0.0,0.0,-0.0015530799393367047,0.0,-0.005573805142852544,-0.002061461176294465,0.0,-0.056793370983500444
W_F_0009,29,27,0,0.0,0.0,-0.07476224795637088,-0.005912258249837221,0.0,0.0,0.0,0.0,-0.0002859115480247484,0.0,0.0,0.0,0.0,0.0,-0.002027990388365533,0.0,-0.005573805142852544,-0.0029851933239155417,0.0,-0.09154740660936647
W_F_0009,29,47,0,0.0,0.0,0.03409318487459425,0.001315577109846367,0.0,0.0,0.0,0.0,0.000917981070574502,0.0,0.0,0.0,0.0,0.0,-0.0004074928368072909,0.0,0.03159480479641837,7.620010850946249e-05,0.0,0.06759025512313567
W_F_0009,29,49,1,0.0,0.0,0.07331089494711766,0.0019242209590349566,0.0,0.0,0.0,0.0,0.0006069507668252502,0.0,0.0,0.0,0.0,0.0,-0.013538939941712808,0.0,0.03159480479641837,0.044023060930682104,0.0,0.13792099245836553
W_F_0009,30,2,0,0.0,0.0,0.031234808333271417,0.004640232574632859,0.0,0.0,0.0,0.0,0.000917981070574502,0.0,0.0,0.0,0.0,0.0,0.008479032075305008,0.0,0.03159480479641837,0.02848183441610413,0.0,0.1053486932663063
W_F_0009,31,22,1,0.0,0.0,-0.0481559963370203,-0.0060781951522143295,0.0,0.0,0.0,0.0,-0.0001890390105857108,0.0,0.0,0.0,0.0,0.0,-0.0023082367428535356,0.0,-0.005573805142852544,-0.0021286166649283652,0.0,-0.06443388905045477
W_F_0009,32,43,1,0.0,0.0,0.00549883889945321,0.0010681661238018687,0.0,0.0,0.0,0.0,-0.0005337729026923818,0.0,0.0,0.0,0.0,0.0,-0.005151947226194645,0.0,-0.005573805142852544,-0.004578507695912515,0.0,-0.009271027944397008
W_F_0009,33,6,1,0.0,0.0,0.02663602998346568,0.0029288965673785476,0.0,0.0,0.0,0.0,-0.00028854611961054715,0.0,0.0,0.0,0.0,0.0,-0.0008418303263026678,0.0,-0.005573805142852544,-0.0029061396252874306,0.0,0.019954605336791036
W_F_0009,33,14,1,0.0,0.0,-0.03419668968970661,0.0007522197159474398,0.0,0.0,0.0,0.0,-0.0001890390105857108,0.0,0.0,0.0,0.0,0.0,0.0004885047481186827,0.0,-0.005573805142852544,-0.004391519336630437,0.0,-0.04311032871570917
W_F_0009,33,21,0,0.0,0.0,-0.053953349558876464,-0.006969721285775202,0.0,0.0,0.0,0.0,-0.0005337729026923818,0.0,0.0,0.0,0.0,0.0,-0.0014560581767231494,0.0,-0.005573805142852544,-0.005746312124929657,0.0,-0.0742330191918494
W_F_0009,33,35,0,0.0,0.0,-0.04874465693075165,0.0010361231249439906,0.0,0.0,0.0,0.0,-0.00028854611961054715,0.0,0.0,0.0,0.0,0.0,-0.00241491462795025,0.0,-0.005573805142852544,-0.0035613435555566023,0.0,-0.059547143251777596
W_F_0009,34,5,1,0.0,0.0,0.029439960589907353,0.004904656050796108,0.0,0.0,0.0,0.0,0.0017137937381067182,0.0,0.0,0.0,0.0,0.0,-0.0018988599299177755,0.0,-0.005573805142852544,-0.004145587215984467,0.0,0.024440158090055397
W_F_0009,34,11,1,0.0,0.0,0.001446939805440344,0.0046968064667943284,0.0,0.0,0.0,0.0,-0.0005337729026923818,0.0,0.0,0.0,0.0,0.0,-0.0013244848700296199,0.0,-0.005573805142852544,-0.0053062799085620725,0.0,-0.0065945965519019455
W_F_0009,34,42,1,0.0,0.0,0.0050984157150986515,0.0011480078542533494,0.0,0.0,0.0,0.0,-0.0005337729026923818,0.0,0.0,0.0,0.0,0.0,-0.002179453420505231,0.0,-0.005573805142852544,-0.0038581637726460357,0.0,-0.005898771669344192
W_F_0009,35,7,0,0.0,0.0,0.033406021516009285,0.0014998392150785968,0.0,0.0,0.0,0.0,-0.0006070346661488887,0.0,0.0,0.0,0.0,0.0,-0.004239321189601839,0.0,-0.005573805142852544,-0.0024319449739421506,0.0,0.022053754758542463
W_F_0009,35,8,0,0.0,0.0,0.027597844457999066,0.0013069528084615203,0.0,0.0,0.0,0.0,-0.0005337729026923818,0.0,0.0,0.0,0.0,0.0,-0.0006854224802351986,0.0,-0.005573805142852544,-0.005258122760701565,0.0,0.0168536739799789
W_F_0009,37,31,0,0.0,0.0,-0.04847522945256514,0.001446570166142796,0.0,0.0,0.0,0.0,-0.0002859115480247484,0.0,0.0,0.0,0.0,0.0,-0.003304565425271739,0.0,-0.005573805142852544,-0.003618451673397261,0.0,-0.05981139307596864
W_F_0009,37,42,1,0.0,0.0,0.027417476750946836,0.0041936077878436855,0.0,0.0,0.0,0.0,-0.0005337729026923818,0.0,0.0,0.0,0.0,0.0,-0.0005849435018257976,0.0,-0.005573805142852544,-0.006661244908152491,0.0,0.01825731808326731
W_F_0009,39,8,0,0.0,0.0,0.044400310397140194,0.0011140656488133668,0.0,0.0,0.0,0.0,-0.0002859115480247484,0.0,0.0,0.0,0.0,0.0,-0.0008646611924471569,0.0,0.03159480479641837,0.0035713836627276323,0.0,0.07952999176462766
W_F_0009,40,46,1,0.0,0.0,0.05002099296310087,0.0008408344164842222,0.0,0.0,0.0,0.0,0.0017137937381067182,0.0,0.0,0.0,0.0,0.0,0.018908802987212425,0.0,-0.005573805142852544,0.0412998214211507,0.0,0.10721044038320239
W_F_0009,41,25,0,0.0,0.0,-0.03274819560612804,0.004626210274166967,0.0,0.0,0.0,0.0,-0.0005337729026923818,0.0,0.0,0.0,0.0,0.0,-0.0020549890824776602,0.0,-0.005573805142852544,-0.006084453230936992,0.0,-0.042369005690920655
W_F_0009,41,30,1,0.0,0.0,-0.001258019334028962,0.0015814064083395246,0.0,0.0,0.0,0.0,-0.0001890390105857108,0.0,0.0,0.0,0.0,0.0,-0.0018951624445797818,0.0,-0.005573805142852544,-0.0017415286489303246,0.0,-0.009076148172637799
W_F_0009,43,27,0,0.0,0.0,-0.021834834425754002,0.0029772036092670907,0.0,0.0,0.0,0.0,-0.0005337729026923818,0.0,0.0,0.0,0.0,0.0,-0.0029993266932757676,0.0,-0.005573805142852544,-0.006320904327069349,0.0,-0.03428543988237695
W_F_0009,44,32,1,0.0,0.0,-0.002581274731718373,0.0011607995733548592,0.0,0.0,0.0,0.0,-0.0002859115480247484,0.0,0.0,0.0,0.0,0.0,-0.0011935450319609606,0.0,-0.005573805142852544,-0.003734761529705649,0.0,-0.012208498410907416
W_F_0009,45,24,0,0.0,0.0,0.01721782241650971,0.0006417314073201842,0.0,0.0,0.0,0.0,-0.00028854611961054715,0.0,0.0,0.0,0.0,0.0,-0.0021635359088973813,0.0,-0.005573805142852544,-0.0040049536826829,0.0,0.00582871296978652
W_F_0009,45,31,1,0.0,0.0,0.021849863677893423,0.0028046940474593684,0.0,0.0,0.0,0.0,-0.0005337729026923818,0.0,0.0,0.0,0.0,0.0,-0.0021249748713246704,0.0,-0.005573805142852544,-0.0054941846872108785,0.0,0.01092782012127232
W_F_0009,48,18,0,0.0,0.0,0.028241709419066275,0.004172378481111765,0.0,0.0,0.0,0.0,0.0017137937381067182,0.0,0.0,0.0,0.0,0.0,-0.0010354511765292352,0.0,0.03159480479641837,-0.005914303386847599,0.0,0.058772931871326296
W_F_0009,49,23,1,0.0,0.0,0.03979829140625684,0.002665625308423259,0.0,0.0,0.0,0.0,0.0017137937381067182,0.0,0.0,0.0,0.0,0.0,-0.0004367931006691436,0.0,0.03159480479641837,0.008979415423842101,0.0,0.08431513757237814
W_N_0024,0,18,1,0.0,0.0,0.03964655670151753,0.001611548431169656,0.0,0.0,0.0,0.0,0.0007400866045941602,0.0,0.0,0.0,0.0,0.0,-0.0026804132561509667,0.0,-0.0006920920866956647,0.019598514791481343,0.0,0.05822420118591606
W_N_0024,1,15,1,0.0,0.0,0.041165019253786024,0.0013947544071644705,0.0,0.0,0.0,0.0,0.0007400866045941602,0.0,0.0,0.0,0.0,0.0,0.026927679357364436,0.0,0.003923085543874002,0.03251726456676461,0.0,0.10666788973354771
W_N_0024,1,24,1,0.0,0.0,0.049114637668164506,0.0009241608551625927,0.0,0.0,0.0,0.0,0.0007400866045941602,0.0,0.0,0.0,0.0,0.0,-0.001172106420776996,0.0,-0.0006920920866956647,-0.0021058512785823843,0.0,0.046808835341866216
W_N_0024,2,19,1,0.0,0.0,0.022621231436322685,0.004537742238482662,0.0,0.0,0.0,0.0,0.0007400866045941602,0.0,0.0,0.0,0.0,0.0,-0.0008548138712066524,0.0,-0.0006920920866956647,-0.00439154010314618,0.0,0.021960614218351007
W_N_0024,2,21,1,0.0,0.0,0.04569317828316068,0.003352713538638744,0.0,0.0,0.0,0.0,0.00038484791659062085,0.0,0.0,0.0,0.0,0.0,-0.0011871909600898094,0.0,-0.0006920920866956647,-0.005699072267988087,0.0,0.04185238442361649
W_N_0024,2,24,1,0.0,0.0,0.03780968382165569,0.0014093346767665208,0.0,0.0,0.0,0.0,0.0007400866045941602,0.0,0.0,0.0,0.0,0.0,-0.003012102052283155,0.0,-0.0006920920866956647,-0.0035715439492735018,0.0,0.032683367014764056
W_N_0024,3,15,1,0.0,0.0,0.06328131535991605,0.0042729127600757396,0.0,0.0,0.0,0.0,0.0007400866045941602,0.0,0.0,0.0,0.0,0.0,-0.0010992584104998814,0.0,0.003923085543874002,0.03806443370402747,0.0,0.10918257556198754
W_N_0024,3,23,1,0.0,0.0,0.059352740977166085,0.004309215253164889,0.0,0.0,0.0,0.0,0.0007400866045941602,0.0,0.0,0.0,0.0,0.0,-0.0012357611369112256,0.0,-0.0006920920866956647,-0.0026201521412583576,0.0,0.05985403747005988
W_N_0024,4,9,1,0.0,0.0,0.048846485603376726,0.0007164627084017782,0.0,0.0,0.0,0.0,0.0005107217399381664,0.0,0.0,0.0,0.0,0.0,0.017405844707144822,0.0,0.003923085543874002,0.03518021859776447,0.0,0.10658281890049998
W_N_0024,4,10,1,0.0,0.0,0.05827730090363508,0.0009713964842491886,0.0,0.0,0.0,0.0,0.0007400866045941602,0.0,0.0,0.0,0.0,0.0,0.011089444068569022,0.0,0.003923085543874002,0.02771852425745879,0.0,0.10271983786238026
W_N_0024,4,13,1,0.0,0.0,0.0278377834424545,0.004238762218419428,0.0,0.0,0.0,0.0,0.0005073890775622098,0.0,0.0,0.0,0.0,0.0,0.011757348254213248,0.0,0.003923085543874002,-0.00016098394841112466,0.0,0.048103384588112266
W_N_0024,4,16,1,0.0,0.0,0.0383096544153064,0.0015924588333691516,0.0,0.0,0.0,0.0,0.0007400866045941602,0.0,0.0,0.0,0.0,0.0,-0.0006541046187925437,0.0,-0.0006920920866956647,-0.0037943391558990765,0.0,0.035501663991882426
W_N_0024,4,21,0,0.0,0.0,0.0587221054783244,0.004355532161537722,0.0,0.0,0.0,0.0,0.0005107217399381664,0.0,0.0,0.0,0.0,0.0,-2.562564829715111e-05,0.0,-0.0006920920866956647,-0.0034708136117881042,0.0,0.05939982803301936
W_N_0024,4,28,1,0.0,0.0,0.034662135226551156,0.0013400699692095047,0.0,0.0,0.0,0.0,0.0005107217399381664,0.0,0.0,0.0,0.0,0.0,-0.0019206002407387885,0.0,-0.0006920920866956647,-0.0032720357349923044,0.0,0.030628198873272068
W_N_0024,5,8,1,0.0,0.0,0.029250259906974115,0.004049279113349162,0.0,0.0,0.0,0.0,0.0007400866045941602,0.0,0.0,0.0,0.0,0.0,0.009140915307458383,0.0,0.003923085543874002,0.036256809951400105,0.0,0.08336043642764993
W_N_0024,5,16,1,0.0,0.0,-0.001004494882110916,0.0012949876494528431,0.0,0.0,0.0,0.0,0.0005073890775622098,0.0,0.0,0.0,0.0,0.0,-0.002751194389810485,0.0,-0.0006920920866956647,-0.0014340163593184586,0.0,-0.004079420990920471
W_N_0024,5,26,0,0.0,0.0,0.06175266425757284,0.003489171370818306,0.0,0.0,0.0,0.0,0.0007400866045941602,0.0,0.0,0.0,0.0,0.0,-0.0011166227303104404,0.0,-0.0006920920866956647,-0.0026565709786249723,0.0,0.06151663643735422
W_N_0024,5,27,0,0.0,0.0,0.06096570591600233,0.003173938083209857,0.0,0.0,0.0,0.0,0.0007400866045941602,0.0,0.0,0.0,0.0,0.0,-0.0028956651973788576,0.0,-0.0006920920866956647,-0.004002750610337652,0.0,0.05728922270939416
W_N_0024,5,29,1,0.0,0.0,0.041374403308293214,0.0024130785867917197,0.0,0.0,0.0,0.0,0.0007400866045941602,0.0,0.0,0.0,0.0,0.0,-0.003182623114983956,0.0,-0.0006920920866956647,-0.0029147170184835613,0.0,0.037738136279515916
W_N_0024,6,10,1,0.0,0.0,0.058796923141723745,0.0032904351123423476,0.0,0.0,0.0,0.0,-0.00023050508727753024,0.0,0.0,0.0,0.0,0.0,-0.0036145223602021648,0.0,0.003923085543874002,-0.0009865634265938015,0.0,0.06117885292386659
W_N_0024,6,11,0,0.0,0.0,0.019998464144986714,0.0045394127962837235,0.0,0.0,0.0,0.0,-0.00023050508727753024,0.0,0.0,0.0,0.0,0.0,-0.0009625209250961855,0.0,0.003923085543874002,-9.229391775897908e-05,0.0,0.02717564255501174
W_N_0024,6,16,0,0.0,0.0,0.0010459962168432536,0.0009032244744908288,0.0,0.0,0.0,0.0,-0.00015802983445603304,0.0,0.0,0.0,0.0,0.0,-0.0007986366731269001,0.0,-0.0006920920866956647,-0.002727986507409876,0.0,-0.002427524410354391
W_N_0024,6,27,0,0.0,0.0,0.051255387002138476,0.0029048782546612487,0.0,0.0,0.0,0.0,-0.00015802983445603304,0.0,0.0,0.0,0.0,0.0,-0.0022131689560615604,0.0,-0.0006920920866956647,-0.002385907769331146,0.0,0.04871106661025532
W_N_0024,7,4,1,0.0,0.0,0.0309368147649891,0.0046168890986553164,0.0,0.0,0.0,0.0,0.0005107217399381664,0.0,0.0,0.0,0.0,0.0,-0.009312066073706084,0.0,-0.0006920920866956647,-0.0005188878848212667,0.0,0.025541379558359566
W_N_0024,7,16,1,0.0,0.0,0.006107729882881605,0.002062818917316634,0.0,0.0,0.0,0.0,-0.00023050508727753024,0.0,0.0,0.0,0.0,0.0,-0.0008879388833682072,0.0,-0.0006920920866956647,-0.0017984036631839557,0.0,0.004561609079672882
W_N_0024,7,20,1,0.0,0.0,-0.0004099561846878086,0.0015003856499482705,0.0,0.0,0.0,0.0,-0.00023050508727753024,0.0,0.0,0.0,0.0,0.0,0.0005186075611170977,0.0,-0.0006920920866956647,-0.001802281862323324,0.0,-0.0011158420099189595
W_N_0024,7,25,1,0.0,0.0,0.0115848561859733,0.0028590134550122077,0.0,0.0,0.0,0.0,-0.00011986354306593903,0.0,0.0,0.0,0.0,0.0,-0.00096744986732299,0.0,-0.0006920920866956647,-0.002860558786842172,0.0,0.009803905357058742
W_N_0024,7,28,1,0.0,0.0,0.04294590104275151,0.0012224660952222129,0.0,0.0,0.0,0.0,-0.00023050508727753024,0.0,0.0,0.0,0.0,0.0,-0.000118536632899605,0.0,-0.0006920920866956647,-0.00462288011312478,0.0,0.03850435321797614
W_N_0024,7,31,1,0.0,0.0,0.042583213188741385,0.0021258031406700345,0.0,0.0,0.0,0.0,0.0007400866045941602,0.0,0.0,0.0,0.0,0.0,-0.00039114835371668964,0.0,-0.0006920920866956647,-0.0025140273492736064,0.0,0.04185183514431962
W_N_0024,8,17,0,0.0,0.0,-0.014137050350118047,0.0036568463878977873,0.0,0.0,0.0,0.0,-0.00023050508727753024,0.0,0.0,0.0,0.0,0.0,-0.00042081782237043106,0.0,-0.0006920920866956647,-0.004921705675398087,0.0,-0.016745324633961972
W_N_0024,9,5,1,0.0,0.0,0.04466775810174279,0.0017495773144251552,0.0,0.0,0.0,0.0,0.0007400866045941602,0.0,0.0,0.0,0.0,0.0,-0.002127664009134257,0.0,-0.0006920920866956647,-0.002928095453616697,0.0,0.041409570471315486
W_N_0024,9,6,0,0.0,0.0,0.0590763875347002,0.0011556864293255963,0.0,0.0,0.0,0.0,-0.00015906781518297468,0.0,0.0,0.0,0.0,0.0,-0.0021888444308188902,0.0,-0.0006920920866956647,-0.004288247652347055,0.0,0.05290382197898122
W_N_0024,9,12,1,0.0,0.0,-0.010772954074210687,0.0014645612951681554,0.0,0.0,0.0,0.0,-0.00023050508727753024,0.0,0.0,0.0,0.0,0.0,-0.0017045395391034935,0.0,-0.0006920920866956647,-0.0037368311052674956,0.0,-0.015672360597386716
W_N_0024,10,5,1,0.0,0.0,0.04407992249225772,0.0014041817378493164,0.0,0.0,0.0,0.0,0.00038484791659062085,0.0,0.0,0.0,0.0,0.0,-0.0017385810308395266,0.0,-0.0006920920866956647,-0.0028485711475463318,0.0,0.04058970788161614
W_N_0024,10,11,1,0.0,0.0,-0.0282686224063987,0.0007803768563115718,0.0,0.0,0.0,0.0,-0.00023050508727753024,0.0,0.0,0.0,0.0,0.0,-0.00020906439320062166,0.0,-0.0006920920866956647,-0.0017826476510318825,0.0,-0.03040255476829283
W_N_0024,10,13,1,0.0,0.0,-0.021063029961062813,0.0012267903818183007,0.0,0.0,0.0,0.0,-0.00023050508727753024,0.0,0.0,0.0,0.0,0.0,-0.002256297784190399,0.0,-0.0006920920866956647,-0.004374609615423743,0.0,-0.027389744152831852
W_N_0024,10,33,1,0.0,0.0,0.05181248369777665,0.001129490653496659,0.0,0.0,0.0,0.0,0.00038484791659062085,0.0,0.0,0.0,0.0,0.0,-0.002335984644191206,0.0,-0.0006920920866956647,-0.0017769777276089365,0.0,0.04852176780936812
W_N_0024,11,17,1,0.0,0.0,-0.02865681387018261,-0.01130870493057056,0.0,0.0,0.0,0.0,-0.00011986354306593903,0.0,0.0,0.0,0.0,0.0,-0.0016933246257233433,0.0,-0.0006920920866956647,-0.002817621597891252,0.0,-0.045288420654129365
W_N_0024,11,19,1,0.0,0.0,-0.07458583037840368,-0.004757078042846521,0.0,0.0,0.0,0.0,-0.00015802983445603304,0.0,0.0,0.0,0.0,0.0,-0.0019493132946796496,0.0,-0.0006920920866956647,-0.006197505527705044,0.0,-0.08833984916478659
W_N_0024,11,25,1,0.0,0.0,-0.030725012578339678,0.003587009677174022,0.0,0.0,0.0,0.0,-0.00023050508727753024,0.0,0.0,0.0,0.0,0.0,-0.0019553809308820373,0.0,-0.0006920920866956647,-0.003727002659489954,0.0,-0.033742983665510845
W_N_0024,11,30,1,0.0,0.0,0.03104285287534712,0.0014744756952619076,0.0,0.0,0.0,0.0,-0.00023050508727753024,0.0,0.0,0.0,0.0,0.0,-0.001841694109968058,0.0,-0.0006920920866956647,-0.00441330032259717,0.0,0.025339736964070606
W_N_0024,12,4,0,0.0,0.0,0.05419212167927369,0.0035782474428186486,0.0,0.0,0.0,0.0,0.0005073890775622098,0.0,0.0,0.0,0.0,0.0,-0.004315159997730258,0.0,-0.0006920920866956647,-0.0034390054250928548,0.0,0.049831500690135776
W_N_0024,12,19,1,0.0,0.0,-0.06187460551438505,-0.0038045708731132576,0.0,0.0,0.0,0.0,-0.00015802983445603304,0.0,0.0,0.0,0.0,0.0,-0.0037015348930680447,0.0,-0.0006920920866956647,-0.0021879980320195377,0.0,-0.07241883123373759
W_N_0024,13,7,1,0.0,0.0,-0.0059743563813293155,0.004548949072161073,0.0,0.0,0.0,0.0,-0.00023050508727753024,0.0,0.0,0.0,0.0,0.0,-0.003484267647480159,0.0,-0.0006920920866956647,-0.0018277049503684153,0.0,-0.007659977080990012
W_N_0024,13,16,1,0.0,0.0,-0.034040350636824264,-0.020179360010675905,0.0,0.0,0.0,0.0,-0.00023050508727753024,0.0,0.0,0.0,0.0,0.0,-0.0019963252071659296,0.0,-0.0006920920866956647,-0.00224790205219417,0.0,-0.05938653508083346
W_N_0024,13,18,1,0.0,0.0,-0.03374613190917081,-0.0072463928346099965,0.0,0.0,0.0,0.0,-0.00023050508727753024,0.0,0.0,0.0,0.0,0.0,-0.0031207679165324996,0.0,-0.0006920920866956647,-0.0022409069965742085,0.0,-0.0472767968308607
W_N_0024,13,29,1,0.0,0.0,-0.01364379346922431,0.0042036907384183425,0.0,0.0,0.0,0.0,-0.00015802983445603304,0.0,0.0,0.0,0.0,0.0,-0.005237346636438934,0.0,-0.0006920920866956647,-0.0019505629476750312,0.0,-0.017478134236071627
W_N_0024,14,4,1,0.0,0.0,0.025677133647357474,0.000986199979439012,0.0,0.0,0.0,0.0,0.0007400866045941602,0.0,0.0,0.0,0.0,0.0,-0.0011931108097939418,0.0,-0.0006920920866956647,-0.0017522254477068933,0.0,0.023765991887194148
W_N_0024,14,28,0,0.0,0.0,-0.02968719196203386,0.004491145177385259,0.0,0.0,0.0,0.0,-0.00023050508727753024,0.0,0.0,0.0,0.0,0.0,-0.0009905039920953176,0.0,-0.0006920920866956647,-0.0034180574211280026,0.0,-0.030527205371845122
W_N_0024,14,31,0,0.0,0.0,0.010019757910751352,0.0008783701255124506,0.0,0.0,0.0,0.0,0.0005107217399381664,0.0,0.0,0.0,0.0,0.0,-0.0025197564281189996,0.0,-0.0006920920866956647,-0.004169263683715595,0.0,0.00402773757767171
W_N_0024,15,18,1,0.0,0.0,-0.05758599331330294,-0.008713331657396703,0.0,0.0,0.0,0.0,-0.00015802983445603304,0.0,0.0,0.0,0.0,0.0,-0.001147483566741655,0.0,-0.0006920920866956647,-0.0024881056763776653,0.0,-0.07078503613497067
W_N_0024,15,26,1,0.0,0.0,-0.026597550706736292,0.0012161036277700324,0.0,0.0,0.0,0.0,-0.00023050508727753024,0.0,0.0,0.0,0.0,0.0,-0.0014454300377399504,0.0,-0.0006920920866956647,-0.0027120875163043332,0.0,-0.030461561806983742
W_N_0024,15,28,0,0.0,0.0,-0.0010163364177291048,0.003319729834030709,0.0,0.0,0.0,0.0,-0.00023050508727753024,0.0,0.0,0.0,0.0,0.0,-0.0027698740463783797,0.0,-0.0006920920866956647,-0.0032663467581894893,0.0,-0.00465542456223946
W_N_0024,15,31,1,0.0,0.0,0.012753113759311503,0.0011485940567031634,0.0,0.0,0.0,0.0,0.0005107217399381664,0.0,0.0,0.0,0.0,0.0,-0.00233421451450811,0.0,-0.0006920920866956647,-0.0033597992398213513,0.0,0.008026323714927706
W_N_0024,15,32,0,0.0,0.0,0.029597953408664994,0.0006614735301183878,0.0,0.0,0.0,0.0,0.0005073890775622098,0.0,0.0,0.0,0.0,0.0,-0.00019043779381709922,0.0,-0.0006920920866956647,-0.003500044820126216,0.0,0.02638424131570661
W_N_0024,16,1,0,0.0,0.0,0.06389330568582038,0.0013601530393243428,0.0,0.0,0.0,0.0,0.0005107217399381664,0.0,0.0,0.0,0.0,0.0,0.013367706742069685,0.0,0.003923085543874002,0.02895969904606521,0.0,0.1120146717970918
W_N_0024,16,3,1,0.0,0.0,0.03211028967789804,0.003295504398696778,0.0,0.0,0.0,0.0,0.0007400866045941602,0.0,0.0,0.0,0.0,0.0,-0.0008819550252771704,0.0,0.003923085543874002,-0.00039447668185244446,0.0,0.03879253451793336
W_N_0024,16,5,1,0.0,0.0,0.020727794363770438,0.0011755230313955061,0.0,0.0,0.0,0.0,0.0005107217399381664,0.0,0.0,0.0,0.0,0.0,-0.001875784874968218,0.0,-0.0006920920866956647,-0.0018360281517446452,0.0,0.01801013402169558
W_N_0024,16,14,0,0.0,0.0,-0.0603487531246692,-0.007278211190570183,0.0,0.0,0.0,0.0,-0.00023050508727753024,0.0,0.0,0.0,0.0,0.0,-0.001451448449299318,0.0,-0.0006920920866956647,-0.003711004370333121,0.0,-0.073712014308845
W_N_0024,16,23,1,0.0,0.0,-0.05233276462711859,-0.004415032159898399,0.0,0.0,0.0,0.0,-0.00023050508727753024,0.0,0.0,0.0,0.0,0.0,-0.0032300341542442737,0.0,-0.0006920920866956647,-0.0035979577428952056,0.0,-0.06449838585812967
W_N_0024,17,22,1,0.0,0.0,-0.057239678868470915,-0.005532387654417933,0.0,0.0,0.0,0.0,-0.00023050508727753024,0.0,0.0,0.0,0.0,0.0,-0.0021475376377402423,0.0,-0.0006920920866956647,-0.002782592874873028,0.0,-0.0686247942094753
W_N_0024,17,26,1,0.0,0.0,-0.038568792428222774,0.00424049128668414,0.0,0.0,0.0,0.0,-0.00015906781518297468,0.0,0.0,0.0,0.0,0.0,-0.0008498660468152796,0.0,-0.0006920920866956647,-0.0032754615705770165,0.0,-0.03930478866080957
W_N_0024,18,24,1,0.0,0.0,-0.059781532699835056,-0.0044969301477814395,0.0,0.0,0.0,0.0,-0.00015802983445603304,0.0,0.0,0.0,0.0,0.0,-0.0032488094381801142,0.0,-0.0006920920866956647,-0.0021953319809301063,0.0,-0.07057272618787842
W_N_0024,18,35,1,0.0,0.0,0.040040581602018475,0.0015591681833881574,0.0,0.0,0.0,0.0,0.00038484791659062085,0.0,0.0,0.0,0.0,0.0,0.0013523532134588404,0.0,-0.0006920920866956647,0.00022623529170519936,0.0,0.042871094120465636
W_N_0024,19,2,1,0.0,0.0,0.05191969126436505,0.0018665429264970175,0.0,0.0,0.0,0.0,0.0007400866045941602,0.0,0.0,0.0,0.0,0.0,0.02355235935530831,0.0,0.003923085543874002,0.03092644545951803,0.0,0.11292821115415658
W_N_0024,19,8,1,0.0,0.0,-0.005246589797169067,0.005796553034791198,0.0,0.0,0.0,0.0,-0.00023050508727753024,0.0,0.0,0.0,0.0,0.0,-0.0015036579619909065,0.0,-0.0006920920866956647,-0.004449102957507268,0.0,-0.0063253948558492385
W_N_0024,19,21,1,0.0,0.0,-0.0739255291949046,-0.014071731389606709,0.0,0.0,0.0,0.0,-0.00011986354306593903,0.0,0.0,0.0,0.0,0.0,-0.0016763462284797286,0.0,-0.0006920920866956647,-0.0016119036110772444,0.0,-0.09209746605382989
W_N_0024,19,25,1,0.0,0.0,-0.06105945648872406,-0.007737493497269107,0.0,0.0,0.0,0.0,-0.00015906781518297468,0.0,0.0,0.0,0.0,0.0,-0.00039776213207448066,0.0,-0.0006920920866956647,-0.0014439694940317988,0.0,-0.07148984151397811
W_N_0024,19,26,1,0.0,0.0,-0.09052402197255634,0.00035058054221697506,0.0,0.0,0.0,0.0,-0.00015802983445603304,0.0,0.0,0.0,0.0,0.0,-0.0015803181072807212,0.0,-0.0006920920866956647,-0.0031740228853859766,0.0,-0.09577790434415777
W_N_0024,19,32,1,0.0,0.0,0.015577343359930992,0.0045394127962837235,0.0,0.0,0.0,0.0,0.0007400866045941602,0.0,0.0,0.0,0.0,0.0,-0.0011429500782942793,0.0,-0.0006920920866956647,-0.0044512874393732044,0.0,0.014570513156445726
W_N_0024,19,33,1,0.0,0.0,0.03342722463425137,0.0015507614954208492,0.0,0.0,0.0,0.0,0.00038484791659062085,0.0,0.0,0.0,0.0,0.0,0.001444517314294645,0.0,0.003923085543874002,0.00041885610873123604,0.0,0.041149293013162724
W_N_0024,20,5,1,0.0,0.0,-0.01491831058077682,0.004349378360771629,0.0,0.0,0.0,0.0,0.0007400866045941602,0.0,0.0,0.0,0.0,0.0,-0.0011574707666591223,0.0,-0.0006920920866956647,-0.00596621041535773,0.0,-0.017644618884123546
W_N_0024,20,9,0,0.0,0.0,-0.03860882529370423,0.0009236347922132107,0.0,0.0,0.0,0.0,-0.00015906781518297468,0.0,0.0,0.0,0.0,0.0,-0.0001750209701661536,0.0,-0.0006920920866956647,-0.0027805118080548247,0.0,-0.04149188318159063
W_N_0024,20,23,0,0.0,0.0,-0.05590677531476366,-0.007164861473953978,0.0,0.0,0.0,0.0,-0.00023050508727753024,0.0,0.0,0.0,0.0,0.0,-0.0010850388441256931,0.0,-0.0006920920866956647,-0.0027488150583178704,0.0,-0.06782808786513439
W_N_0024,20,26,1,0.0,0.0,-0.049470654607086446,-0.010993958194327516,0.0,0.0,0.0,0.0,-0.00015906781518297468,0.0,0.0,0.0,0.0,0.0,-0.0006387760330917789,0.0,-0.0006920920866956647,-0.004177451779619577,0.0,-0.06613200051600396
W_N_0024,20,27,1,0.0,0.0,-0.047692944402465826,0.00132702844815196,0.0,0.0,0.0,0.0,-0.00023050508727753024,0.0,0.0,0.0,0.0,0.0,-0.0014662296900121634,0.0,-0.0006920920866956647,-0.00285422901797821,0.0,-0.05160897183627743
W_N_0024,20,34,1,0.0,0.0,0.04365003677688748,0.004459722662453105,0.0,0.0,0.0,0.0,0.0005107217399381664,0.0,0.0,0.0,0.0,0.0,0.007234968925255621,0.0,0.003923085543874002,0.032883799609415267,0.0,0.09266233525782364
W_N_0024,21,27,1,0.0,0.0,-0.04514708576218755,0.0012061937856155086,0.0,0.0,0.0,0.0,-0.00015802983445603304,0.0,0.0,0.0,0.0,0.0,-0.0028186252101911917,0.0,-0.0006920920866956647,-0.002702747523032563,0.0,-0.05031238663094749
W_N_0024,21,28,0,0.0,0.0,-0.05314807937790702,0.0016271191450033561,0.0,0.0,0.0,0.0,-0.0004650681580503844,0.0,0.0,0.0,0.0,0.0,-0.0006269968219601333,0.0,-0.0006920920866956647,-0.0036566902870129965,0.0,-0.056961807586622844
W_N_0024,22,5,1,0.0,0.0,0.004612674222597357,0.0011956765911038348,0.0,0.0,0.0,0.0,0.0009044796987777874,0.0,0.0,0.0,0.0,0.0,-0.001012011336495043,0.0,-0.0006920920866956647,-0.0020568351251343247,0.0,0.0029518919641539467
W_N_0024,22,22,1,0.0,0.0,-0.06132300294082311,-0.007974755086538079,0.0,0.0,0.0,0.0,-0.00011986354306593903,0.0,0.0,0.0,0.0,0.0,-0.0010951091941543741,0.0,-0.0006920920866956647,-0.0034662848505932643,0.0,-0.07467110770187042
W_N_0024,23,3,1,0.0,0.0,0.04699197541520402,0.0010855689090619172,0.0,0.0,0.0,0.0,0.0005107217399381664,0.0,0.0,0.0,0.0,0.0,0.00026854547221449626,0.0,-0.0006920920866956647,-0.0036300542480695907,0.0,0.04453466520165335
W_N_0024,23,22,1,0.0,0.0,-0.049133393672996996,-0.007541855196398561,0.0,0.0,0.0,0.0,-0.00023050508727753024,0.0,0.0,0.0,0.0,0.0,0.0003726325839770118,0.0,-0.0006920920866956647,-0.0036530910945789573,0.0,-0.0608783045539707
W_N_0024,23,25,1,0.0,0.0,-0.06818029795441868,0.0014491760446302395,0.0,0.0,0.0,0.0,-0.00023050508727753024,0.0,0.0,0.0,0.0,0.0,-7.248948719837487e-05,0.0,-0.0006920920866956647,-0.0020643438226426165,0.0,-0.06979055239360263
W_N_0024,23,35,1,0.0,0.0,0.03601949905444329,0.001588873910339129,0.0,0.0,0.0,0.0,0.0005073890775622098,0.0,0.0,0.0,0.0,0.0,0.008120946255411841,0.0,-0.0006920920866956647,-4.918210526396469e-06,0.0,0.04553969800053441
W_N_0024,24,4,0,0.0,0.0,0.02653711362171692,0.004118755201449341,0.0,0.0,0.0,0.0,0.0007400866045941602,0.0,0.0,0.0,0.0,0.0,-0.0017982462018871288,0.0,-0.0006920920866956647,-0.0031350617077463704,0.0,0.025770555431431256
W_N_0024,24,6,1,0.0,0.0,-0.007373824937682387,0.0025704722573023243,0.0,0.0,0.0,0.0,-0.00023050508727753024,0.0,0.0,0.0,0.0,0.0,-0.0008453222847699286,0.0,-0.0006920920866956647,-0.004340962027225316,0.0,-0.010912234166348503
W_N_0024,24,20,1,0.0,0.0,-0.07768244833991715,-0.005932209681713504,0.0,0.0,0.0,0.0,-0.00023050508727753024,0.0,0.0,0.0,0.0,0.0,-0.0012560982831532593,0.0,-0.0006920920866956647,-0.0028212163854752902,0.0,-0.0886145698642324
W_N_0024,24,21,1,0.0,0.0,-0.06529453140096346,-0.004933396201980519,0.0,0.0,0.0,0.0,-0.00023050508727753024,0.0,0.0,0.0,0.0,0.0,-0.0010568675657533996,0.0,-0.0006920920866956647,-0.004477180483473006,0.0,-0.07668457282614359
W_N_0024,24,25,0,0.0,0.0,-0.026165071326752814,0.0034105956687048695,0.0,0.0,0.0,0.0,-0.0002793667357277032,0.0,0.0,0.0,0.0,0.0,-0.003436821793820608,0.0,-0.0006920920866956647,-0.004953626673299938,0.0,-0.03211638294759186
W_N_0024,24,34,1,0.0,0.0,0.032694869340173134,0.0033626354848447664,0.0,0.0,0.0,0.0,0.0005107217399381664,0.0,0.0,0.0,0.0,0.0,-0.0007027195481520064,0.0,-0.0006920920866956647,-0.000995730026557235,0.0,0.03417768490355116
W_N_0024,25,5,1,0.0,0.0,0.04615774350677307,0.002639863056043668,0.0,0.0,0.0,0.0,0.0007400866045941602,0.0,0.0,0.0,0.0,0.0,0.0007185782519878746,0.0,-0.0006920920866956647,-0.003429933070733686,0.0,0.04613424626196942
W_N_0024,25,8,1,0.0,0.0,0.007821521240281577,0.0006158745759010997,0.0,0.0,0.0,0.0,-0.00023050508727753024,0.0,0.0,0.0,0.0,0.0,-0.004204409399296426,0.0,-0.0006920920866956647,-0.0037393083980034737,0.0,-0.00042891915509041647
W_N_0024,25,15,1,0.0,0.0,-0.089407092209009,-0.010806933055694908,0.0,0.0,0.0,0.0,-0.00023050508727753024,0.0,0.0,0.0,0.0,0.0,-0.0023281008088306145,0.0,-0.0006920920866956647,-0.002198689147201563,0.0,-0.10566341239470928
W_N_0024,25,26,0,0.0,0.0,-0.03471908191990986,0.0012362199103802228,0.0,0.0,0.0,0.0,-0.00023050508727753024,0.0,0.0,0.0,0.0,0.0,-0.0007153952897068583,0.0,-0.0006920920866956647,-0.0036598131137916086,0.0,-0.0387806675870013
W_N_0024,26,20,1,0.0,0.0,-0.05121338096852537,-0.0037291119130564107,0.0,0.0,0.0,0.0,-0.00023050508727753024,0.0,0.0,0.0,0.0,0.0,6.368511613651757e-05,0.0,-0.0006920920866956647,-0.0025296297378865655,0.0,-0.058331034677305015
W_N_0024,26,21,1,0.0,0.0,-0.05513488882478342,-0.008567890946545705,0.0,0.0,0.0,0.0,-0.00023050508727753024,0.0,0.0,0.0,0.0,0.0,-0.00046521175842871224,0.0,-0.0006920920866956647,-0.001569017741385968,0.0,-0.06665960644511701
W_N_0024,26,25,1,0.0,0.0,-0.045911110009161045,0.005123804446425274,0.0,0.0,0.0,0.0,-0.00023050508727753024,0.0,0.0,0.0,0.0,0.0,-0.0028516932902111296,0.0,-0.0006920920866956647,-0.0022065706065955673,0.0,-0.04676816663351566
W_N_0024,26,33,1,0.0,0.0,0.043132298772584086,0.001169888370101428,0.0,0.0,0.0,0.0,0.0007400866045941602,0.0,0.0,0.0,0.0,0.0,-0.0023717163276324505,0.0,-0.0006920920866956647,0.0022331141113723927,0.0,0.044211579444323953
W_N_0024,27,3,1,0.0,0.0,0.03422689385252472,0.004733213087088504,0.0,0.0,0.0,0.0,0.0005073890775622098,0.0,0.0,0.0,0.0,0.0,-0.0022046801985933623,0.0,-0.0006920920866956647,-0.00331255222526319,0.0,0.03325817150662322
W_N_0024,27,7,0,0.0,0.0,0.014946323943616727,0.0010337171937519576,0.0,0.0,0.0,0.0,-0.00023050508727753024,0.0,0.0,0.0,0.0,0.0,-0.0005282162434596954,0.0,-0.0006920920866956647,-0.004193472306687389,0.0,0.010335755413248406
W_N_0024,27,14,1,0.0,0.0,-0.03679075548083097,0.0033229718651557978,0.0,0.0,0.0,0.0,-0.00023050508727753024,0.0,0.0,0.0,0.0,0.0,2.8151512886539183e-05,0.0,-0.0006920920866956647,-0.0024162988616270404,0.0,-0.03677852813838887
W_N_0024,28,3,1,0.0,0.0,0.0512216069143149,0.0010783257106555472,0.0,0.0,0.0,0.0,0.0007400866045941602,0.0,0.0,0.0,0.0,0.0,-0.000590455530017947,0.0,-0.0006920920866956647,-0.0020571364790937727,0.0,0.04970033513375722
W_N_0024,28,9,1,0.0,0.0,-0.008003065268709392,0.0017891855143793052,0.0,0.0,0.0,0.0,-0.00015802983445603304,0.0,0.0,0.0,0.0,0.0,-0.0021361655229320234,0.0,-0.0006920920866956647,-0.005115436993333734,0.0,-0.014315604191747542
W_N_0024,28,13,1,0.0,0.0,-0.03392236358356852,0.0009830406684450594,0.0,0.0,0.0,0.0,-0.00023050508727753024,0.0,0.0,0.0,0.0,0.0,-0.003235264191334484,0.0,-0.0006920920866956647,-0.003602435346297604,0.0,-0.04069961962672874
W_N_0024,28,17,0,0.0,0.0,-0.03801808825858149,0.0022526808143971708,0.0,0.0,0.0,0.0,-0.00023050508727753024,0.0,0.0,0.0,0.0,0.0,-0.0022345054839378892,0.0,-0.0006920920866956647,-0.004257197294821169,0.0,-0.043179707396916574
W_N_0024,29,16,0,0.0,0.0,-0.037575673365366206,0.002627450775124558,0.0,0.0,0.0,0.0,-0.00023050508727753024,0.0,0.0,0.0,0.0,0.0,-0.0008853742744246906,0.0,-0.0006920920866956647,-0.0038172577403318407,0.0,-0.04057345177897138
W_N_0024,29,22,1,0.0,0.0,-0.0165596596617266,0.0011994656987047022,0.0,0.0,0.0,0.0,-0.00011986354306593903,0.0,0.0,0.0,0.0,0.0,-0.003487446842152442,0.0,-0.0006920920866956647,-0.004701294427197131,0.0,-0.024360890862133076
W_N_0024,30,6,0,0.0,0.0,0.05540089166372135,0.0017685381177466326,0.0,0.0,0.0,0.0,-0.00023050508727753024,0.0,0.0,0.0,0.0,0.0,-0.001430468922328039,0.0,-0.0006920920866956647,-0.002614176670060747,0.0,0.052202187015106004
W_N_0024,30,24,1,0.0,0.0,-0.01365014573189579,0.0043693951086680675,0.0,0.0,0.0,0.0,-0.00023050508727753024,0.0,0.0,0.0,0.0,0.0,-0.0031237116122508116,0.0,-0.0006920920866956647,-0.001972523805371903,0.0,-0.015299583214823631
W_N_0024,31,11,1,0.0,0.0,-0.0064059849822775605,0.002480225680317712,0.0,0.0,0.0,0.0,-0.00015802983445603304,0.0,0.0,0.0,0.0,0.0,-0.000802518843880919,0.0,-0.0006920920866956647,-0.0028043148860458452,0.0,-0.008382714953038311
W_N_0024,31,20,1,0.0,0.0,0.0004764339276954684,0.0022668911455070765,0.0,0.0,0.0,0.0,-0.00015802983445603304,0.0,0.0,0.0,0.0,0.0,-0.002386607926564474,0.0,-0.0006920920866956647,-0.004587948123317371,0.0,-0.005081352897830998
W_N_0024,31,22,1,0.0,0.0,-0.012821314058062987,0.0014843125519734773,0.0,0.0,0.0,0.0,-0.00015802983445603304,0.0,0.0,0.0,0.0,0.0,-0.003330494375925551,0.0,-0.0006920920866956647,-0.004592068925162209,0.0,-0.020109686728328968
W_N_0024,31,25,1,0.0,0.0,0.010742145198059053,0.0013531548494966283,0.0,0.0,0.0,0.0,-0.00015802983445603304,0.0,0.0,0.0,0.0,0.0,-0.0008082133943572143,0.0,-0.0006920920866956647,-0.002597756129928504,0.0,0.007839208602118267
W_N_0024,31,32,1,0.0,0.0,0.04507727775862621,0.0012271810958997904,0.0,0.0,0.0,0.0,0.0007400866045941602,0.0,0.0,0.0,0.0,0.0,0.017847564544877056,0.0,-0.0006920920866956647,-0.0009527789802925297,0.0,0.06324723893700902
W_N_0024,32,7,1,0.0,0.0,0.022118936931282134,0.001700210664813377,0.0,0.0,0.0,0.0,-0.00015802983445603304,0.0,0.0,0.0,0.0,0.0,-0.002412524322179916,0.0,0.003923085543874002,-3.890274787818088e-05,0.0,0.025132776235455383
W_N_0024,32,30,1,0.0,0.0,0.05401959281595413,0.0027375469539333763,0.0,0.0,0.0,0.0,-0.00023050508727753024,0.0,0.0,0.0,0.0,0.0,-0.0048486678896961025,0.0,-0.0006920920866956647,0.0007145478908730776,0.0,0.05170042259709129
W_N_0024,33,10,1,0.0,0.0,0.02921917492590891,0.0011017358896925527,0.0,0.0,0.0,0.0,0.0005073890775622098,0.0,0.0,0.0,0.0,0.0,4.886429390680082e-05,0.0,-0.0006920920866956647,-0.0033464736525633883,0.0,0.026838598447811418
W_N_0024,33,25,1,0.0,0.0,0.06000710670956077,0.0015678733261726748,0.0,0.0,0.0,0.0,0.00038484791659062085,0.0,0.0,0.0,0.0,0.0,-0.0008182075449407501,0.0,-0.0006920920866956647,-0.0036167274494145795,0.0,0.05683280087127307
W_N_0024,33,27,1,0.0,0.0,0.04262055185035506,0.0018522408295436551,0.0,0.0,0.0,0.0,0.0005073890775622098,0.0,0.0,0.0,0.0,0.0,-0.0019339711299828336,0.0,-0.0006920920866956647,-0.003168364995423872,0.0,0.03918575354535855
W_N_0024,34,24,1,0.0,0.0,0.04481119894492689,0.001161967378125486,0.0,0.0,0.0,0.0,0.0007400866045941602,0.0,0.0,0.0,0.0,0.0,-0.00014376162184749243,0.0,-0.0006920920866956647,-0.0021613217802712937,0.0,0.043716077438832095
W_N_0024,36,16,1,0.0,0.0,0.03657732556454118,0.001338589756334049,0.0,0.0,0.0,0.0,0.0007400866045941602,0.0,0.0,0.0,0.0,0.0,-0.001336793843933084,0.0,-0.0006920920866956647,-0.004336975547603586,0.0,0.032290140447237055
W_N_0024,36,23,1,0.0,0.0,0.0480073913434979,0.0030530227757083615,0.0,0.0,0.0,0.0,0.0007400866045941602,0.0,0.0,0.0,0.0,0.0,-0.0018835463774679584,0.0,-0.0006920920866956647,-0.003073704029999967,0.0,0.046151158229636835
W_N_0024,37,14,1,0.0,0.0,0.0232326031699247,0.0012585735584478624,0.0,0.0,0.0,0.0,0.0007400866045941602,0.0,0.0,0.0,0.0,0.0,0.00857001073289313,0.0,-0.0006920920866956647,-0.0029523969621119764,0.0,0.030156785017052212
W_N_0024,38,15,1,0.0,0.0,0.07388297845821887,0.0009774682450994715,0.0,0.0,0.0,0.0,0.0005073890775622098,0.0,0.0,0.0,0.0,0.0,0.00709884752420278,0.0,-0.0006920920866956647,-0.003018409929523817,0.0,0.07875618128886384
W_N_0122,1,16,1,0.0,0.0,0.04463467362675378,0.003433701023876037,0.0,0.0,0.0,0.0,0.0005107217399381664,0.0,0.0,0.0,0.0,0.0,0.012486629324633973,0.0,-0.0006920920866956647,0.044374792762548826,0.0,0.10474842639105511
W_N_0122,1,19,1,0.0,0.0,0.036506180875713654,0.0014500527156192718,0.0,0.0,0.0,0.0,0.0005073890775622098,0.0,0.0,0.0,0.0,0.0,-0.0015589841397071328,0.0,-0.0006920920866956647,-0.0005007734412519272,0.0,0.03571177300124041
W_N_0122,1,20,0,0.0,0.0,0.04041479353398757,0.0007605788171962622,0.0,0.0,0.0,0.0,0.0007400866045941602,0.0,0.0,0.0,0.0,0.0,-0.002167363388452596,0.0,-0.0006920920866956647,-0.0031307131309237634,0.0,0.035925290349705964
W_N_0122,2,11,1,0.0,0.0,0.05110919664286948,0.0015781011259912417,0.0,0.0,0.0,0.0,0.0007400866045941602,0.0,0.0,0.0,0.0,0.0,0.0059260672765966,0.0,-0.0006920920866956647,0.02257889856572936,0.0,0.08124025812908518
W_N_0122,3,26,0,0.0,0.0,0.04716488273360311,0.002893803318762515,0.0,0.0,0.0,0.0,0.0007400866045941602,0.0,0.0,0.0,0.0,0.0,-0.0008397760205107098,0.0,-0.0006920920866956647,-0.002770348074284671,0.0,0.04649655647546874
W_N_0122,4,6,1,0.0,0.0,0.04073313762821162,0.004537671209575226,0.0,0.0,0.0,0.0,0.0007400866045941602,0.0,0.0,0.0,0.0,0.0,-0.004716125459446748,0.0,-0.0006920920866956647,-0.004482181909753443,0.0,0.03612049598648515
W_N_0122,4,27,1,0.0,0.0,0.026986238745418438,0.00343763844039125,0.0,0.0,0.0,0.0,0.0005107217399381664,0.0,0.0,0.0,0.0,0.0,-0.001557306073587461,0.0,-0.0006920920866956647,-0.003075276027673008,0.0,0.02560992473779172
W_N_0122,5,5,0,0.0,0.0,0.03026913406189508,0.001084645968764177,0.0,0.0,0.0,0.0,0.0005073890775622098,0.0,0.0,0.0,0.0,0.0,-0.001715905451107468,0.0,-0.0006920920866956647,-0.00445412512056562,0.0,0.024999046449852715
W_N_0122,5,11,0,0.0,0.0,0.0028073886726480246,0.0025603627637458583,0.0,0.0,0.0,0.0,0.0007400866045941602,0.0,0.0,0.0,0.0,0.0,-0.0009392142656916756,0.0,-0.0006920920866956647,-0.0018155359742730416,0.0,0.0026609957143276615
W_N_0122,6,11,1,0.0,0.0,-0.005783668128290705,0.001543125697268161,0.0,0.0,0.0,0.0,-0.00015802983445603304,0.0,0.0,0.0,0.0,0.0,-0.0014635020379329812,0.0,-0.0006920920866956647,-0.002759836826493226,0.0,-0.009314003216600449
W_N_0122,6,17,0,0.0,0.0,0.0036403109011205067,0.005248150435712394,0.0,0.0,0.0,0.0,-0.0002793667357277032,0.0,0.0,0.0,0.0,0.0,-0.002186811348193542,0.0,-0.0006920920866956647,-0.0035251390015805318,0.0,0.0022050521646354597
W_N_0122,6,23,1,0.0,0.0,-0.002200938526091056,0.0021629513862736383,0.0,0.0,0.0,0.0,-0.00015906781518297468,0.0,0.0,0.0,0.0,0.0,-0.0018276162237411014,0.0,-0.0006920920866956647,-0.0028081849565148873,0.0,-0.005524948221952045
W_N_0122,7,9,1,0.0,0.0,0.0035582281874107307,0.0012320733352443214,0.0,0.0,0.0,0.0,-0.00023050508727753024,0.0,0.0,0.0,0.0,0.0,-0.0033589668777524906,0.0,-0.0006920920866956647,-0.0037087998793483793,0.0,-0.0032000624084190126
W_N_0122,7,19,0,0.0,0.0,-0.036110486491081,0.0008844901778729447,0.0,0.0,0.0,0.0,-0.00023050508727753024,0.0,0.0,0.0,0.0,0.0,-0.0023603052473168333,0.0,-0.0006920920866956647,-0.0031760377178714815,0.0,-0.041684936452369564
W_N_0122,8,16,1,0.0,0.0,-0.07369566224823054,-8.691202532363292e-05,0.0,0.0,0.0,0.0,-0.00023050508727753024,0.0,0.0,0.0,0.0,0.0,-0.000745335772817619,0.0,-0.0006920920866956647,-0.0037740693719709277,0.0,-0.07922457659231591
W_N_0122,9,2,1,0.0,0.0,0.046721316238230885,0.0008454461831107111,0.0,0.0,0.0,0.0,0.0005107217399381664,0.0,0.0,0.0,0.0,0.0,0.015257734656079533,0.0,-0.0006920920866956647,-0.0015129156488694123,0.0,0.06113021108179421
W_N_0122,9,11,1,0.0,0.0,-0.04840704018397921,0.0010921001970305713,0.0,0.0,0.0,0.0,-0.0004650681580503844,0.0,0.0,0.0,0.0,0.0,-0.0015543150457389245,0.0,-0.0006920920866956647,-0.003070462159985209,0.0,-0.053096877437418824
W_N_0122,9,28,1,0.0,0.0,0.017605453305859966,0.0035210247674730285,0.0,0.0,0.0,0.0,0.0007400866045941602,0.0,0.0,0.0,0.0,0.0,0.004277351165774602,0.0,0.003923085543874002,0.00016548305283147738,0.0,0.030232484440407232
W_N_0122,9,31,1,0.0,0.0,0.025766637018430606,0.0011091170717643052,0.0,0.0,0.0,0.0,0.0007400866045941602,0.0,0.0,0.0,0.0,0.0,-0.01214994172967108,0.0,-0.0006920920866956647,-0.0010323432389652244,0.0,0.013741463639457104
W_N_0122,10,8,0,0.0,0.0,-0.0012518110107497234,0.00275539713683032,0.0,0.0,0.0,0.0,-0.00015802983445603304,0.0,0.0,0.0,0.0,0.0,-0.0018361403057306532,0.0,-0.0006920920866956647,-0.0035011904464130575,0.0,-0.004683866547214812
W_N_0122,11,16,0,0.0,0.0,-0.07882910466763408,-0.009534170358226464,0.0,0.0,0.0,0.0,-0.00015906781518297468,0.0,0.0,0.0,0.0,0.0,-0.002847012450113044,0.0,-0.0006920920866956647,-0.003980634054840915,0.0,-0.09604208143269316
W_N_0122,11,18,1,0.0,0.0,-0.06286266488236458,-0.012341880226726927,0.0,0.0,0.0,0.0,-0.00023050508727753024,0.0,0.0,0.0,0.0,0.0,-0.0010246795171363992,0.0,-0.0006920920866956647,-0.0018782937742142791,0.0,-0.07903011557441539
W_N_0122,11,19,0,0.0,0.0,-0.06342607984081644,-0.01117107933911194,0.0,0.0,0.0,0.0,-0.00015802983445603304,0.0,0.0,0.0,0.0,0.0,-0.0008475554449734325,0.0,-0.0006920920866956647,-0.002610314234406592,0.0,-0.0789051507804601
W_N_0122,11,24,0,0.0,0.0,-0.029308972861325628,0.0008059144757595084,0.0,0.0,0.0,0.0,-0.00023050508727753024,0.0,0.0,0.0,0.0,0.0,-0.0013659296414074724,0.0,-0.0006920920866956647,-0.002419891631924273,0.0,-0.03321147683287106
W_N_0122,11,26,1,0.0,0.0,-0.006873092929201735,0.0010338005322439786,0.0,0.0,0.0,0.0,-0.00015906781518297468,0.0,0.0,0.0,0.0,0.0,-0.002331032745142345,0.0,-0.0006920920866956647,-0.0019287393897971664,0.0,-0.010950224433775906
W_N_0122,11,28,1,0.0,0.0,0.013539270499798299,0.0016160839004023054,0.0,0.0,0.0,0.0,0.0014932022458227158,0.0,0.0,0.0,0.0,0.0,-0.003015430647122781,0.0,0.003923085543874002,-0.002801143423435111,0.0,0.014755068119339429
W_N_0122,12,7,0,0.0,0.0,-0.01205735258997453,0.0012188494679967973,0.0,0.0,0.0,0.0,-0.00023050508727753024,0.0,0.0,0.0,0.0,0.0,-0.001397489555820663,0.0,-0.0006920920866956647,-0.0018153456292168647,0.0,-0.014973935480988455
W_N_0122,12,15,0,0.0,0.0,-0.08205099797089994,-0.016125034700330998,0.0,0.0,0.0,0.0,-0.00023050508727753024,0.0,0.0,0.0,0.0,0.0,-0.0005688285440385084,0.0,-0.0006920920866956647,-0.005033600968795782,0.0,-0.10470105935803842
W_N_0122,12,25,0,0.0,0.0,-0.04487735684862576,0.0013162490087231047,0.0,0.0,0.0,0.0,-0.00023050508727753024,0.0,0.0,0.0,0.0,0.0,-0.000288844894598765,0.0,-0.0006920920866956647,-0.003927334905627688,0.0,-0.048699884814102305
W_N_0122,12,27,0,0.0,0.0,0.00597075802173398,0.0007785758439857746,0.0,0.0,0.0,0.0,-0.00023050508727753024,0.0,0.0,0.0,0.0,0.0,-0.0011178337772451993,0.0,-0.0006920920866956647,-0.0046291321576374025,0.0,7.977075686395763e-05
W_N_0122,12,28,0,0.0,0.0,0.009908093998913188,0.001843438875598791,0.0,0.0,0.0,0.0,0.0007400866045941602,0.0,0.0,0.0,0.0,0.0,-0.0021803147198143744,0.0,-0.0006920920866956647,-0.005121742471027629,0.0,0.004497470201568472
W_N_0122,12,31,1,0.0,0.0,0.028032923596586323,0.0006541568998414281,0.0,0.0,0.0,0.0,0.0005107217399381664,0.0,0.0,0.0,0.0,0.0,-0.0018877989730101026,0.0,-0.0006920920866956647,-0.003096397908401589,0.0,0.023521513268258555
W_N_0122,13,2,1,0.0,0.0,0.05081871517987779,0.00305571031516095,0.0,0.0,0.0,0.0,0.0007400866045941602,0.0,0.0,0.0,0.0,0.0,-0.002293111349566939,0.0,-0.0006920920866956647,-0.00011273414609754289,0.0,0.051516574517272755
W_N_0122,13,18,1,0.0,0.0,-0.025263943720549693,-0.009517898277702809,0.0,0.0,0.0,0.0,-0.00023050508727753024,0.0,0.0,0.0,0.0,0.0,-0.003814146264834138,0.0,-0.0006920920866956647,-0.002441479266287506,0.0,-0.041960064703347344
W_N_0122,13,33,0,0.0,0.0,0.053381555522302664,0.0010619845513600264,0.0,0.0,0.0,0.0,0.0007400866045941602,0.0,0.0,0.0,0.0,0.0,-0.0008117228924304431,0.0,-0.0006920920866956647,-0.0047753925358466265,0.0,0.04890441916328412
W_N_0122,14,16,1,0.0,0.0,-0.053181413204376006,-0.01957296233024927,0.0,0.0,0.0,0.0,-0.00015906781518297468,0.0,0.0,0.0,0.0,0.0,0.0013691239504040164,0.0,-0.0006920920866956647,-0.001258861882764953,0.0,-0.07349527336886486
W_N_0122,14,20,1,0.0,0.0,-0.05459129484115607,-0.009512941280437278,0.0,0.0,0.0,0.0,-0.00023050508727753024,0.0,0.0,0.0,0.0,0.0,-0.002007469861864398,0.0,-0.0006920920866956647,-0.0017012161045907442,0.0,-0.06873551926202168
W_N_0122,14,30,1,0.0,0.0,0.051649842482841594,0.0010729170312293304,0.0,0.0,0.0,0.0,0.0007400866045941602,0.0,0.0,0.0,0.0,0.0,-0.0014485737803533768,0.0,-0.0006920920866956647,-0.0016758160584422247,0.0,0.04964636419317382
W_N_0122,16,2,0,0.0,0.0,0.08101666851021293,0.0028396368465001937,0.0,0.0,0.0,0.0,0.0005073890775622098,0.0,0.0,0.0,0.0,0.0,-0.0010305780500203688,0.0,-0.0006920920866956647,-0.0034406794085466833,0.0,0.0792003448890126
W_N_0122,16,11,0,0.0,0.0,-0.04664381856696405,-0.003866639172468036,0.0,0.0,0.0,0.0,-0.00023050508727753024,0.0,0.0,0.0,0.0,0.0,0.02749813238992108,0.0,-0.0006920920866956647,-0.002034754574835278,0.0,-0.02596967709831948
W_N_0122,16,25,1,0.0,0.0,-0.05064868792915737,0.0030362077244321783,0.0,0.0,0.0,0.0,-0.00015906781518297468,0.0,0.0,0.0,0.0,0.0,-0.0009321865908804015,0.0,-0.0006920920866956647,-0.0028340298516584643,0.0,-0.052229856549142695
W_N_0122,17,30,0,0.0,0.0,0.04218428909677683,0.0011881112518420387,0.0,0.0,0.0,0.0,0.0007400866045941602,0.0,0.0,0.0,0.0,0.0,-0.001397706141584696,0.0,0.003923085543874002,0.0005969769284541258,0.0,0.04723484328395646
W_N_0122,18,6,0,0.0,0.0,0.0004621911068686776,0.0017496597295639156,0.0,0.0,0.0,0.0,-0.00023050508727753024,0.0,0.0,0.0,0.0,0.0,-0.0006586570915305096,0.0,-0.0006920920866956647,-0.0035798295304735727,0.0,-0.0029492329595446837
W_N_0122,18,14,1,0.0,0.0,-0.04732605780296449,-0.01405994534199582,0.0,0.0,0.0,0.0,-0.00015802983445603304,0.0,0.0,0.0,0.0,0.0,-0.0034430421829175035,0.0,-0.0006920920866956647,-0.0017045397332862203,0.0,-0.06738370698231573
W_N_0122,18,24,0,0.0,0.0,-0.04363640489960473,0.002395531772330158,0.0,0.0,0.0,0.0,-0.00015802983445603304,0.0,0.0,0.0,0.0,0.0,-0.003242457792979952,0.0,-0.0006920920866956647,-0.004332527406788467,0.0,-0.049665980248194685
W_N_0122,18,25,0,0.0,0.0,-0.03552147183902288,0.0010338005322439786,0.0,0.0,0.0,0.0,-0.00015906781518297468,0.0,0.0,0.0,0.0,0.0,-0.003598330712294748,0.0,-0.0006920920866956647,-0.004266033308380596,0.0,-0.04320319522933288
W_N_0122,19,8,1,0.0,0.0,0.0012349925227911158,0.0013710163737723881,0.0,0.0,0.0,0.0,-0.00023050508727753024,0.0,0.0,0.0,0.0,0.0,-0.0023309254322720686,0.0,-0.0006920920866956647,-0.0016628105254848226,0.0,-0.0023103242351665823
W_N_0122,20,1,1,0.0,0.0,0.04824317919766228,0.0009223417988453201,0.0,0.0,0.0,0.0,0.0005107217399381664,0.0,0.0,0.0,0.0,0.0,0.03002891610909039,0.0,-0.0006920920866956647,0.02279634466806645,0.0,0.10180941142690693
W_N_0122,21,3,1,0.0,0.0,0.05067926059025117,0.0032364008286813748,0.0,0.0,0.0,0.0,0.0007400866045941602,0.0,0.0,0.0,0.0,0.0,-0.0018682069845232395,0.0,0.003923085543874002,0.023233061697483518,0.0,0.07994368828036098
W_N_0122,22,8,1,0.0,0.0,0.012428008575277323,0.0018176653871740446,0.0,0.0,0.0,0.0,-0.00015802983445603304,0.0,0.0,0.0,0.0,0.0,-0.00022125734745223995,0.0,-0.0006920920866956647,-0.0031441185128757653,0.0,0.010030176180971665
W_N_0122,22,30,1,0.0,0.0,0.045967852920214144,0.0006603504228863176,0.0,0.0,0.0,0.0,0.0005073890775622098,0.0,0.0,0.0,0.0,0.0,-0.0024910045185672484,0.0,-0.0006920920866956647,-0.0017256653952261152,0.0,0.042226830420173646
W_N_0122,23,26,1,0.0,0.0,0.025607291067204628,0.0009209281598443179,0.0,0.0,0.0,0.0,-0.00015802983445603304,0.0,0.0,0.0,0.0,0.0,-0.0016380324364015653,0.0,0.003923085543874002,-0.0015788998587243936,0.0,0.027076342641340956
W_N_0122,24,4,0,0.0,0.0,0.0603141110664691,0.0009249875972705308,0.0,0.0,0.0,0.0,0.0007400866045941602,0.0,0.0,0.0,0.0,0.0,0.03398456763175937,0.0,-0.0006920920866956647,-0.001076738563654735,0.0,0.09419492224974274
W_N_0122,24,9,1,0.0,0.0,0.05614114248300901,0.0008698437036643101,0.0,0.0,0.0,0.0,0.0005073890775622098,0.0,0.0,0.0,0.0,0.0,-0.003989309627342826,0.0,0.003923085543874002,-0.002552887153078306,0.0,0.0548992640276884
W_N_0122,24,23,1,0.0,0.0,0.017793342262554503,0.001620202488971294,0.0,0.0,0.0,0.0,0.0005073890775622098,0.0,0.0,0.0,0.0,0.0,-0.0013200591917463698,0.0,-0.0006920920866956647,-0.0015435188555044013,0.0,0.01636526369514157
W_N_0122,25,6,1,0.0,0.0,0.02077411507183874,0.0012218220771228502,0.0,0.0,0.0,0.0,0.0005107217399381664,0.0,0.0,0.0,0.0,0.0,-0.0007870458776971178,0.0,-0.0006920920866956647,-1.605213586856446e-05,0.0,0.021011468788638406
W_N_0122,25,26,1,0.0,0.0,0.03071136009607357,0.001842603156411779,0.0,0.0,0.0,0.0,0.0005107217399381664,0.0,0.0,0.0,0.0,0.0,-0.0005940075885327626,0.0,-0.0006920920866956647,-0.0021037507809862944,0.0,0.029674834536208793
W_N_0122,26,7,0,0.0,0.0,0.04458714072551379,0.0018033221572688737,0.0,0.0,0.0,0.0,0.0005107217399381664,0.0,0.0,0.0,0.0,0.0,0.0007934395158841548,0.0,-0.0006920920866956647,0.0016400643433338814,0.0,0.0486425963952432
W_N_0122,26,8,0,0.0,0.0,0.04105852448781503,0.0012705318720103444,0.0,0.0,0.0,0.0,0.0007400866045941602,0.0,0.0,0.0,0.0,0.0,-0.0010895102661986956,0.0,0.003923085543874002,0.05046988136536261,0.0,0.09637259960745745
W_N_0122,26,15,1,0.0,0.0,0.05569212337676977,0.0061380132390285915,0.0,0.0,0.0,0.0,0.0005107217399381664,0.0,0.0,0.0,0.0,0.0,-0.0022543015500365326,0.0,-0.0006920920866956647,-0.002878393948248282,0.0,0.05651607077075606
W_N_0122,26,19,1,0.0,0.0,0.03847391029139238,0.0008634706485528789,0.0,0.0,0.0,0.0,0.0007400866045941602,0.0,0.0,0.0,0.0,0.0,-0.0010207093403524442,0.0,-0.0006920920866956647,-0.003379189648002139,0.0,0.03498547646948918
W_N_0122,28,14,1,0.0,0.0,0.03229057724735784,0.0014696388020629554,0.0,0.0,0.0,0.0,0.0007400866045941602,0.0,0.0,0.0,0.0,0.0,-0.0010228608571356463,0.0,-0.0006920920866956647,0.0022017539429917705,0.0,0.034987103653175415
W_N_0122,29,16,1,0.0,0.0,0.031108916421162314,0.0030799728702171534,0.0,0.0,0.0,0.0,0.0005073890775622098,0.0,0.0,0.0,0.0,0.0,-0.0009195302004325785,0.0,-0.0006920920866956647,-0.0006136513595078728,0.0,0.03247100472230557
