wafer_id,die_row,die_col,routed_to_model_b,attention_rank,block_start,block_end,attention_weight,mean_signal,max_signal
W_F_0014,1,15,True,1,0,2,1.0,96.95999908447266,98.70999908447266
W_F_0014,1,15,True,2,2,4,6.542044683754966e-12,110.54000091552734,114.61000061035156
W_F_0014,1,15,True,3,4,6,5.18548979456683e-19,111.78500366210938,116.95999908447266
W_F_0014,1,21,True,1,0,2,1.0,107.02499389648438,113.05999755859375
W_F_0014,1,21,True,2,2,4,5.593700233944585e-16,99.98500061035156,100.0
W_F_0014,1,21,True,3,1998,2000,8.065960760921906e-25,95.7750015258789,100.43000030517578
W_F_0014,3,10,True,1,0,2,1.0,89.23500061035156,92.0999984741211
W_F_0014,3,10,True,2,2,4,6.854548937999805e-13,92.11499786376953,93.48999786376953
W_F_0014,3,10,True,3,4,6,5.495891800969191e-18,100.19999694824219,108.0199966430664
W_F_0014,3,13,True,1,0,2,1.0,90.42500305175781,90.47000122070312
W_F_0014,3,13,True,2,2,4,1.59368718222197e-09,112.67500305175781,122.73999786376953
W_F_0014,3,13,True,3,4,6,4.433217301193412e-20,101.5050048828125,110.83000183105469
W_F_0014,4,16,True,1,0,2,1.0,94.04499816894531,99.69999694824219
W_F_0014,4,16,True,2,2,4,5.103729396570278e-13,107.1500015258789,116.1500015258789
W_F_0014,4,16,True,3,4,6,7.774826121823755e-24,97.99500274658203,103.2300033569336
W_F_0014,5,7,True,1,0,2,1.0,94.55999755859375,107.66000366210938
W_F_0014,5,7,True,2,2,4,6.37801037027888e-14,102.72000122070312,115.94000244140625
W_F_0014,5,7,True,3,4,6,6.125390701982081e-23,99.85499572753906,107.63999938964844
W_F_0014,5,13,True,1,0,2,1.0,102.21499633789062,107.79000091552734
W_F_0014,5,13,True,2,2,4,2.1301637720177926e-15,93.16999816894531,96.41999816894531
W_F_0014,5,13,True,3,4,6,8.5078724863604e-21,107.13999938964844,107.23999786376953
W_F_0014,5,14,True,1,0,2,1.0,80.02999877929688,88.70999908447266
W_F_0014,5,14,True,2,2,4,3.3577475652343813e-13,81.66000366210938,89.61000061035156
W_F_0014,5,14,True,3,4,6,2.750853750530449e-19,82.29000091552734,87.97000122070312
W_F_0014,5,18,True,1,0,2,1.0,92.41500091552734,93.91999816894531
W_F_0014,5,18,True,2,2,4,8.749899242654902e-12,104.76499938964844,111.44000244140625
W_F_0014,5,18,True,3,4,6,7.823093762756504e-21,99.8800048828125,106.41000366210938
W_F_0014,5,25,True,1,0,2,1.0,94.0050048828125,109.19000244140625
W_F_0014,5,25,True,2,2,4,3.7332472318596724e-14,103.32499694824219,105.5199966430664
W_F_0014,5,25,True,3,4,6,1.7068062853995073e-19,117.25499725341797,119.19999694824219
W_F_0014,6,21,True,1,0,2,1.0,100.04499816894531,103.61000061035156
W_F_0014,6,21,True,2,2,4,2.7641340517197462e-15,101.15499877929688,108.81999969482422
W_F_0014,6,21,True,3,4,6,2.6990326824946885e-22,101.92500305175781,104.3499984741211
W_F_0014,6,32,True,1,0,2,1.0,104.875,112.16000366210938
W_F_0014,6,32,True,2,2,4,1.5159153839432345e-15,103.95500183105469,107.72000122070312
W_F_0014,6,32,True,3,4,6,1.7023079690582589e-25,85.80999755859375,86.44999694824219
W_F_0014,7,14,True,1,0,2,1.0,106.77999877929688,112.38999938964844
W_F_0014,7,14,True,2,2,4,2.8666112211125645e-16,93.7449951171875,96.16999816894531
W_F_0014,7,14,True,3,4,6,1.326659924822516e-24,83.46499633789062,86.23999786376953
W_F_0014,8,32,True,1,0,2,1.0,98.1199951171875,102.43000030517578
W_F_0014,8,32,True,2,2,4,9.208571202117856e-15,85.4749984741211,86.02999877929688
W_F_0014,8,32,True,3,4,6,2.2734487218174568e-20,93.75499725341797,100.98999786376953
W_F_0014,8,34,True,1,0,2,1.0,93.69999694824219,96.87000274658203
W_F_0014,8,34,True,2,2,4,6.360838505220512e-12,102.90499877929688,114.13999938964844
W_F_0014,8,34,True,3,4,6,9.452664611086544e-21,95.96499633789062,99.94999694824219
W_F_0014,9,22,True,1,0,2,1.0,137.39999389648438,145.67999267578125
W_F_0014,9,22,True,2,2,4,1.227140290960246e-20,106.76499938964844,112.12000274658203
W_F_0014,9,22,True,3,4,6,3.9086785199193884e-26,108.47000122070312,117.1500015258789
W_F_0014,9,24,True,1,0,2,1.0,90.25,91.94999694824219
W_F_0014,9,24,True,2,2,4,1.2124825340791012e-13,99.33999633789062,106.51000213623047
W_F_0014,9,24,True,3,4,6,4.351208663635647e-18,118.16499328613281,123.87999725341797
W_F_0014,10,13,True,1,0,2,1.0,96.03500366210938,97.72000122070312
W_F_0014,10,13,True,2,2,4,6.39778741963301e-17,78.89500427246094,85.08000183105469
W_F_0014,10,13,True,3,4,6,8.011083683604642e-22,92.875,105.13999938964844
W_F_0014,11,12,True,1,0,2,1.0,102.44499969482422,102.58000183105469
W_F_0014,11,12,True,2,2,4,4.490556011890398e-14,100.85499572753906,105.95999908447266
W_F_0014,11,12,True,3,4,6,3.54140609470129e-20,110.26499938964844,113.06999969482422
W_F_0014,12,12,True,1,0,2,1.0,76.84500122070312,77.9800033569336
W_F_0014,12,12,True,2,2,4,2.3235429136292396e-09,98.67500305175781,105.93000030517578
W_F_0014,12,12,True,3,4,6,6.158873968274952e-15,104.07499694824219,111.30000305175781
W_F_0014,12,15,True,1,0,2,1.0,106.875,111.33000183105469
W_F_0014,12,15,True,2,2,4,1.6543527547765828e-16,100.31500244140625,105.45999908447266
W_F_0014,12,15,True,3,1998,2000,2.5393106897282695e-22,111.58000183105469,115.36000061035156
W_F_0014,12,33,True,1,0,2,1.0,123.70999908447266,126.16999816894531
W_F_0014,12,33,True,2,2,4,2.0252827119537284e-19,109.66999816894531,117.9800033569336
W_F_0014,12,33,True,3,4,6,4.031122982807707e-26,94.66499328613281,94.87999725341797
W_F_0014,13,2,True,1,0,2,1.0,112.57499694824219,117.87999725341797
W_F_0014,13,2,True,2,2,4,2.5491207731689913e-16,101.1300048828125,101.86000061035156
W_F_0014,13,2,True,3,4,6,7.397680400507547e-24,96.05500030517578,98.5999984741211
W_F_0014,13,12,True,1,0,2,1.0,109.76000213623047,110.97000122070312
W_F_0014,13,12,True,2,2,4,9.49779301070778e-17,101.02999877929688,101.9000015258789
W_F_0014,13,12,True,3,4,6,1.6715961319455792e-22,99.38500213623047,102.6500015258789
W_F_0014,13,18,True,1,0,2,1.0,79.52999877929688,85.80999755859375
W_F_0014,13,18,True,2,2,4,1.991768971976171e-09,110.07499694824219,114.2699966430664
W_F_0014,13,18,True,3,4,6,8.14847018747617e-18,99.29000091552734,103.5
W_F_0014,13,36,True,1,0,2,1.0,123.31500244140625,124.05000305175781
W_F_0014,13,36,True,2,2,4,2.770410885150617e-18,112.08499908447266,118.3499984741211
W_F_0014,13,36,True,3,1998,2000,2.386005260010482e-24,82.75,87.19000244140625
W_F_0014,13,37,True,1,0,2,1.0,80.27000427246094,82.04000091552734
W_F_0014,13,37,True,2,2,4,1.3071380089435536e-10,93.82499694824219,99.19000244140625
W_F_0014,13,37,True,3,1998,2000,9.893283690113081e-20,96.54499816894531,100.0999984741211
W_F_0014,14,11,True,1,0,2,1.0,92.93499755859375,102.73999786376953
W_F_0014,14,11,True,2,2,4,1.4267521219373316e-14,92.28500366210938,95.13999938964844
W_F_0014,14,11,True,3,4,6,1.2043766924128824e-16,97.86000061035156,113.05000305175781
W_F_0014,14,24,True,1,0,2,1.0,105.75,109.54000091552734
W_F_0014,14,24,True,2,2,4,3.53225047452558e-17,91.35000610351562,94.94000244140625
W_F_0014,14,24,True,3,4,6,1.3391861862364585e-20,101.60499572753906,102.41999816894531
W_F_0014,14,34,True,1,0,2,1.0,107.31500244140625,112.29000091552734
W_F_0014,14,34,True,2,2,4,1.1380771075255732e-17,92.78500366210938,96.06999969482422
W_F_0014,14,34,True,3,4,6,9.186650111555453e-21,101.4749984741211,104.0999984741211
W_F_0014,14,37,True,1,0,2,1.0,91.78999328613281,92.37999725341797
W_F_0014,14,37,True,2,2,4,2.806595017154634e-13,89.6300048828125,90.66000366210938
W_F_0014,14,37,True,3,4,6,1.2098655982599883e-16,105.125,106.77999877929688
W_F_0014,15,4,True,1,0,2,1.0,94.04499816894531,101.33000183105469
W_F_0014,15,4,True,2,2,4,1.412266397407449e-15,104.8699951171875,105.68000030517578
W_F_0014,15,4,True,3,4,6,4.035654871365142e-22,110.69499969482422,113.20999908447266
W_F_0014,15,8,True,1,0,2,1.0,89.75,90.7300033569336
W_F_0014,15,8,True,2,2,4,2.982729284373674e-14,94.47000122070312,95.18000030517578
W_F_0014,15,8,True,3,4,6,2.1574232315336833e-20,95.16000366210938,98.81999969482422
W_F_0014,15,32,True,1,0,2,1.0,102.46000671386719,105.76000213623047
W_F_0014,15,32,True,2,2,4,3.80205137935196e-15,96.40499877929688,98.05000305175781
W_F_0014,15,32,True,3,4,6,1.541451121979665e-22,89.65499877929688,91.5999984741211
W_F_0014,16,13,True,1,0,2,1.0,121.5050048828125,129.35000610351562
W_F_0014,16,13,True,2,2,4,1.9642232893635727e-18,113.94999694824219,114.55999755859375
W_F_0014,16,13,True,3,1998,2000,4.726564144663568e-25,110.69499969482422,113.12000274658203
W_F_0014,16,23,True,1,0,2,1.0,92.22999572753906,95.47000122070312
W_F_0014,16,23,True,2,2,4,1.2464966497947438e-15,92.06500244140625,92.56999969482422
W_F_0014,16,23,True,3,4,6,5.9759517951051434e-21,95.96499633789062,98.27999877929688
W_F_0014,16,27,True,1,0,2,1.0,100.33000183105469,103.41000366210938
W_F_0014,16,27,True,2,2,4,1.6996700338942246e-14,110.05999755859375,113.37000274658203
W_F_0014,16,27,True,3,4,6,1.3785474827885341e-21,116.21000671386719,119.05000305175781
W_F_0014,17,22,True,1,0,2,1.0,115.70500183105469,121.66999816894531
W_F_0014,17,22,True,2,2,4,2.927266125499812e-17,108.34500122070312,112.37000274658203
W_F_0014,17,22,True,3,4,6,4.2126442404859436e-24,96.75,101.69999694824219
W_F_0014,18,24,True,1,0,2,1.0,95.18499755859375,95.87999725341797
W_F_0014,18,24,True,2,2,4,2.698714224368213e-14,106.51000213623047,110.55000305175781
W_F_0014,18,24,True,3,4,6,2.582754837500601e-22,106.81999969482422,109.98999786376953
W_F_0014,18,39,True,1,0,2,1.0,91.92500305175781,92.01000213623047
W_F_0014,18,39,True,2,2,4,3.4430286719551104e-14,95.27999877929688,108.48999786376953
W_F_0014,18,39,True,3,4,6,3.1981839785111768e-21,104.95999908447266,106.63999938964844
W_F_0014,20,8,True,1,0,2,1.0,116.1300048828125,117.9000015258789
W_F_0014,20,8,True,2,2,4,2.82911949145917e-17,104.13500213623047,115.22000122070312
W_F_0014,20,8,True,3,4,6,2.8779867254771613e-22,97.7750015258789,98.87000274658203
W_F_0014,20,27,True,1,0,2,1.0,96.5050048828125,97.11000061035156
W_F_0014,20,27,True,2,2,4,3.467214173104652e-14,106.94999694824219,109.44999694824219
W_F_0014,20,27,True,3,4,6,5.525298876708585e-26,90.91500091552734,101.77999877929688
W_F_0014,21,6,True,1,0,2,1.0,102.51499938964844,103.94999694824219
W_F_0014,21,6,True,2,2,4,4.724826216037648e-13,106.76499938964844,113.70999908447266
W_F_0014,21,6,True,3,4,6,8.961115763251175e-21,108.03999328613281,117.80999755859375
W_F_0014,21,32,True,1,0,2,1.0,84.41000366210938,95.12000274658203
W_F_0014,21,32,True,2,2,4,5.626422938664888e-12,104.4000015258789,105.26000213623047
W_F_0014,21,32,True,3,1998,2000,8.376829386652885e-22,85.71000671386719,93.66000366210938
W_F_0014,21,36,True,1,0,2,1.0,115.71499633789062,117.22000122070312
W_F_0014,21,36,True,2,2,4,7.391944964703161e-19,102.71499633789062,110.88999938964844
W_F_0014,21,36,True,3,4,6,3.924583508345513e-22,112.44999694824219,116.79000091552734
W_F_0014,22,35,True,1,0,2,1.0,116.68000030517578,128.0
W_F_0014,22,35,True,2,2,4,1.2938678077854429e-17,96.87000274658203,103.58000183105469
W_F_0014,22,35,True,3,4,6,5.579402398994341e-23,81.2550048828125,87.4000015258789
W_F_0014,23,1,True,1,0,2,1.0,86.05999755859375,96.61000061035156
W_F_0014,23,1,True,2,2,4,2.0747928386206232e-13,84.66500091552734,84.75
W_F_0014,23,1,True,3,4,6,8.572030501675786e-18,98.08999633789062,100.41999816894531
W_F_0014,23,14,True,1,0,2,1.0,89.24000549316406,95.43000030517578
W_F_0014,23,14,True,2,2,4,2.1264232237007408e-13,97.58999633789062,100.02999877929688
W_F_0014,23,14,True,3,4,6,6.70323076777633e-19,102.80500030517578,104.26000213623047
W_F_0014,24,2,True,1,0,2,1.0,94.86000061035156,96.95999908447266
W_F_0014,24,2,True,2,2,4,1.584800216405946e-12,111.75,114.44999694824219
W_F_0014,24,2,True,3,4,6,3.3753114613992647e-23,97.24000549316406,104.94000244140625
W_F_0014,24,20,True,1,0,2,1.0,114.68499755859375,118.87000274658203
W_F_0014,24,20,True,2,2,4,1.5444289481675376e-15,105.55499267578125,108.33999633789062
W_F_0014,24,20,True,3,1998,2000,6.8173995448304675e-25,88.83000183105469,91.88999938964844
W_F_0014,24,27,True,1,0,2,1.0,114.11499786376953,116.7699966430664
W_F_0014,24,27,True,2,2,4,3.8988657728416365e-18,108.01499938964844,109.61000061035156
W_F_0014,24,27,True,3,4,6,2.546107538953481e-24,101.34500122070312,103.91000366210938
W_F_0014,25,6,True,1,0,2,1.0,115.26499938964844,126.08999633789062
W_F_0014,25,6,True,2,2,4,9.841044261750031e-19,99.4800033569336,108.55000305175781
W_F_0014,25,6,True,3,1226,1228,4.427725653283888e-27,104.4749984741211,105.45999908447266
W_F_0014,25,19,True,1,0,2,1.0,104.1199951171875,115.73999786376953
W_F_0014,25,19,True,2,2,4,6.332550874329395e-15,108.875,115.9800033569336
W_F_0014,25,19,True,3,4,6,1.070060282980011e-22,103.5999984741211,108.73999786376953
W_F_0014,27,13,True,1,0,2,1.0,106.84500122070312,108.70999908447266
W_F_0014,27,13,True,2,2,4,1.25051087128068e-16,102.3699951171875,104.80999755859375
W_F_0014,27,13,True,3,4,6,5.698459811165193e-23,91.88499450683594,93.88999938964844
W_F_0014,27,34,True,1,0,2,1.0,97.45500183105469,98.77999877929688
W_F_0014,27,34,True,2,2,4,4.586694251403761e-14,102.55500030517578,106.54000091552734
W_F_0014,27,34,True,3,4,6,1.4186396305703044e-20,109.32499694824219,113.66000366210938
W_F_0014,28,32,True,1,0,2,1.0,97.22999572753906,107.97000122070312
W_F_0014,28,32,True,2,2,4,4.238553206873698e-14,104.74000549316406,105.06999969482422
W_F_0014,28,32,True,3,1998,2000,1.446308627684876e-23,79.25,97.94999694824219
W_F_0014,29,13,True,1,0,2,1.0,119.76499938964844,123.76000213623047
W_F_0014,29,13,True,2,2,4,6.941319594509928e-16,117.7449951171875,131.39999389648438
W_F_0014,29,13,True,3,4,6,1.3767218267287466e-24,99.55999755859375,106.61000061035156
W_F_0014,29,24,True,1,0,2,1.0,112.96499633789062,115.01000213623047
W_F_0014,29,24,True,2,2,4,2.338669349374352e-16,103.45999908447266,109.33000183105469
W_F_0014,29,24,True,3,4,6,1.653450090760525e-24,103.13500213623047,106.2300033569336
W_F_0014,29,26,True,1,0,2,1.0,100.49000549316406,106.4000015258789
W_F_0014,29,26,True,2,2,4,1.5610716301862024e-17,88.88499450683594,94.45999908447266
W_F_0014,29,26,True,3,4,6,2.33119174468734e-20,95.69000244140625,98.0999984741211
W_F_0014,30,14,True,1,0,2,1.0,87.26499938964844,97.38999938964844
W_F_0014,30,14,True,2,2,4,3.991714181417194e-10,106.8800048828125,119.5999984741211
W_F_0014,30,14,True,3,4,6,1.5121120091410769e-19,108.30999755859375,109.9000015258789
W_F_0014,30,15,True,1,0,2,1.0,91.66500091552734,101.2300033569336
W_F_0014,30,15,True,2,2,4,2.0496588638580643e-13,97.7699966430664,99.58999633789062
W_F_0014,30,15,True,3,4,6,3.355448890398496e-17,113.30000305175781,114.04000091552734
W_F_0014,30,16,True,1,0,2,1.0,103.68000030517578,107.91999816894531
W_F_0014,30,16,True,2,2,4,1.6218002960553812e-13,103.875,104.91999816894531
W_F_0014,30,16,True,3,4,6,2.785591044854352e-22,99.92500305175781,108.54000091552734
W_F_0014,30,18,True,1,0,2,1.0,90.97000122070312,95.12999725341797
W_F_0014,30,18,True,2,2,4,1.9774631931923636e-10,109.2750015258789,114.44000244140625
W_F_0014,30,18,True,3,4,6,5.620639917274685e-20,105.76499938964844,108.68000030517578
W_F_0014,30,22,True,1,0,2,1.0,98.79499816894531,104.5
W_F_0014,30,22,True,2,2,4,2.042792747024985e-14,94.33999633789062,99.41999816894531
W_F_0014,30,22,True,3,4,6,1.04428442329587e-21,90.99500274658203,97.08000183105469
W_F_0014,31,5,True,1,0,2,1.0,86.06500244140625,93.58000183105469
W_F_0014,31,5,True,2,2,4,7.654978213811336e-12,103.89500427246094,111.93000030517578
W_F_0014,31,5,True,3,4,6,1.415214211030237e-18,110.20500183105469,126.18000030517578
W_F_0014,31,16,True,1,0,2,1.0,97.1449966430664,99.0199966430664
W_F_0014,31,16,True,2,2,4,3.892867710857725e-15,90.97999572753906,95.43000030517578
W_F_0014,31,16,True,3,4,6,2.2378607299907833e-20,96.05000305175781,102.43000030517578
W_F_0014,32,5,True,1,0,2,1.0,102.10000610351562,105.51000213623047
W_F_0014,32,5,True,2,2,4,2.270681032253124e-15,108.61000061035156,110.16000366210938
W_F_0014,32,5,True,3,4,6,2.9057420075664574e-22,104.60000610351562,120.08000183105469
W_F_0014,32,22,True,1,0,2,1.0,106.10499572753906,106.58999633789062
W_F_0014,32,22,True,2,2,4,5.145186018098947e-15,106.78500366210938,108.61000061035156
W_F_0014,32,22,True,3,4,6,1.015404268469762e-20,95.22500610351562,106.04000091552734
W_F_0014,32,27,True,1,0,2,1.0,101.7449951171875,104.1500015258789
W_F_0014,32,27,True,2,2,4,8.077429513014128e-14,108.78500366210938,110.51000213623047
W_F_0014,32,27,True,3,4,6,9.595962019983992e-20,111.72000122070312,114.0999984741211
W_F_0014,33,8,True,1,0,2,1.0,104.85499572753906,109.68000030517578
W_F_0014,33,8,True,2,2,4,4.677301365771554e-14,105.41499328613281,112.0199966430664
W_F_0014,33,8,True,3,4,6,4.297191985724816e-23,93.03500366210938,98.37000274658203
W_F_0014,33,15,True,1,0,2,1.0,99.56500244140625,106.4000015258789
W_F_0014,33,15,True,2,2,4,3.0572669396100594e-11,111.05000305175781,118.55000305175781
W_F_0014,33,15,True,3,4,6,7.564007320908199e-19,104.77499389648438,107.37999725341797
W_F_0014,33,22,True,1,0,2,1.0,118.66999816894531,140.42999267578125
W_F_0014,33,22,True,2,2,4,1.2747116903262408e-18,95.22000122070312,99.83000183105469
W_F_0014,33,22,True,3,4,6,1.0058949798709717e-24,86.33999633789062,92.16000366210938
W_F_0014,33,25,True,1,0,2,1.0,102.15499877929688,110.86000061035156
W_F_0014,33,25,True,2,2,4,2.7181054343330003e-15,99.72500610351562,100.22000122070312
W_F_0014,33,25,True,3,4,6,5.014585059049808e-22,96.9000015258789,99.13999938964844
W_F_0014,33,27,True,1,0,2,1.0,102.22000122070312,103.13999938964844
W_F_0014,33,27,True,2,2,4,1.0548736566868243e-15,103.11000061035156,111.44999694824219
W_F_0014,33,27,True,3,4,6,4.9082002555592246e-24,90.03500366210938,93.56999969482422
W_F_0014,34,10,True,1,0,2,1.0,92.70500183105469,100.9800033569336
W_F_0014,34,10,True,2,2,4,4.664629922287219e-15,97.9949951171875,99.0999984741211
W_F_0014,34,10,True,3,4,6,6.396917256647877e-22,103.0999984741211,109.94999694824219
W_F_0014,35,31,True,1,0,2,1.0,109.77499389648438,116.55999755859375
W_F_0014,35,31,True,2,2,4,1.391505229440997e-17,98.79000091552734,103.91999816894531
W_F_0014,35,31,True,3,1998,2000,1.8600888916673672e-23,86.39500427246094,91.41000366210938
W_F_0014,36,17,True,1,0,2,1.0,100.97000122070312,103.8499984741211
W_F_0014,36,17,True,2,2,4,2.806754123823446e-14,95.44999694824219,105.1500015258789
W_F_0014,36,17,True,3,4,6,2.081502874313269e-21,101.85499572753906,104.19000244140625
W_F_0014,36,22,True,1,0,2,1.0,99.68499755859375,100.12999725341797
W_F_0014,36,22,True,2,2,4,1.1392640786173623e-15,98.69999694824219,100.56999969482422
W_F_0014,36,22,True,3,4,6,1.158770178261687e-20,110.02000427246094,116.04000091552734
W_F_0014,37,10,True,1,0,2,1.0,103.36000061035156,109.2300033569336
W_F_0014,37,10,True,2,2,4,2.081295984895145e-14,108.57499694824219,110.11000061035156
W_F_0014,37,10,True,3,4,6,1.3885581718519994e-23,98.13999938964844,98.68000030517578
W_F_0014,37,12,True,1,0,2,1.0,91.05999755859375,94.45999908447266
W_F_0014,37,12,True,2,2,4,1.2429360620976656e-14,97.125,99.91000366210938
W_F_0014,37,12,True,3,4,6,1.0782046167361275e-17,121.2249984741211,121.66999816894531
W_F_0014,37,21,True,1,0,2,1.0,103.96499633789062,107.5999984741211
W_F_0014,37,21,True,2,2,4,9.60868682886011e-17,95.82499694824219,101.83999633789062
W_F_0014,37,21,True,3,4,6,9.146192578548513e-21,107.26499938964844,120.79000091552734
W_F_0014,38,22,True,1,0,2,1.0,91.83999633789062,97.12999725341797
W_F_0014,38,22,True,2,2,4,1.7899356042488934e-12,102.52000427246094,109.02999877929688
W_F_0014,38,22,True,3,4,6,2.2649938115085196e-18,104.08999633789062,108.16999816894531
W_F_0014,38,27,True,1,0,2,1.0,109.53500366210938,111.91999816894531
W_F_0014,38,27,True,2,2,4,1.1262564484180066e-17,101.79499816894531,111.62999725341797
W_F_0014,38,27,True,3,4,6,2.0981965342193897e-21,112.78999328613281,117.94999694824219
W_F_0014,40,18,True,1,0,2,1.0,95.88499450683594,97.2699966430664
W_F_0014,40,18,True,2,2,4,3.3733446266372147e-14,96.38500213623047,97.11000061035156
W_F_0014,40,18,True,3,4,6,8.228445281469537e-23,94.34500122070312,97.7300033569336
W_F_0014,40,20,True,1,0,2,1.0,115.25999450683594,122.20999908447266
W_F_0014,40,20,True,2,2,4,5.9179732196311385e-19,106.8800048828125,107.13999938964844
W_F_0014,40,20,True,3,1998,2000,4.448202366633826e-23,109.15499877929688,123.18000030517578
W_F_0014,40,23,True,1,0,2,1.0,109.24000549316406,110.97000122070312
W_F_0014,40,23,True,2,2,4,1.7056374233592785e-16,113.25,116.0199966430664
W_F_0014,40,23,True,3,1998,2000,2.7191495526286266e-25,113.72500610351562,118.41000366210938
W_N_0018,0,10,True,1,0,2,1.0,110.68000030517578,121.33000183105469
W_N_0018,0,10,True,2,2,4,4.455251001022481e-15,108.44999694824219,110.18000030517578
W_N_0018,0,10,True,3,4,6,4.1146637224491613e-25,95.25,97.43000030517578
W_N_0018,3,11,True,1,0,2,1.0,89.4949951171875,91.68000030517578
W_N_0018,3,11,True,2,2,4,2.163745311395404e-12,88.30499267578125,96.08999633789062
W_N_0018,3,11,True,3,4,6,5.142764675157547e-18,97.06500244140625,110.08999633789062
W_N_0018,4,4,True,1,0,2,1.0,109.33999633789062,110.36000061035156
W_N_0018,4,4,True,2,2,4,1.6061725678246925e-15,102.72000122070312,105.69999694824219
W_N_0018,4,4,True,3,4,6,5.1551399485185e-25,85.47999572753906,85.61000061035156
W_N_0018,5,17,True,1,0,2,1.0,114.14999389648438,115.69999694824219
W_N_0018,5,17,True,2,2,4,8.387214364593675e-16,106.66500091552734,119.05000305175781
W_N_0018,5,17,True,3,1998,2000,4.441517145171008e-25,116.54499816894531,116.80000305175781
W_N_0018,6,3,True,1,0,2,1.0,107.64500427246094,118.56999969482422
W_N_0018,6,3,True,2,2,4,1.7437888460947962e-16,113.51499938964844,125.19000244140625
W_N_0018,6,3,True,3,4,6,4.537456140488885e-24,108.8699951171875,109.81999969482422
W_N_0018,6,4,True,1,0,2,1.0,74.37000274658203,80.51000213623047
W_N_0018,6,4,True,2,2,4,2.8115527683780783e-08,94.02000427246094,97.37000274658203
W_N_0018,6,4,True,3,4,6,6.543191874685541e-16,102.93000030517578,112.37999725341797
W_N_0018,6,9,True,1,0,2,1.0,99.30500030517578,100.25
W_N_0018,6,9,True,2,2,4,4.4810567067935306e-15,104.4749984741211,105.88999938964844
W_N_0018,6,9,True,3,4,6,7.791125565847432e-24,104.08000183105469,112.94999694824219
W_N_0018,6,20,True,1,0,2,1.0,93.20999908447266,94.36000061035156
W_N_0018,6,20,True,2,2,4,1.4078443272280694e-12,98.9949951171875,108.79000091552734
W_N_0018,6,20,True,3,4,6,2.2775980342534332e-20,105.78500366210938,107.36000061035156
W_N_0018,8,11,True,1,0,2,1.0,76.13499450683594,77.58999633789062
W_N_0018,8,11,True,2,2,4,1.5878380424730332e-12,83.61500549316406,94.25
W_N_0018,8,11,True,3,4,6,8.7055460345407e-21,98.13500213623047,103.33000183105469
W_N_0018,9,22,True,1,0,2,1.0,116.00499725341797,116.44999694824219
W_N_0018,9,22,True,2,2,4,9.462780771484126e-18,98.8499984741211,105.88999938964844
W_N_0018,9,22,True,3,4,6,5.743695264838055e-25,91.91500091552734,91.95999908447266
W_N_0018,12,2,True,1,0,2,1.0,78.14500427246094,85.83000183105469
W_N_0018,12,2,True,2,2,4,4.701083966551778e-10,94.27000427246094,95.7300033569336
W_N_0018,12,2,True,3,4,6,3.367432886657769e-20,99.40499877929688,103.6500015258789
W_N_0018,12,12,True,1,0,2,1.0,98.93000030517578,104.47000122070312
W_N_0018,12,12,True,2,2,4,8.430354938443463e-13,105.83999633789062,107.48999786376953
W_N_0018,12,12,True,3,1998,2000,1.7183229659717182e-20,87.72999572753906,102.37000274658203
W_N_0018,12,23,True,1,0,2,1.0,101.76000213623047,108.22000122070312
W_N_0018,12,23,True,2,2,4,1.7589267807001087e-17,97.21499633789062,100.9000015258789
W_N_0018,12,23,True,3,4,6,9.179699830461897e-24,99.49500274658203,103.80000305175781
W_N_0018,13,2,True,1,0,2,1.0,91.44499969482422,99.63999938964844
W_N_0018,13,2,True,2,2,4,9.93042521585559e-14,101.8800048828125,111.88999938964844
W_N_0018,13,2,True,3,4,6,2.9780869817916017e-24,95.70999908447266,97.20999908447266
W_N_0018,15,14,True,1,0,2,1.0,106.70500183105469,113.5999984741211
W_N_0018,15,14,True,2,2,4,6.183498063084582e-15,125.19499969482422,138.0800018310547
W_N_0018,15,14,True,3,1336,1338,3.463918211539861e-24,88.28500366210938,96.04000091552734
W_N_0018,15,15,True,1,0,2,1.0,105.0,113.97000122070312
W_N_0018,15,15,True,2,2,4,8.332192378198179e-19,89.90499877929688,95.95999908447266
W_N_0018,15,15,True,3,4,6,1.2016569484728257e-21,100.40499877929688,104.5999984741211
W_N_0018,19,7,True,1,0,2,1.0,93.72999572753906,99.18000030517578
W_N_0018,19,7,True,2,2,4,5.104778565460065e-14,109.56500244140625,118.54000091552734
W_N_0018,19,7,True,3,4,6,5.85277329278606e-20,113.52999877929688,118.41999816894531
W_N_0018,20,9,True,1,0,2,1.0,95.07499694824219,97.13999938964844
W_N_0018,20,9,True,2,2,4,4.660857637339699e-12,114.73500061035156,122.23999786376953
W_N_0018,20,9,True,3,4,6,1.535266603944026e-21,109.04000091552734,123.76000213623047
W_N_0018,21,6,True,1,0,2,1.0,109.5050048828125,118.25
W_N_0018,21,6,True,2,2,4,4.1114327441401047e-17,98.92500305175781,107.0
W_N_0018,21,6,True,3,4,6,1.5301506453361633e-21,104.31500244140625,108.95999908447266
W_N_0018,21,13,True,1,0,2,1.0,94.72999572753906,106.27999877929688
W_N_0018,21,13,True,2,2,4,5.938893821166857e-11,95.8800048828125,110.05000305175781
W_N_0018,21,13,True,3,4,6,6.83800301546638e-17,103.16000366210938,103.19000244140625
W_N_0018,21,17,True,1,0,2,1.0,96.4949951171875,100.4000015258789
W_N_0018,21,17,True,2,2,4,2.672241988370969e-15,92.36000061035156,92.54000091552734
W_N_0018,21,17,True,3,4,6,1.1402438367005568e-20,90.72999572753906,95.63999938964844
W_N_0018,22,17,True,1,0,2,1.0,93.48500061035156,95.29000091552734
W_N_0018,22,17,True,2,2,4,7.227653371633114e-12,103.2750015258789,106.1500015258789
W_N_0018,22,17,True,3,1998,2000,2.531987125965251e-23,106.44000244140625,108.44000244140625
W_N_0018,24,10,True,1,0,2,1.0,108.69000244140625,119.94000244140625
W_N_0018,24,10,True,2,2,4,4.213203504598525e-18,106.35499572753906,107.70999908447266
W_N_0018,24,10,True,3,1998,2000,6.237631093754375e-23,111.7750015258789,135.7100067138672
W_N_0018,25,10,True,1,0,2,1.0,104.2249984741211,112.3499984741211
W_N_0018,25,10,True,2,2,4,3.1079285255051505e-16,103.28500366210938,120.41000366210938
W_N_0018,25,10,True,3,4,6,4.9648087563457034e-23,111.07499694824219,111.11000061035156
W_N_0018,26,10,True,1,0,2,1.0,100.29000091552734,105.77999877929688
W_N_0018,26,10,True,2,2,4,7.864790912506824e-17,100.80999755859375,102.23999786376953
W_N_0018,26,10,True,3,4,6,8.001742156848084e-21,114.47999572753906,120.11000061035156
W_N_0108,2,8,True,1,0,2,1.0,90.26499938964844,92.91999816894531
W_N_0108,2,8,True,2,2,4,1.8710293731016847e-13,96.4949951171875,99.20999908447266
W_N_0108,2,8,True,3,4,6,1.5552635401561307e-18,115.81999969482422,118.23999786376953
W_N_0108,2,15,True,1,0,2,1.0,101.79000091552734,108.16000366210938
W_N_0108,2,15,True,2,2,4,1.0428317280888888e-13,95.25499725341797,103.5199966430664
W_N_0108,2,15,True,3,4,6,4.241350415510393e-22,99.18499755859375,100.61000061035156
W_N_0108,3,19,True,1,0,2,1.0,91.33999633789062,105.04000091552734
W_N_0108,3,19,True,2,2,4,2.445973071319303e-16,93.76499938964844,95.58999633789062
W_N_0108,3,19,True,3,1998,2000,1.3871015599120315e-24,110.91500091552734,116.25
W_N_0108,4,15,True,1,0,2,1.0,110.64500427246094,112.61000061035156
W_N_0108,4,15,True,2,2,4,1.1252086587360857e-17,94.4749984741211,105.68000030517578
W_N_0108,4,15,True,3,4,6,2.601612021014494e-22,90.38499450683594,96.66999816894531
W_N_0108,5,7,True,1,0,2,1.0,96.69999694824219,99.44000244140625
W_N_0108,5,7,True,2,2,4,1.136451399836886e-15,92.7550048828125,101.69000244140625
W_N_0108,5,7,True,3,4,6,5.832621751347591e-21,95.94000244140625,97.94999694824219
W_N_0108,5,10,True,1,0,2,1.0,87.93000030517578,88.69000244140625
W_N_0108,5,10,True,2,2,4,1.4395201271776535e-14,92.625,100.0999984741211
W_N_0108,5,10,True,3,4,6,1.934560385802268e-18,98.74500274658203,104.26000213623047
W_N_0108,6,7,True,1,0,2,1.0,100.89500427246094,112.29000091552734
W_N_0108,6,7,True,2,2,4,1.8256355222056111e-16,102.5250015258789,109.36000061035156
W_N_0108,6,7,True,3,1998,2000,3.03833071140152e-24,116.375,117.55999755859375
W_N_0108,6,11,True,1,0,2,1.0,114.44499969482422,115.94000244140625
W_N_0108,6,11,True,2,2,4,3.0546729171333125e-15,104.13999938964844,107.27999877929688
W_N_0108,6,11,True,3,1998,2000,4.572751765317954e-22,102.05000305175781,107.11000061035156
W_N_0108,6,12,True,1,0,2,1.0,98.42500305175781,101.26000213623047
W_N_0108,6,12,True,2,2,4,1.1631959978553041e-10,114.02499389648438,118.12999725341797
W_N_0108,6,12,True,3,4,6,5.304565783970238e-22,102.41500091552734,112.76000213623047
W_N_0108,6,18,True,1,0,2,1.0,81.99000549316406,82.11000061035156
W_N_0108,6,18,True,2,2,4,5.568851586465473e-13,88.09500122070312,93.44999694824219
W_N_0108,6,18,True,3,4,6,6.778087070563252e-14,120.625,128.47000122070312
W_N_0108,6,23,True,1,0,2,1.0,101.77000427246094,103.77999877929688
W_N_0108,6,23,True,2,2,4,2.1055243459118175e-14,102.43499755859375,121.31999969482422
W_N_0108,6,23,True,3,4,6,1.2835360151346588e-22,95.82499694824219,97.63999938964844
W_N_0108,7,10,True,1,0,2,1.0,92.94000244140625,99.55999755859375
W_N_0108,7,10,True,2,2,4,5.874939206992891e-13,101.73999786376953,103.98999786376953
W_N_0108,7,10,True,3,4,6,2.9671419385710944e-18,108.72500610351562,113.7300033569336
W_N_0108,7,15,True,1,0,2,1.0,118.29000091552734,122.95999908447266
W_N_0108,7,15,True,2,2,4,1.0763348576795126e-17,99.61000061035156,104.0
W_N_0108,7,15,True,3,4,6,7.212210129789677e-25,81.32499694824219,82.08000183105469
W_N_0108,8,5,True,1,0,2,1.0,105.04499816894531,106.7699966430664
W_N_0108,8,5,True,2,2,4,2.2721737414754112e-13,101.44000244140625,102.0
W_N_0108,8,5,True,3,4,6,4.137338996609742e-20,96.63999938964844,102.0
W_N_0108,8,13,True,1,0,2,1.0,115.5250015258789,122.18000030517578
W_N_0108,8,13,True,2,2,4,6.633535217699603e-18,94.8949966430664,102.0199966430664
W_N_0108,8,13,True,3,4,6,6.347568642772147e-23,92.75,101.43000030517578
W_N_0108,9,10,True,1,0,2,1.0,114.54499816894531,123.06999969482422
W_N_0108,9,10,True,2,2,4,5.204545240009581e-15,95.5250015258789,95.63999938964844
W_N_0108,9,10,True,3,4,6,8.796709375590034e-22,95.40499877929688,95.73999786376953
W_N_0108,9,15,True,1,0,2,1.0,91.70999908447266,92.58000183105469
W_N_0108,9,15,True,2,2,4,4.496898594599438e-14,91.91000366210938,105.08000183105469
W_N_0108,9,15,True,3,4,6,2.285544299571484e-20,99.47000122070312,111.61000061035156
W_N_0108,10,0,True,1,0,2,1.0,90.28999328613281,95.55999755859375
W_N_0108,10,0,True,2,2,4,1.7351523551312198e-09,122.55500793457031,130.9600067138672
W_N_0108,10,0,True,3,4,6,5.314855559400196e-22,96.25999450683594,97.70999908447266
W_N_0108,11,6,True,1,0,2,1.0,110.02999877929688,117.68000030517578
W_N_0108,11,6,True,2,2,4,1.382136879608242e-16,102.61500549316406,109.55000305175781
W_N_0108,11,6,True,3,4,6,8.432056315893005e-25,94.33000183105469,96.47000122070312
W_N_0108,11,10,True,1,0,2,1.0,92.58500671386719,94.26000213623047
W_N_0108,11,10,True,2,2,4,3.2232148807626038e-12,118.91000366210938,121.47000122070312
W_N_0108,11,10,True,3,4,6,7.997252238254604e-22,112.88999938964844,116.05999755859375
W_N_0108,11,26,True,1,0,2,1.0,128.3249969482422,136.41000366210938
W_N_0108,11,26,True,2,2,4,6.493893843712063e-20,99.46000671386719,100.69000244140625
W_N_0108,11,26,True,3,1998,2000,5.35082560896564e-28,97.80000305175781,108.31999969482422
W_N_0108,12,2,True,1,0,2,1.0,99.80500030517578,103.38999938964844
W_N_0108,12,2,True,2,2,4,9.138757052539262e-15,94.54000091552734,94.58000183105469
W_N_0108,12,2,True,3,4,6,1.6975581880469013e-21,98.60499572753906,106.0999984741211
W_N_0108,12,4,True,1,0,2,1.0,101.22999572753906,105.8499984741211
W_N_0108,12,4,True,2,2,4,2.881084991889979e-14,101.8499984741211,102.75
W_N_0108,12,4,True,3,4,6,4.5734447638459726e-24,94.61000061035156,96.18000030517578
W_N_0108,13,15,True,1,0,2,1.0,118.61500549316406,126.61000061035156
W_N_0108,13,15,True,2,2,4,2.2119177675040546e-18,87.43499755859375,88.22000122070312
W_N_0108,13,15,True,3,4,6,1.3093758167283335e-22,108.80999755859375,113.08999633789062
W_N_0108,13,18,True,1,0,2,1.0,97.84500122070312,106.05999755859375
W_N_0108,13,18,True,2,2,4,1.166361086116501e-15,96.77000427246094,98.11000061035156
W_N_0108,13,18,True,3,4,6,8.046892162685414e-21,101.2550048828125,103.55000305175781
W_N_0108,14,0,True,1,0,2,1.0,100.58000183105469,102.58999633789062
W_N_0108,14,0,True,2,2,4,4.9139875281129387e-17,101.93499755859375,123.3499984741211
W_N_0108,14,0,True,3,4,6,1.5631048489570024e-23,110.33999633789062,117.08999633789062
W_N_0108,14,8,True,1,0,2,1.0,98.45999908447266,112.58000183105469
W_N_0108,14,8,True,2,2,4,2.472304943369275e-16,102.35499572753906,103.55999755859375
W_N_0108,14,8,True,3,4,6,1.92322296819097e-24,92.77999877929688,100.58999633789062
W_N_0108,14,23,True,1,0,2,1.0,83.5050048828125,89.1500015258789
W_N_0108,14,23,True,2,2,4,4.856340481661225e-13,78.19000244140625,82.80000305175781
W_N_0108,14,23,True,3,4,6,6.062643613928575e-17,97.56500244140625,99.12000274658203
W_N_0108,15,20,True,1,0,2,1.0,106.22999572753906,110.18000030517578
W_N_0108,15,20,True,2,2,4,3.9796527478697097e-16,94.58000183105469,94.98999786376953
W_N_0108,15,20,True,3,4,6,2.0299349044103392e-23,98.05500030517578,108.73999786376953
W_N_0108,16,6,True,1,0,2,1.0,94.62999725341797,101.19999694824219
W_N_0108,16,6,True,2,2,4,6.300278495522532e-14,100.79000091552734,107.5
W_N_0108,16,6,True,3,1998,2000,3.999636492174709e-23,104.26499938964844,113.58000183105469
W_N_0108,17,11,True,1,0,2,1.0,108.45500183105469,124.87000274658203
W_N_0108,17,11,True,2,2,4,9.523665764430561e-16,107.66000366210938,118.19000244140625
W_N_0108,17,11,True,3,4,6,1.1071533810241679e-21,110.22999572753906,118.11000061035156
W_N_0108,17,16,True,1,0,2,1.0,83.10499572753906,91.20999908447266
W_N_0108,17,16,True,2,2,4,3.232335787917151e-10,91.41000366210938,97.06999969482422
W_N_0108,17,16,True,3,4,6,3.91869018788113e-14,98.7449951171875,106.36000061035156
W_N_0108,18,12,True,1,0,2,1.0,102.22000122070312,105.77999877929688
W_N_0108,18,12,True,2,2,4,1.312656275722409e-15,96.58999633789062,97.29000091552734
W_N_0108,18,12,True,3,4,6,4.397490853549364e-21,89.58000183105469,95.30000305175781
W_N_0108,18,24,True,1,0,2,1.0,93.93499755859375,101.93000030517578
W_N_0108,18,24,True,2,2,4,3.5472189421903444e-13,85.42500305175781,92.55999755859375
W_N_0108,18,24,True,3,4,6,1.5428198899702198e-17,93.30500030517578,97.5999984741211
W_N_0108,19,14,True,1,0,2,1.0,88.44999694824219,91.87999725341797
W_N_0108,19,14,True,2,2,4,1.186141245987371e-12,96.90499877929688,104.87999725341797
W_N_0108,19,14,True,3,4,6,2.393623395290236e-19,96.97500610351562,103.55000305175781
W_N_0108,20,9,True,1,0,2,1.0,105.02000427246094,116.91000366210938
W_N_0108,20,9,True,2,2,4,4.195839537629326e-15,100.48500061035156,101.26000213623047
W_N_0108,20,9,True,3,4,6,2.4518964448408774e-23,93.49000549316406,94.11000061035156
W_N_0108,22,19,True,1,0,2,1.0,95.5250015258789,108.9000015258789
W_N_0108,22,19,True,2,2,4,1.532362019392164e-13,114.75,116.73999786376953
W_N_0108,22,19,True,3,4,6,1.9788989170583417e-23,106.55500030517578,113.2300033569336
W_N_0108,23,14,True,1,0,2,1.0,110.55000305175781,112.29000091552734
W_N_0108,23,14,True,2,2,4,5.092539426416185e-16,99.69999694824219,104.31999969482422
W_N_0108,23,14,True,3,4,6,1.7635304236021428e-23,96.45500183105469,105.02999877929688
W_N_0108,23,18,True,1,0,2,1.0,100.65499877929688,100.7300033569336
W_N_0108,23,18,True,2,2,4,1.6571752935499607e-17,96.10499572753906,98.70999908447266
W_N_0108,23,18,True,3,4,6,8.983285455747625e-23,96.04000091552734,98.76000213623047
W_N_0108,24,10,True,1,0,2,1.0,99.68000030517578,107.19000244140625
W_N_0108,24,10,True,2,2,4,1.5707517209660737e-13,111.61500549316406,113.87000274658203
W_N_0108,24,10,True,3,4,6,3.754848409445815e-22,103.34500122070312,104.4000015258789
W_N_0006,0,13,True,1,0,2,1.0,100.9000015258789,108.69000244140625
W_N_0006,0,13,True,2,2,4,2.0792553978219146e-15,94.9749984741211,102.16999816894531
W_N_0006,0,13,True,3,4,6,2.149331886491009e-20,110.4949951171875,119.11000061035156
W_N_0006,2,10,True,1,0,2,1.0,94.14999389648438,97.37999725341797
W_N_0006,2,10,True,2,2,4,2.2413489589160653e-14,106.30500030517578,110.33000183105469
W_N_0006,2,10,True,3,4,6,1.0053858056553923e-22,101.51499938964844,110.16999816894531
W_N_0006,2,16,True,1,0,2,1.0,96.72000122070312,96.7300033569336
W_N_0006,2,16,True,2,2,4,5.50668960029501e-14,100.68000030517578,101.29000091552734
W_N_0006,2,16,True,3,4,6,7.691946053782069e-20,108.61000061035156,113.91999816894531
W_N_0006,2,17,True,1,0,2,1.0,101.64500427246094,106.23999786376953
W_N_0006,2,17,True,2,2,4,3.9128646340830936e-14,106.41499328613281,107.37999725341797
W_N_0006,2,17,True,3,4,6,2.001453318085606e-24,104.63999938964844,112.61000061035156
W_N_0006,2,20,True,1,0,2,1.0,88.3699951171875,105.11000061035156
W_N_0006,2,20,True,2,2,4,8.52771542532389e-16,91.01499938964844,92.62999725341797
W_N_0006,2,20,True,3,4,6,4.829406441568195e-20,104.2449951171875,107.52999877929688
W_N_0006,4,5,True,1,0,2,1.0,101.46499633789062,107.87000274658203
W_N_0006,4,5,True,2,2,4,3.909665856509435e-17,93.95999908447266,96.72000122070312
W_N_0006,4,5,True,3,4,6,1.279392627864496e-19,111.91000366210938,115.04000091552734
W_N_0006,4,11,True,1,0,2,1.0,105.93499755859375,113.08999633789062
W_N_0006,4,11,True,2,2,4,1.0261574530647804e-16,93.48999786376953,95.7699966430664
W_N_0006,4,11,True,3,4,6,1.5531911392977814e-22,91.6300048828125,93.27999877929688
W_N_0006,6,3,True,1,0,2,1.0,97.70500183105469,105.9000015258789
W_N_0006,6,3,True,2,2,4,2.2378066247790004e-15,105.55999755859375,114.30999755859375
W_N_0006,6,3,True,3,4,6,2.1201201021134106e-22,115.02000427246094,117.63999938964844
W_N_0006,6,21,True,1,0,2,1.0,113.91500091552734,115.87000274658203
W_N_0006,6,21,True,2,2,4,6.878787238286369e-18,107.94000244140625,110.2300033569336
W_N_0006,6,21,True,3,4,6,6.308765945490149e-26,105.77499389648438,107.20999908447266
W_N_0006,7,2,True,1,0,2,1.0,87.53500366210938,89.52999877929688
W_N_0006,7,2,True,2,2,4,2.509039525623591e-13,81.66000366210938,83.9800033569336
W_N_0006,7,2,True,3,4,6,1.6538723613640365e-17,103.59500122070312,108.0
W_N_0006,7,17,True,1,0,2,1.0,85.65499877929688,86.69999694824219
W_N_0006,7,17,True,2,2,4,7.426352894722606e-16,92.8550033569336,96.9800033569336
W_N_0006,7,17,True,3,4,6,1.2852773716879572e-19,92.39999389648438,98.33999633789062
W_N_0006,7,20,True,1,0,2,1.0,99.79499816894531,103.63999938964844
W_N_0006,7,20,True,2,2,4,2.0128480147571775e-15,94.73500061035156,107.55999755859375
W_N_0006,7,20,True,3,4,6,2.1078013451332234e-19,113.375,118.97000122070312
W_N_0006,7,21,True,1,0,2,1.0,102.40499877929688,103.33000183105469
W_N_0006,7,21,True,2,2,4,6.825530402378502e-14,114.8699951171875,115.05999755859375
W_N_0006,7,21,True,3,4,6,1.792870195297359e-20,110.4749984741211,121.68000030517578
W_N_0006,8,3,True,1,0,2,1.0,106.08500671386719,108.87000274658203
W_N_0006,8,3,True,2,2,4,1.3931618445678362e-14,100.04000091552734,106.87000274658203
W_N_0006,8,3,True,3,4,6,9.110173574580244e-24,94.44499969482422,95.94000244140625
W_N_0006,8,16,True,1,0,2,1.0,95.66000366210938,96.3499984741211
W_N_0006,8,16,True,2,2,4,1.2277708689133193e-15,91.83999633789062,92.41999816894531
W_N_0006,8,16,True,3,4,6,9.89913534671204e-20,104.08999633789062,106.8499984741211
W_N_0006,9,10,True,1,0,2,1.0,87.9000015258789,92.62000274658203
W_N_0006,9,10,True,2,2,4,8.063183801199081e-12,96.22000122070312,101.6500015258789
W_N_0006,9,10,True,3,4,6,5.96215914000219e-19,97.95500183105469,99.4000015258789
W_N_0006,9,16,True,1,0,2,1.0,86.90499877929688,89.45999908447266
W_N_0006,9,16,True,2,2,4,1.0993666033401982e-15,96.47000122070312,107.91999816894531
W_N_0006,9,16,True,3,4,6,8.320168978818842e-23,103.73999786376953,104.48999786376953
W_N_0006,9,22,True,1,0,2,1.0,88.0999984741211,91.5199966430664
W_N_0006,9,22,True,2,2,4,9.879101659990286e-13,93.42500305175781,97.6500015258789
W_N_0006,9,22,True,3,4,6,3.443057551043003e-20,98.91000366210938,117.58000183105469
W_N_0006,10,5,True,1,0,2,1.0,104.39500427246094,114.38999938964844
W_N_0006,10,5,True,2,2,4,2.2676698301256348e-14,95.5,106.20999908447266
W_N_0006,10,5,True,3,1998,2000,2.459465407454292e-23,115.64500427246094,116.83000183105469
W_N_0006,10,13,True,1,0,2,1.0,97.30000305175781,106.04000091552734
W_N_0006,10,13,True,2,2,4,6.925793480586757e-16,88.82000732421875,99.7300033569336
W_N_0006,10,13,True,3,4,6,1.322726810698559e-19,108.1199951171875,117.02999877929688
W_N_0006,11,1,True,1,0,2,1.0,99.63499450683594,102.98999786376953
W_N_0006,11,1,True,2,2,4,1.3585260744315448e-15,107.69000244140625,114.36000061035156
W_N_0006,11,1,True,3,4,6,3.673540200400323e-21,108.91999816894531,109.37999725341797
W_N_0006,12,3,True,1,0,2,1.0,104.33499908447266,104.63999938964844
W_N_0006,12,3,True,2,2,4,2.9135330876817493e-15,88.16999816894531,92.11000061035156
W_N_0006,12,3,True,3,4,6,6.0274413648558685e-21,88.88999938964844,95.81999969482422
W_N_0006,12,23,True,1,0,2,1.0,105.99000549316406,110.76000213623047
W_N_0006,12,23,True,2,2,4,1.885845006376611e-16,101.53500366210938,110.33000183105469
W_N_0006,12,23,True,3,4,6,2.3067211733844787e-22,101.01499938964844,107.7300033569336
W_N_0006,13,19,True,1,0,2,1.0,90.21499633789062,96.13999938964844
W_N_0006,13,19,True,2,2,4,1.7437933041986042e-11,99.30999755859375,107.0999984741211
W_N_0006,13,19,True,3,4,6,7.256663194435293e-19,102.91999816894531,105.08000183105469
W_N_0006,14,12,True,1,0,2,1.0,104.56500244140625,116.33999633789062
W_N_0006,14,12,True,2,2,4,1.9085468790264553e-17,97.02999877929688,97.87999725341797
W_N_0006,14,12,True,3,1998,2000,1.3073096322453786e-22,112.58999633789062,121.80999755859375
W_N_0006,14,20,True,1,0,2,1.0,93.09500122070312,94.69999694824219
W_N_0006,14,20,True,2,2,4,1.8753453108998064e-13,95.60000610351562,96.54000091552734
W_N_0006,14,20,True,3,4,6,7.077369437907209e-21,98.86000061035156,106.9000015258789
W_N_0006,14,21,True,1,0,2,1.0,94.42500305175781,98.94999694824219
W_N_0006,14,21,True,2,2,4,1.969847455453571e-14,80.30499267578125,82.08999633789062
W_N_0006,14,21,True,3,4,6,1.0775261631977115e-17,95.16999816894531,104.6500015258789
W_N_0006,14,23,True,1,0,2,1.0,72.93499755859375,74.87000274658203
W_N_0006,14,23,True,2,2,4,2.627619788420077e-10,86.23999786376953,90.0999984741211
W_N_0006,14,23,True,3,4,6,2.556172216575765e-15,108.50999450683594,114.80999755859375
W_N_0006,14,24,True,1,0,2,1.0,103.17500305175781,115.87999725341797
W_N_0006,14,24,True,2,2,4,2.034960402768314e-14,109.94999694824219,111.97000122070312
W_N_0006,14,24,True,3,4,6,2.9714757042057345e-21,116.73999786376953,119.30999755859375
W_N_0006,15,5,True,1,0,2,1.0,101.5050048828125,105.9800033569336
W_N_0006,15,5,True,2,2,4,2.6431566557314455e-14,89.28500366210938,93.2300033569336
W_N_0006,15,5,True,3,4,6,4.722176207641333e-21,87.79000091552734,95.31999969482422
W_N_0006,15,14,True,1,0,2,1.0,92.45500183105469,93.95999908447266
W_N_0006,15,14,True,2,2,4,8.953416714559364e-16,94.47999572753906,103.0999984741211
W_N_0006,15,14,True,3,4,6,1.162805216988509e-18,100.33000183105469,106.62999725341797
W_N_0006,16,11,True,1,0,2,1.0,95.0,101.16999816894531
W_N_0006,16,11,True,2,2,4,1.5188204426780372e-12,108.18000030517578,117.80999755859375
W_N_0006,16,11,True,3,4,6,4.1850165960911123e-23,88.49000549316406,98.12000274658203
W_N_0006,16,19,True,1,0,2,1.0,91.82499694824219,96.66000366210938
W_N_0006,16,19,True,2,2,4,6.504252160737661e-14,105.57499694824219,113.11000061035156
W_N_0006,16,19,True,3,4,6,4.746898931706117e-22,113.375,115.7699966430664
W_N_0006,17,8,True,1,0,2,1.0,111.94000244140625,115.33000183105469
W_N_0006,17,8,True,2,2,4,6.122235558141467e-16,107.20999908447266,116.23999786376953
W_N_0006,17,8,True,3,4,6,1.6979700475923518e-24,101.05000305175781,109.7300033569336
W_N_0006,17,24,True,1,0,2,1.0,114.19999694824219,126.52999877929688
W_N_0006,17,24,True,2,2,4,1.843591818322208e-18,106.82499694824219,106.86000061035156
W_N_0006,17,24,True,3,4,6,2.3783730307524687e-23,101.41500091552734,106.70999908447266
W_N_0006,18,2,True,1,0,2,1.0,101.1300048828125,104.56999969482422
W_N_0006,18,2,True,2,2,4,1.968840841499054e-14,119.2750015258789,119.94000244140625
W_N_0006,18,2,True,3,4,6,1.0033207571321409e-22,114.81999969482422,124.68000030517578
W_N_0006,20,5,True,1,0,2,1.0,86.16000366210938,86.29000091552734
W_N_0006,20,5,True,2,2,4,6.371515121061933e-11,104.52999877929688,114.80000305175781
W_N_0006,20,5,True,3,4,6,2.605330191809468e-19,96.30000305175781,98.7699966430664
W_N_0006,20,18,True,1,0,2,1.0,113.73999786376953,116.95999908447266
W_N_0006,20,18,True,2,2,4,6.363294484397916e-18,108.33500671386719,116.19000244140625
W_N_0006,20,18,True,3,4,6,4.660071058962489e-25,98.29499816894531,109.83999633789062
W_N_0006,21,5,True,1,0,2,1.0,102.0,106.05000305175781
W_N_0006,21,5,True,2,2,4,1.8408607276742704e-15,104.2449951171875,117.13999938964844
W_N_0006,21,5,True,3,1998,2000,1.8255394977002008e-22,89.84500122070312,108.11000061035156
W_N_0006,22,16,True,1,0,2,1.0,94.08000183105469,94.93000030517578
W_N_0006,22,16,True,2,2,4,4.940389243535126e-12,101.09500122070312,102.69000244140625
W_N_0006,22,16,True,3,4,6,6.5254771989306e-21,93.07499694824219,94.2699966430664
W_N_0006,23,11,True,1,0,2,1.0,114.10499572753906,114.77999877929688
W_N_0006,23,11,True,2,2,4,4.506938235248249e-17,98.80999755859375,99.30000305175781
W_N_0006,23,11,True,3,4,6,2.933300081825019e-26,81.75999450683594,97.30999755859375
W_N_0006,23,12,True,1,0,2,1.0,104.0,106.48999786376953
W_N_0006,23,12,True,2,2,4,3.6628449555420643e-16,100.69999694824219,104.80000305175781
W_N_0006,23,12,True,3,4,6,4.2206931145196584e-21,103.48500061035156,110.5999984741211
W_N_0145,3,11,True,1,0,2,1.0,110.09500122070312,119.22000122070312
W_N_0145,3,11,True,2,2,4,6.743115142166953e-18,100.98999786376953,107.83999633789062
W_N_0145,3,11,True,3,4,6,1.3171839797175814e-25,84.91999816894531,89.93000030517578
W_N_0145,3,18,True,1,0,2,1.0,92.125,99.30999755859375
W_N_0145,3,18,True,2,2,4,2.7743402058110975e-14,100.33000183105469,103.9800033569336
W_N_0145,3,18,True,3,4,6,1.823272475541664e-20,99.84500122070312,108.70999908447266
W_N_0145,4,14,True,1,0,2,1.0,118.32499694824219,135.14999389648438
W_N_0145,4,14,True,2,2,4,1.978316254972853e-17,103.3699951171875,106.75
W_N_0145,4,14,True,3,4,6,9.511060262054305e-25,95.02000427246094,109.18000030517578
W_N_0145,5,6,True,1,0,2,1.0,95.72999572753906,98.4000015258789
W_N_0145,5,6,True,2,2,4,5.579710304903784e-12,100.29499816894531,101.77999877929688
W_N_0145,5,6,True,3,4,6,1.6464716063118865e-22,90.63499450683594,96.93000030517578
W_N_0145,5,7,True,1,0,2,1.0,89.70500183105469,102.08000183105469
W_N_0145,5,7,True,2,2,4,5.427873099849703e-15,90.16500091552734,95.56999969482422
W_N_0145,5,7,True,3,4,6,1.3035071399189188e-19,96.31999969482422,103.05999755859375
W_N_0145,5,14,True,1,0,2,1.0,110.55999755859375,115.25
W_N_0145,5,14,True,2,2,4,4.2458593544112e-18,94.3800048828125,104.30000305175781
W_N_0145,5,14,True,3,4,6,1.0268058546145544e-19,110.15499877929688,110.88999938964844
W_N_0145,5,21,True,1,0,2,1.0,85.56999969482422,86.2699966430664
W_N_0145,5,21,True,2,2,4,1.066244141589845e-11,100.2550048828125,104.36000061035156
W_N_0145,5,21,True,3,4,6,1.8507245057543855e-16,107.38499450683594,117.80999755859375
W_N_0145,8,16,True,1,0,2,1.0,94.08499908447266,100.97000122070312
W_N_0145,8,16,True,2,2,4,5.034621591154531e-12,97.58500671386719,106.12000274658203
W_N_0145,8,16,True,3,4,6,3.724867917400801e-18,105.11000061035156,107.95999908447266
W_N_0145,9,8,True,1,0,2,1.0,103.52999877929688,104.88999938964844
W_N_0145,9,8,True,2,2,4,2.534791665031056e-14,98.23500061035156,101.33000183105469
W_N_0145,9,8,True,3,4,6,1.815215380946228e-20,96.2449951171875,102.33999633789062
W_N_0145,10,2,True,1,0,2,1.0,91.91999816894531,97.26000213623047
W_N_0145,10,2,True,2,2,4,1.5042691213756204e-13,98.85499572753906,105.3499984741211
W_N_0145,10,2,True,3,4,6,1.0513488333015827e-18,90.25,104.0
W_N_0145,10,23,True,1,0,2,1.0,122.3699951171875,123.91999816894531
W_N_0145,10,23,True,2,2,4,6.059790104479087e-20,110.8499984741211,115.23999786376953
W_N_0145,10,23,True,3,1998,2000,4.63602805768555e-25,98.36500549316406,106.36000061035156
W_N_0145,11,1,True,1,0,2,1.0,100.31999969482422,111.12000274658203
W_N_0145,11,1,True,2,2,4,1.1214164633791684e-13,100.5,101.83000183105469
W_N_0145,11,1,True,3,4,6,4.440291957252728e-20,115.9949951171875,119.48999786376953
W_N_0145,11,16,True,1,0,2,1.0,93.26000213623047,99.05000305175781
W_N_0145,11,16,True,2,2,4,2.7352574279984262e-15,86.30999755859375,99.12999725341797
W_N_0145,11,16,True,3,4,6,1.83744921645242e-17,99.97999572753906,101.11000061035156
W_N_0145,12,4,True,1,0,2,1.0,93.13500213623047,95.55000305175781
W_N_0145,12,4,True,2,2,4,1.5167339606492192e-11,115.15499877929688,126.93000030517578
W_N_0145,12,4,True,3,4,6,4.870480805742855e-19,114.46499633789062,116.05000305175781
W_N_0145,13,3,True,1,0,2,1.0,114.58999633789062,121.4000015258789
W_N_0145,13,3,True,2,2,4,3.9962347413011927e-16,101.50999450683594,105.02999877929688
W_N_0145,13,3,True,3,4,6,4.0770912734703773e-23,92.67500305175781,106.1500015258789
W_N_0145,13,20,True,1,0,2,1.0,103.16999816894531,104.58000183105469
W_N_0145,13,20,True,2,2,4,7.409968630544747e-16,92.40499877929688,93.86000061035156
W_N_0145,13,20,True,3,4,6,1.0510847558910251e-17,95.91999816894531,98.88999938964844
W_N_0145,13,26,True,1,0,2,1.0,105.03500366210938,106.83999633789062
W_N_0145,13,26,True,2,2,4,3.4010958929727244e-16,87.95999908447266,100.7699966430664
W_N_0145,13,26,True,3,4,6,2.1380470103607688e-20,97.45999908447266,103.47000122070312
W_N_0145,14,6,True,1,0,2,1.0,101.4949951171875,102.30999755859375
W_N_0145,14,6,True,2,2,4,3.183758663064147e-14,104.5,106.43000030517578
W_N_0145,14,6,True,3,4,6,1.9297894277489123e-20,97.93499755859375,99.5199966430664
W_N_0145,14,23,True,1,0,2,1.0,98.82499694824219,99.76000213623047
W_N_0145,14,23,True,2,2,4,5.036512961515641e-16,85.46499633789062,90.87000274658203
W_N_0145,14,23,True,3,4,6,4.51208526937171e-23,84.27000427246094,87.62999725341797
W_N_0145,17,0,True,1,0,2,1.0,94.93000030517578,103.73999786376953
W_N_0145,17,0,True,2,2,4,9.465761236903542e-14,93.25999450683594,95.66999816894531
W_N_0145,17,0,True,3,4,6,6.973558561837488e-18,108.64999389648438,116.0199966430664
W_N_0145,20,18,True,1,0,2,1.0,107.67500305175781,113.91999816894531
W_N_0145,20,18,True,2,2,4,2.781247717144309e-15,102.31999969482422,107.4000015258789
W_N_0145,20,18,True,3,4,6,1.8343798955811172e-19,108.41500091552734,108.43000030517578
W_N_0145,24,5,True,1,0,2,1.0,94.93499755859375,102.43000030517578
W_N_0145,24,5,True,2,2,4,1.8665310182880424e-13,93.43000030517578,94.41999816894531
W_N_0145,24,5,True,3,4,6,5.2799184876297675e-21,89.69499969482422,90.45999908447266
W_N_0145,24,24,True,1,0,2,1.0,100.25,104.88999938964844
W_N_0145,24,24,True,2,2,4,4.8096387441319555e-14,95.53999328613281,96.0199966430664
W_N_0145,24,24,True,3,4,6,1.440831497000167e-20,98.6199951171875,100.61000061035156
W_N_0145,26,16,True,1,0,2,1.0,92.41000366210938,95.19999694824219
W_N_0145,26,16,True,2,2,4,8.31605877910091e-12,92.47000122070312,97.33000183105469
W_N_0145,26,16,True,3,4,6,3.475047957317333e-17,102.05000305175781,107.66999816894531
W_N_0145,26,20,True,1,0,2,1.0,104.62999725341797,104.62999725341797
W_N_0145,26,20,True,2,2,4,2.077231836110924e-17,101.08499908447266,108.52999877929688
W_N_0145,26,20,True,3,4,6,2.6111369169107495e-22,94.09500122070312,99.19999694824219
W_N_0145,28,8,True,1,0,2,1.0,106.84500122070312,116.11000061035156
W_N_0145,28,8,True,2,2,4,1.809714512258007e-17,109.81500244140625,110.61000061035156
W_N_0145,28,8,True,3,1998,2000,1.6487908573732363e-22,101.41999816894531,106.97000122070312
W_N_0145,29,6,True,1,0,2,1.0,93.0,99.30999755859375
W_N_0145,29,6,True,2,2,4,2.0423387108954772e-16,94.63500213623047,100.62000274658203
W_N_0145,29,6,True,3,4,6,2.236400320001101e-21,106.95999908447266,115.44999694824219
W_N_0145,33,17,True,1,0,2,1.0,100.05000305175781,103.26000213623047
W_N_0145,33,17,True,2,2,4,8.347829873645192e-15,97.2750015258789,103.62000274658203
W_N_0145,33,17,True,3,4,6,2.3942147082591763e-21,105.0250015258789,109.01000213623047
W_F_0019,1,24,True,1,0,2,1.0,98.47999572753906,104.54000091552734
W_F_0019,1,24,True,2,2,4,6.080214456916089e-12,95.48500061035156,95.72000122070312
W_F_0019,1,24,True,3,4,6,9.46605718219166e-20,90.62999725341797,106.66999816894531
W_F_0019,2,15,True,1,0,2,1.0,104.80500030517578,116.27999877929688
W_F_0019,2,15,True,2,2,4,2.5795220429604792e-17,95.80999755859375,99.51000213623047
W_F_0019,2,15,True,3,4,6,1.3126008063266218e-23,100.32499694824219,104.69999694824219
W_F_0019,3,11,True,1,0,2,1.0,103.46499633789062,109.25
W_F_0019,3,11,True,2,2,4,1.5947800805632406e-15,110.75,116.6500015258789
W_F_0019,3,11,True,3,4,6,2.516146798988413e-24,101.05500030517578,103.66000366210938
W_F_0019,3,15,True,1,0,2,1.0,102.11499786376953,108.88999938964844
W_F_0019,3,15,True,2,2,4,1.4416557682882247e-13,112.55500030517578,114.91999816894531
W_F_0019,3,15,True,3,1998,2000,1.133559420664723e-22,99.52000427246094,105.38999938964844
W_F_0019,4,22,True,1,0,2,1.0,90.89500427246094,93.13999938964844
W_F_0019,4,22,True,2,2,4,1.8798873048508913e-12,106.79000091552734,113.43000030517578
W_F_0019,4,22,True,3,4,6,2.7241178029484435e-21,92.88499450683594,95.19999694824219
W_F_0019,7,12,True,1,0,2,1.0,90.77999877929688,93.06999969482422
W_F_0019,7,12,True,2,2,4,7.759180462362994e-17,85.49000549316406,86.43000030517578
W_F_0019,7,12,True,3,4,6,1.0414707331517894e-23,92.33999633789062,94.87000274658203
W_F_0019,7,24,True,1,0,2,1.0,95.99500274658203,109.91000366210938
W_F_0019,7,24,True,2,2,4,4.867145017943e-16,92.73500061035156,103.08000183105469
W_F_0019,7,24,True,3,4,6,1.3030112968404815e-17,118.68000030517578,123.80000305175781
W_F_0019,8,18,True,1,0,2,1.0,103.68499755859375,105.08999633789062
W_F_0019,8,18,True,2,2,4,4.472669068912463e-16,92.88999938964844,94.41000366210938
W_F_0019,8,18,True,3,4,6,5.048236103266818e-20,102.91000366210938,106.77999877929688
W_F_0019,8,20,True,1,0,2,1.0,105.4949951171875,114.33999633789062
W_F_0019,8,20,True,2,2,4,3.0762318961683605e-14,106.77999877929688,124.8499984741211
W_F_0019,8,20,True,3,4,6,1.7867031811385738e-22,89.8699951171875,96.61000061035156
W_F_0019,9,16,True,1,0,2,1.0,104.85499572753906,107.44000244140625
W_F_0019,9,16,True,2,2,4,2.9333725051305763e-15,106.04499816894531,111.66999816894531
W_F_0019,9,16,True,3,4,6,1.1813273289425228e-20,114.93499755859375,125.55000305175781
W_F_0019,9,34,True,1,0,2,1.0,81.35499572753906,93.08000183105469
W_F_0019,9,34,True,2,2,4,6.079788755775084e-11,90.35499572753906,94.37000274658203
W_F_0019,9,34,True,3,4,6,2.3751096067377384e-15,111.44499969482422,122.98999786376953
W_F_0019,13,11,True,1,0,2,1.0,108.77000427246094,109.55000305175781
W_F_0019,13,11,True,2,2,4,3.6843137996836126e-16,103.69499969482422,111.0199966430664
W_F_0019,13,11,True,3,4,6,2.3517852628028997e-23,99.85499572753906,103.77999877929688
W_F_0019,13,27,True,1,0,2,1.0,116.89999389648438,117.48999786376953
W_F_0019,13,27,True,2,2,4,1.92766805224068e-15,114.56999969482422,118.68000030517578
W_F_0019,13,27,True,3,4,6,6.43185836738614e-22,109.46499633789062,111.41999816894531
W_F_0019,14,7,True,1,0,2,1.0,105.9000015258789,111.31999969482422
W_F_0019,14,7,True,2,2,4,2.1123868374438824e-14,106.25999450683594,111.31999969482422
W_F_0019,14,7,True,3,4,6,1.4169028340116915e-21,102.44999694824219,103.02999877929688
W_F_0019,14,14,True,1,0,2,1.0,86.61500549316406,90.56999969482422
W_F_0019,14,14,True,2,2,4,5.613270265270032e-12,97.66999816894531,98.04000091552734
W_F_0019,14,14,True,3,4,6,1.1250235357149963e-18,101.44000244140625,103.12999725341797
W_F_0019,15,15,True,1,0,2,1.0,92.8699951171875,104.0199966430664
W_F_0019,15,15,True,2,2,4,1.6289584698486737e-13,89.33000183105469,95.95999908447266
W_F_0019,15,15,True,3,4,6,6.041950532852703e-19,93.09500122070312,103.72000122070312
W_F_0019,15,23,True,1,0,2,1.0,103.38999938964844,113.80000305175781
W_F_0019,15,23,True,2,2,4,7.543448423416935e-15,91.84500122070312,96.38999938964844
W_F_0019,15,23,True,3,4,6,9.360629135712656e-20,97.63499450683594,100.87999725341797
W_F_0019,16,39,True,1,0,2,1.0,98.14999389648438,98.20999908447266
W_F_0019,16,39,True,2,2,4,1.0005881621302434e-14,110.2550048828125,114.7300033569336
W_F_0019,16,39,True,3,4,6,4.138252530354602e-21,110.94999694824219,124.86000061035156
W_F_0019,18,25,True,1,0,2,1.0,114.58999633789062,122.37000274658203
W_F_0019,18,25,True,2,2,4,3.919953088197451e-18,109.11000061035156,115.38999938964844
W_F_0019,18,25,True,3,4,6,1.1309026317992472e-23,110.79000091552734,112.16999816894531
W_F_0019,18,29,True,1,0,2,1.0,107.09500122070312,114.83999633789062
W_F_0019,18,29,True,2,2,4,7.657240311858735e-16,100.3699951171875,114.5199966430664
W_F_0019,18,29,True,3,1450,1452,2.3053201721940242e-24,106.21499633789062,106.47000122070312
W_F_0019,19,32,True,1,0,2,1.0,102.05500030517578,113.12000274658203
W_F_0019,19,32,True,2,2,4,1.042175514723992e-13,98.77999877929688,100.75
W_F_0019,19,32,True,3,4,6,9.682155273787783e-19,98.19999694824219,99.93000030517578
W_F_0019,22,5,True,1,0,2,1.0,114.38999938964844,125.77999877929688
W_F_0019,22,5,True,2,2,4,7.326014959977637e-16,109.72000122070312,112.11000061035156
W_F_0019,22,5,True,3,4,6,3.461395039934512e-24,94.41000366210938,103.08000183105469
W_F_0019,22,6,True,1,0,2,1.0,116.25999450683594,118.16999816894531
W_F_0019,22,6,True,2,2,4,1.197649218015328e-19,100.79499816894531,103.12000274658203
W_F_0019,22,6,True,3,4,6,2.192126742770991e-26,103.06999969482422,109.26000213623047
W_F_0019,22,22,True,1,0,2,1.0,96.13500213623047,100.16000366210938
W_F_0019,22,22,True,2,2,4,6.98589703269979e-15,98.05999755859375,107.62999725341797
W_F_0019,22,22,True,3,4,6,6.205721954380546e-19,108.18000030517578,113.23999786376953
W_F_0019,23,19,True,1,0,2,1.0,103.07499694824219,104.37999725341797
W_F_0019,23,19,True,2,2,4,1.1550118107702488e-17,84.98500061035156,89.22000122070312
W_F_0019,23,19,True,3,4,6,7.444766876851465e-22,93.04000091552734,96.27999877929688
W_F_0019,23,31,True,1,0,2,1.0,93.2550048828125,94.01000213623047
W_F_0019,23,31,True,2,2,4,1.7811446761939465e-13,90.11000061035156,93.58999633789062
W_F_0019,23,31,True,3,4,6,5.771268012402492e-22,83.31500244140625,90.45999908447266
W_F_0019,23,33,True,1,0,2,1.0,93.36499786376953,94.48999786376953
W_F_0019,23,33,True,2,2,4,4.585211550722779e-12,107.22999572753906,108.44999694824219
W_F_0019,23,33,True,3,1998,2000,1.564381383673831e-23,89.82499694824219,92.76000213623047
W_F_0019,23,34,True,1,0,2,1.0,102.5050048828125,106.86000061035156
W_F_0019,23,34,True,2,2,4,2.3550783297089134e-17,84.875,88.20999908447266
W_F_0019,23,34,True,3,4,6,1.1894940411249933e-20,115.32499694824219,120.33000183105469
W_F_0019,23,36,True,1,0,2,1.0,104.16499328613281,112.37999725341797
W_F_0019,23,36,True,2,2,4,4.4939980996781554e-15,98.55000305175781,99.87999725341797
W_F_0019,23,36,True,3,4,6,2.0553377086169576e-22,100.06500244140625,103.47000122070312
W_F_0019,25,24,True,1,0,2,1.0,115.55000305175781,118.93000030517578
W_F_0019,25,24,True,2,2,4,7.074819530884392e-17,94.18499755859375,94.2300033569336
W_F_0019,25,24,True,3,1998,2000,7.365207237166963e-26,114.08500671386719,119.30000305175781
W_F_0019,26,5,True,1,0,2,1.0,104.74000549316406,112.11000061035156
W_F_0019,26,5,True,2,2,4,6.224179361475311e-15,88.35499572753906,88.83000183105469
W_F_0019,26,5,True,3,4,6,9.410924301895294e-22,97.19499969482422,108.52999877929688
W_F_0019,26,26,True,1,0,2,1.0,110.47000122070312,110.98999786376953
W_F_0019,26,26,True,2,2,4,6.504347790757406e-15,115.10000610351562,117.08000183105469
W_F_0019,26,26,True,3,4,6,4.837026858107469e-25,96.40499877929688,101.16999816894531
W_F_0019,31,14,True,1,0,2,1.0,105.7750015258789,111.54000091552734
W_F_0019,31,14,True,2,2,4,1.1163505139051534e-16,93.57499694824219,95.58999633789062
W_F_0019,31,14,True,3,4,6,3.6741165611103395e-20,96.91000366210938,98.0
W_F_0019,32,5,True,1,0,2,1.0,104.66499328613281,121.19999694824219
W_F_0019,32,5,True,2,2,4,4.09939382515611e-15,98.9000015258789,100.18000030517578
W_F_0019,32,5,True,3,4,6,1.2507564590073484e-20,103.65499877929688,110.5
W_F_0019,32,29,True,1,0,2,1.0,105.23999786376953,106.2699966430664
W_F_0019,32,29,True,2,2,4,4.236399022094329e-16,94.78500366210938,103.69999694824219
W_F_0019,32,29,True,3,4,6,3.595154689454239e-22,97.22500610351562,98.12000274658203
W_F_0019,34,21,True,1,0,2,1.0,104.86000061035156,108.27999877929688
W_F_0019,34,21,True,2,2,4,8.63774722863371e-14,117.27000427246094,117.47000122070312
W_F_0019,34,21,True,3,4,6,4.5842240747992746e-23,105.34500122070312,107.77999877929688
W_F_0019,34,22,True,1,0,2,1.0,108.38999938964844,116.9000015258789
W_F_0019,34,22,True,2,2,4,3.3615889528238038e-15,99.68499755859375,108.02999877929688
W_F_0019,34,22,True,3,4,6,3.2106475153857347e-24,78.0999984741211,82.41999816894531
W_F_0019,40,19,True,1,0,2,1.0,97.9949951171875,103.61000061035156
W_F_0019,40,19,True,2,2,4,5.763478141463697e-15,94.31999969482422,97.8499984741211
W_F_0019,40,19,True,3,4,6,1.0207481460325387e-20,102.06999969482422,102.06999969482422
W_F_0019,40,24,True,1,0,2,1.0,91.69999694824219,98.48999786376953
W_F_0019,40,24,True,2,2,4,1.4157469955481533e-13,93.41500091552734,109.63999938964844
W_F_0019,40,24,True,3,4,6,1.58153093576341e-22,87.35499572753906,91.6500015258789
W_N_0112,1,15,True,1,0,2,1.0,119.55499267578125,129.6199951171875
W_N_0112,1,15,True,2,2,4,2.11450615622956e-15,106.25,107.18000030517578
W_N_0112,1,15,True,3,1998,2000,1.4021257905608956e-23,99.61500549316406,106.33000183105469
W_N_0112,1,17,True,1,0,2,1.0,113.34500122070312,113.66000366210938
W_N_0112,1,17,True,2,2,4,3.737423691918743e-17,99.05000305175781,105.63999938964844
W_N_0112,1,17,True,3,1998,2000,5.70241799964323e-23,109.91000366210938,118.80999755859375
W_N_0112,2,9,True,1,0,2,1.0,99.97000122070312,101.41000366210938
W_N_0112,2,9,True,2,2,4,4.103768919735268e-14,108.42500305175781,109.93000030517578
W_N_0112,2,9,True,3,4,6,2.9973839789259823e-23,94.13999938964844,105.83000183105469
W_N_0112,2,23,True,1,0,2,1.0,104.2750015258789,114.68000030517578
W_N_0112,2,23,True,2,2,4,1.6013211866192935e-15,101.58000183105469,111.83999633789062
W_N_0112,2,23,True,3,4,6,7.297956075857489e-23,92.2300033569336,92.30000305175781
W_N_0112,3,16,True,1,0,2,1.0,104.80999755859375,107.22000122070312
W_N_0112,3,16,True,2,2,4,7.898190149536e-18,92.83999633789062,95.5199966430664
W_N_0112,3,16,True,3,4,6,1.8864623704824135e-25,96.26499938964844,101.58000183105469
W_N_0112,4,7,True,1,0,2,1.0,95.85499572753906,105.25
W_N_0112,4,7,True,2,2,4,7.980721389733852e-14,98.63499450683594,103.02999877929688
W_N_0112,4,7,True,3,4,6,9.30896984530234e-18,105.83999633789062,107.94000244140625
W_N_0112,4,24,True,1,0,2,1.0,107.1300048828125,110.18000030517578
W_N_0112,4,24,True,2,2,4,1.625216409577811e-16,113.13499450683594,124.75
W_N_0112,4,24,True,3,4,6,2.0001283757081895e-21,113.94499969482422,115.95999908447266
W_N_0112,4,27,True,1,0,2,1.0,94.93000030517578,102.2300033569336
W_N_0112,4,27,True,2,2,4,5.492812316099105e-10,116.77000427246094,119.98999786376953
W_N_0112,4,27,True,3,4,6,1.5647880256932544e-22,102.3699951171875,109.66999816894531
W_N_0112,5,5,True,1,0,2,1.0,102.52999877929688,104.94999694824219
W_N_0112,5,5,True,2,2,4,1.2651659335785864e-14,107.86000061035156,113.55000305175781
W_N_0112,5,5,True,3,4,6,6.212012299431907e-22,98.21499633789062,100.44000244140625
W_N_0112,5,6,True,1,0,2,1.0,94.94999694824219,95.41999816894531
W_N_0112,5,6,True,2,2,4,4.3450282976621735e-15,84.66999816894531,87.45999908447266
W_N_0112,5,6,True,3,4,6,1.7093521760727093e-21,77.72500610351562,79.91000366210938
W_N_0112,5,12,True,1,0,2,1.0,91.58499908447266,105.72000122070312
W_N_0112,5,12,True,2,2,4,4.0983127993571766e-16,86.5,88.75
W_N_0112,5,12,True,3,4,6,7.362890435518724e-22,91.28999328613281,103.19999694824219
W_N_0112,5,25,True,1,0,2,1.0,91.56999969482422,102.31999969482422
W_N_0112,5,25,True,2,2,4,1.3089730037732505e-12,103.77999877929688,108.18000030517578
W_N_0112,5,25,True,3,4,6,3.793595692010235e-20,114.20999908447266,121.33999633789062
W_N_0112,5,28,True,1,0,2,1.0,85.6300048828125,95.70999908447266
W_N_0112,5,28,True,2,2,4,1.0979218023014076e-13,82.48500061035156,89.83999633789062
W_N_0112,5,28,True,3,4,6,6.141366061953002e-17,98.20500183105469,98.9800033569336
W_N_0112,6,21,True,1,0,2,1.0,95.82499694824219,106.86000061035156
W_N_0112,6,21,True,2,2,4,8.943918468253681e-14,83.22999572753906,88.02999877929688
W_N_0112,6,21,True,3,4,6,2.565243003072405e-18,100.61000061035156,115.58000183105469
W_N_0112,7,20,True,1,0,2,1.0,98.80999755859375,105.43000030517578
W_N_0112,7,20,True,2,2,4,5.991922715579945e-16,98.62999725341797,105.80999755859375
W_N_0112,7,20,True,3,4,6,1.7584210308413664e-20,107.42500305175781,109.05000305175781
W_N_0112,9,9,True,1,0,2,1.0,100.36499786376953,101.05999755859375
W_N_0112,9,9,True,2,2,4,1.5657325425338237e-13,105.30999755859375,122.93000030517578
W_N_0112,9,9,True,3,4,6,7.225552705414975e-21,103.59500122070312,104.58999633789062
W_N_0112,10,7,True,1,0,2,1.0,85.61499786376953,88.7699966430664
W_N_0112,10,7,True,2,2,4,1.4164052756734415e-14,95.51499938964844,99.58999633789062
W_N_0112,10,7,True,3,4,6,7.722010464269579e-23,87.3800048828125,95.83000183105469
W_N_0112,10,32,True,1,0,2,1.0,94.97999572753906,101.51000213623047
W_N_0112,10,32,True,2,2,4,2.291296492817896e-13,97.08499908447266,104.0
W_N_0112,10,32,True,3,4,6,1.5407992830582373e-21,86.19000244140625,95.44000244140625
W_N_0112,11,3,True,1,0,2,1.0,100.41499328613281,108.23999786376953
W_N_0112,11,3,True,2,2,4,2.44011354091217e-14,101.3550033569336,104.80000305175781
W_N_0112,11,3,True,3,4,6,3.911614009023665e-20,102.46000671386719,106.9800033569336
W_N_0112,11,17,True,1,0,2,1.0,98.19499969482422,99.0199966430664
W_N_0112,11,17,True,2,2,4,3.1810030954801394e-14,94.86000061035156,105.02999877929688
W_N_0112,11,17,True,3,4,6,6.310628495391182e-23,87.75,98.05000305175781
W_N_0112,11,19,True,1,0,2,1.0,110.5,116.36000061035156
W_N_0112,11,19,True,2,2,4,7.840800292462622e-16,99.85000610351562,100.05000305175781
W_N_0112,11,19,True,3,4,6,7.94998419768474e-22,95.60499572753906,97.54000091552734
W_N_0112,11,24,True,1,0,2,1.0,85.32499694824219,91.41000366210938
W_N_0112,11,24,True,2,2,4,1.907925857233539e-12,84.54499816894531,88.83000183105469
W_N_0112,11,24,True,3,4,6,6.54050805616884e-20,91.18000030517578,94.3499984741211
W_N_0112,12,5,True,1,0,2,1.0,103.02499389648438,110.41999816894531
W_N_0112,12,5,True,2,2,4,1.0564793796919122e-17,93.18499755859375,94.06999969482422
W_N_0112,12,5,True,3,4,6,1.8643440073901293e-23,82.03500366210938,84.83999633789062
W_N_0112,12,12,True,1,0,2,1.0,108.97999572753906,117.70999908447266
W_N_0112,12,12,True,2,2,4,6.689377648810488e-14,117.10000610351562,117.2300033569336
W_N_0112,12,12,True,3,40,42,6.778472217386205e-26,89.15499877929688,101.94999694824219
W_N_0112,12,21,True,1,0,2,1.0,104.48500061035156,107.16000366210938
W_N_0112,12,21,True,2,2,4,2.886209710627457e-15,86.3699951171875,95.11000061035156
W_N_0112,12,21,True,3,4,6,3.681078630133469e-18,113.76499938964844,119.08999633789062
W_N_0112,12,22,True,1,0,2,1.0,100.27999877929688,105.2300033569336
W_N_0112,12,22,True,2,2,4,2.638923947390721e-15,98.91999816894531,99.6500015258789
W_N_0112,12,22,True,3,4,6,2.07425135185247e-20,92.95500183105469,93.3499984741211
W_N_0112,12,23,True,1,0,2,1.0,96.31999969482422,96.87999725341797
W_N_0112,12,23,True,2,2,4,2.8735884114935994e-14,87.30500030517578,91.75
W_N_0112,12,23,True,3,4,6,2.724794653178188e-20,87.75999450683594,94.05999755859375
W_N_0112,12,26,True,1,0,2,1.0,96.52000427246094,102.56999969482422
W_N_0112,12,26,True,2,2,4,2.0390742913600768e-11,106.31500244140625,114.16999816894531
W_N_0112,12,26,True,3,4,6,7.346937550586268e-19,118.91500091552734,125.41999816894531
W_N_0112,13,10,True,1,0,2,1.0,103.18000030517578,103.44999694824219
W_N_0112,13,10,True,2,2,4,2.2525206458639917e-15,103.09500122070312,105.5199966430664
W_N_0112,13,10,True,3,4,6,4.467658832000197e-22,98.86499786376953,105.58999633789062
W_N_0112,13,31,True,1,0,2,1.0,99.73500061035156,102.5199966430664
W_N_0112,13,31,True,2,2,4,2.3236786979166993e-14,100.625,106.16999816894531
W_N_0112,13,31,True,3,4,6,9.016213141020274e-22,103.83000183105469,111.3499984741211
W_N_0112,14,31,True,1,0,2,1.0,108.8550033569336,114.91000366210938
W_N_0112,14,31,True,2,2,4,6.908513796704532e-15,119.01499938964844,131.77000427246094
W_N_0112,14,31,True,3,4,6,9.078470043660316e-23,104.88999938964844,109.61000061035156
W_N_0112,15,22,True,1,0,2,1.0,94.18499755859375,97.12999725341797
W_N_0112,15,22,True,2,2,4,1.3799098447014532e-14,94.44499969482422,99.9000015258789
W_N_0112,15,22,True,3,4,6,7.310195738740311e-21,89.63999938964844,101.55000305175781
W_N_0112,15,33,True,1,0,2,1.0,101.55999755859375,106.69999694824219
W_N_0112,15,33,True,2,2,4,7.14412253313701e-14,107.12999725341797,111.0199966430664
W_N_0112,15,33,True,3,4,6,5.297465404734524e-23,105.61500549316406,110.91000366210938
W_N_0112,16,6,True,1,0,2,1.0,89.01499938964844,89.94000244140625
W_N_0112,16,6,True,2,2,4,9.652318874731058e-12,104.33000183105469,106.44999694824219
W_N_0112,16,6,True,3,4,6,2.375042747383187e-18,102.58999633789062,105.70999908447266
W_N_0112,16,7,True,1,0,2,1.0,101.8699951171875,116.0199966430664
W_N_0112,16,7,True,2,2,4,8.936223004521286e-15,98.68499755859375,102.18000030517578
W_N_0112,16,7,True,3,4,6,2.5887421024446113e-22,97.8800048828125,105.11000061035156
W_N_0112,17,23,True,1,0,2,1.0,103.51000213623047,106.69000244140625
W_N_0112,17,23,True,2,2,4,1.9731329692010283e-15,90.53999328613281,90.94999694824219
W_N_0112,17,23,True,3,4,6,1.121222156124175e-20,90.38999938964844,94.77999877929688
W_N_0112,17,32,True,1,0,2,1.0,99.46499633789062,108.2699966430664
W_N_0112,17,32,True,2,2,4,3.8040192062950215e-14,100.66999816894531,102.7699966430664
W_N_0112,17,32,True,3,4,6,5.97337945727056e-20,100.49000549316406,109.66000366210938
W_N_0112,18,14,True,1,0,2,1.0,83.36000061035156,88.5
W_N_0112,18,14,True,2,2,4,1.160217408258113e-11,95.78999328613281,103.87999725341797
W_N_0112,18,14,True,3,4,6,5.224238791673096e-22,79.44000244140625,85.56999969482422
W_N_0112,18,16,True,1,0,2,1.0,94.88500213623047,100.22000122070312
W_N_0112,18,16,True,2,2,4,1.3978339427796194e-13,102.05999755859375,102.27999877929688
W_N_0112,18,16,True,3,4,6,5.27869282245064e-20,106.16500091552734,112.38999938964844
W_N_0112,18,19,True,1,0,2,1.0,107.375,117.30000305175781
W_N_0112,18,19,True,2,2,4,3.236487141657085e-14,112.61000061035156,118.47000122070312
W_N_0112,18,19,True,3,1998,2000,2.587815563223324e-21,89.91499328613281,95.98999786376953
W_N_0112,18,20,True,1,0,2,1.0,110.20999908447266,114.69999694824219
W_N_0112,18,20,True,2,2,4,6.235770530902454e-17,98.95500183105469,99.26000213623047
W_N_0112,18,20,True,3,4,6,4.6204630826076795e-22,98.19499969482422,100.31999969482422
W_N_0112,19,31,True,1,0,2,1.0,123.1500015258789,125.62000274658203
W_N_0112,19,31,True,2,2,4,3.859064240589361e-17,115.29499816894531,128.7100067138672
W_N_0112,19,31,True,3,1998,2000,1.3842101874791702e-24,107.4000015258789,108.08000183105469
W_N_0112,20,3,True,1,0,2,1.0,100.77000427246094,102.05999755859375
W_N_0112,20,3,True,2,2,4,4.151687257039426e-16,95.95500183105469,97.04000091552734
W_N_0112,20,3,True,3,4,6,4.114468260466218e-21,91.69000244140625,95.41000366210938
W_N_0112,20,23,True,1,0,2,1.0,96.81500244140625,105.93000030517578
W_N_0112,20,23,True,2,2,4,8.847186289237703e-15,96.34500122070312,97.98999786376953
W_N_0112,20,23,True,3,4,6,1.20086527038754e-19,105.06999969482422,115.30999755859375
W_N_0112,20,27,True,1,0,2,1.0,101.02000427246094,103.5999984741211
W_N_0112,20,27,True,2,2,4,1.6248445091744071e-16,98.0199966430664,102.44999694824219
W_N_0112,20,27,True,3,4,6,2.656884033655347e-22,105.83499908447266,111.44999694824219
W_N_0112,21,5,True,1,0,2,1.0,75.2449951171875,76.05999755859375
W_N_0112,21,5,True,2,2,4,4.224473635489057e-12,86.97500610351562,87.87000274658203
W_N_0112,21,5,True,3,4,6,1.3683382993071632e-18,95.88500213623047,100.4800033569336
W_N_0112,22,14,True,1,0,2,1.0,88.43499755859375,96.51000213623047
W_N_0112,22,14,True,2,2,4,7.571098966947104e-14,103.91000366210938,109.41000366210938
W_N_0112,22,14,True,3,4,6,5.391865751311456e-21,98.13500213623047,103.66000366210938
W_N_0112,22,25,True,1,0,2,1.0,107.91000366210938,114.80000305175781
W_N_0112,22,25,True,2,2,4,9.851417370667498e-14,110.03500366210938,116.87999725341797
W_N_0112,22,25,True,3,4,6,1.908554691304064e-24,85.43000030517578,95.9800033569336
W_N_0112,22,28,True,1,0,2,1.0,102.875,103.48999786376953
W_N_0112,22,28,True,2,2,4,1.5068758483301366e-14,102.96499633789062,115.20999908447266
W_N_0112,22,28,True,3,4,6,2.7289422490528345e-22,90.26000213623047,107.29000091552734
W_N_0112,23,5,True,1,0,2,1.0,105.83499908447266,108.3499984741211
W_N_0112,23,5,True,2,2,4,1.8133037389331252e-14,103.97000122070312,108.97000122070312
W_N_0112,23,5,True,3,1998,2000,1.6574500257576663e-21,98.93499755859375,99.77999877929688
W_N_0112,23,24,True,1,0,2,1.0,87.31500244140625,96.83999633789062
W_N_0112,23,24,True,2,2,4,2.582236074272215e-12,102.79499816894531,108.41000366210938
W_N_0112,23,24,True,3,4,6,3.332724258908073e-20,89.83499908447266,91.2699966430664
W_N_0112,24,17,True,1,0,2,1.0,106.16500091552734,112.30000305175781
W_N_0112,24,17,True,2,2,4,2.261034809291555e-15,104.41000366210938,113.43000030517578
W_N_0112,24,17,True,3,4,6,9.002388353656276e-24,91.87000274658203,101.26000213623047
W_N_0112,25,13,True,1,0,2,1.0,98.45500183105469,99.87000274658203
W_N_0112,25,13,True,2,2,4,5.683274163781338e-12,115.10499572753906,117.31999969482422
W_N_0112,25,13,True,3,4,6,6.962058471325658e-23,99.11500549316406,105.4800033569336
W_N_0112,25,23,True,1,0,2,1.0,107.8499984741211,115.16999816894531
W_N_0112,25,23,True,2,2,4,7.637439942628776e-14,114.60499572753906,115.72000122070312
W_N_0112,25,23,True,3,4,6,1.3268573372640475e-24,99.56999969482422,103.04000091552734
W_N_0112,25,25,True,1,0,2,1.0,99.39500427246094,104.81999969482422
W_N_0112,25,25,True,2,2,4,1.0204046673378472e-14,97.55499267578125,106.83999633789062
W_N_0112,25,25,True,3,4,6,1.4275668702986353e-24,93.0999984741211,98.55999755859375
W_N_0112,25,26,True,1,0,2,1.0,94.63499450683594,105.41999816894531
W_N_0112,25,26,True,2,2,4,7.608408261056132e-13,93.4949951171875,106.52999877929688
W_N_0112,25,26,True,3,4,6,1.3676063026261906e-20,91.76000213623047,97.51000213623047
W_N_0112,25,27,True,1,0,2,1.0,92.76499938964844,103.05000305175781
W_N_0112,25,27,True,2,2,4,3.4628787196674254e-14,100.6300048828125,101.5999984741211
W_N_0112,25,27,True,3,4,6,1.2852730289897413e-18,109.41500091552734,121.91999816894531
W_N_0112,27,16,True,1,0,2,1.0,87.34500122070312,93.62999725341797
W_N_0112,27,16,True,2,2,4,3.892476212229504e-14,93.08999633789062,101.9000015258789
W_N_0112,27,16,True,3,4,6,9.379737916630393e-23,90.54000091552734,94.6500015258789
W_N_0112,28,13,True,1,0,2,1.0,104.49000549316406,115.4800033569336
W_N_0112,28,13,True,2,2,4,1.2075641667289065e-17,97.81500244140625,101.68000030517578
W_N_0112,28,13,True,3,4,6,2.4130904047607928e-24,87.60000610351562,87.79000091552734
W_N_0112,28,15,True,1,0,2,1.0,111.79499816894531,113.73999786376953
W_N_0112,28,15,True,2,2,4,1.2609103182905946e-16,106.51499938964844,106.79000091552734
W_N_0112,28,15,True,3,4,6,7.394415589210763e-22,97.79499816894531,101.0199966430664
W_N_0112,29,14,True,1,0,2,1.0,72.09500122070312,82.01000213623047
W_N_0112,29,14,True,2,2,4,3.725723729530728e-09,89.51499938964844,101.43000030517578
W_N_0112,29,14,True,3,4,6,1.8816709868312194e-15,94.94999694824219,97.66999816894531
W_N_0112,29,17,True,1,0,2,1.0,89.08499908447266,91.30999755859375
W_N_0112,29,17,True,2,2,4,1.278294012524786e-13,94.01499938964844,95.52999877929688
W_N_0112,29,17,True,3,4,6,2.4510584549406567e-20,96.36499786376953,98.8499984741211
W_N_0127,1,12,True,1,0,2,1.0,115.41999816894531,119.72000122070312
W_N_0127,1,12,True,2,2,4,2.0524048372057575e-17,113.13999938964844,118.2300033569336
W_N_0127,1,12,True,3,4,6,3.7802091318674445e-25,96.76499938964844,100.45999908447266
W_N_0127,5,23,True,1,0,2,1.0,100.2750015258789,102.72000122070312
W_N_0127,5,23,True,2,2,4,6.358060118568905e-16,88.77499389648438,89.5999984741211
W_N_0127,5,23,True,3,4,6,2.740472633842909e-20,97.12999725341797,101.91999816894531
W_N_0127,6,4,True,1,0,2,1.0,104.41000366210938,106.56999969482422
W_N_0127,6,4,True,2,2,4,2.406573333777769e-16,98.33000183105469,109.08999633789062
W_N_0127,6,4,True,3,4,6,3.408202732852529e-22,97.08000183105469,99.48999786376953
W_N_0127,6,8,True,1,0,2,1.0,93.00999450683594,94.3499984741211
W_N_0127,6,8,True,2,2,4,1.1804159038102916e-15,89.05000305175781,94.69999694824219
W_N_0127,6,8,True,3,4,6,2.4099146140568913e-18,108.37999725341797,124.0199966430664
W_N_0127,7,5,True,1,0,2,1.0,89.19000244140625,95.52999877929688
W_N_0127,7,5,True,2,2,4,1.383915725072793e-11,97.70999908447266,107.18000030517578
W_N_0127,7,5,True,3,4,6,9.047334478708196e-20,105.53500366210938,113.4000015258789
W_N_0127,7,8,True,1,0,2,1.0,99.30999755859375,105.52999877929688
W_N_0127,7,8,True,2,2,4,3.0426710955454295e-15,106.18000030517578,115.37000274658203
W_N_0127,7,8,True,3,4,6,9.7482558662262e-22,93.48999786376953,96.02999877929688
W_N_0127,8,18,True,1,0,2,1.0,105.5999984741211,107.69999694824219
W_N_0127,8,18,True,2,2,4,4.408135640364408e-15,97.70500183105469,97.77999877929688
W_N_0127,8,18,True,3,1998,2000,7.536777593352526e-22,103.75499725341797,113.05999755859375
W_N_0127,10,4,True,1,0,2,1.0,101.61499786376953,107.8499984741211
W_N_0127,10,4,True,2,2,4,2.219317631957981e-14,86.0,86.83999633789062
W_N_0127,10,4,True,3,4,6,1.9926735719962688e-20,95.75,111.37000274658203
W_N_0127,10,19,True,1,0,2,1.0,101.68000030517578,108.55000305175781
W_N_0127,10,19,True,2,2,4,4.7268246716920814e-14,99.64999389648438,114.23999786376953
W_N_0127,10,19,True,3,4,6,4.158648762561919e-22,95.09500122070312,95.29000091552734
W_N_0127,12,9,True,1,0,2,1.0,97.06999969482422,100.5199966430664
W_N_0127,12,9,True,2,2,4,2.7927828235782548e-15,88.49000549316406,94.47000122070312
W_N_0127,12,9,True,3,4,6,7.819781809132024e-21,91.75,100.94999694824219
W_N_0127,13,9,True,1,0,2,1.0,101.02000427246094,108.41999816894531
W_N_0127,13,9,True,2,2,4,5.356699356511647e-16,101.33999633789062,101.80999755859375
W_N_0127,13,9,True,3,4,6,2.4292105470116e-21,106.30000305175781,108.97000122070312
W_N_0127,13,11,True,1,0,2,1.0,106.05000305175781,110.95999908447266
W_N_0127,13,11,True,2,2,4,9.207512834450262e-16,105.05000305175781,116.5
W_N_0127,13,11,True,3,4,6,1.2981713160580046e-21,101.32499694824219,108.12000274658203
W_N_0127,13,14,True,1,0,2,1.0,84.14999389648438,90.23999786376953
W_N_0127,13,14,True,2,2,4,8.852395261271795e-09,113.13500213623047,113.26000213623047
W_N_0127,13,14,True,3,4,6,9.40655009973028e-21,93.56999969482422,93.58999633789062
W_N_0127,15,0,True,1,0,2,1.0,84.23999786376953,97.38999938964844
W_N_0127,15,0,True,2,2,4,3.0233353598418944e-09,110.71499633789062,118.44000244140625
W_N_0127,15,0,True,3,4,6,7.558371430009939e-22,91.01499938964844,93.2300033569336
W_N_0127,15,2,True,1,0,2,1.0,98.4949951171875,101.63999938964844
W_N_0127,15,2,True,2,2,4,6.725374262079838e-15,97.02999877929688,103.18000030517578
W_N_0127,15,2,True,3,4,6,4.9142800191775374e-20,106.75999450683594,112.30999755859375
W_N_0127,15,22,True,1,0,2,1.0,102.13499450683594,107.63999938964844
W_N_0127,15,22,True,2,2,4,8.45564937512755e-14,110.00999450683594,114.63999938964844
W_N_0127,15,22,True,3,4,6,4.442080806009311e-23,111.08499908447266,117.79000091552734
W_N_0127,16,7,True,1,0,2,1.0,101.19999694824219,101.5199966430664
W_N_0127,16,7,True,2,2,4,3.359331080623779e-16,96.75999450683594,102.0199966430664
W_N_0127,16,7,True,3,4,6,3.3134413782818193e-21,82.69999694824219,87.0
W_N_0127,16,8,True,1,0,2,1.0,108.33000183105469,116.12000274658203
W_N_0127,16,8,True,2,2,4,8.613369891462275e-13,111.95500183105469,115.9000015258789
W_N_0127,16,8,True,3,4,6,8.456860074905416e-25,102.22000122070312,102.8499984741211
W_N_0127,16,24,True,1,0,2,1.0,107.55500030517578,115.19999694824219
W_N_0127,16,24,True,2,2,4,1.077178490583577e-14,105.875,113.93000030517578
W_N_0127,16,24,True,3,4,6,1.3410310251846505e-21,101.63499450683594,111.80999755859375
W_N_0127,17,15,True,1,0,2,1.0,92.73500061035156,99.41000366210938
W_N_0127,17,15,True,2,2,4,2.2409697253249206e-13,102.07499694824219,109.0
W_N_0127,17,15,True,3,4,6,1.21074906896559e-21,111.08000183105469,118.05000305175781
W_N_0127,17,16,True,1,0,2,1.0,93.83500671386719,103.37000274658203
W_N_0127,17,16,True,2,2,4,1.0951019618573622e-14,97.98500061035156,105.08000183105469
W_N_0127,17,16,True,3,1998,2000,4.5011582331698524e-20,91.16000366210938,92.04000091552734
W_N_0127,18,12,True,1,0,2,1.0,107.57499694824219,111.9800033569336
W_N_0127,18,12,True,2,2,4,3.4108776015011845e-17,104.875,115.81999969482422
W_N_0127,18,12,True,3,1998,2000,2.1922136900338882e-23,100.06500244140625,103.37000274658203
W_N_0127,19,7,True,1,0,2,1.0,96.69499969482422,101.69999694824219
W_N_0127,19,7,True,2,2,4,2.3202685432710535e-14,87.55500030517578,87.72000122070312
W_N_0127,19,7,True,3,4,6,7.641551044314556e-21,87.92500305175781,90.68000030517578
W_N_0127,20,20,True,1,0,2,1.0,102.02000427246094,107.22000122070312
W_N_0127,20,20,True,2,2,4,1.1977579843745756e-13,108.61000061035156,112.5199966430664
W_N_0127,20,20,True,3,4,6,1.0744630901249729e-19,103.07499694824219,110.58999633789062
W_N_0127,21,4,True,1,0,2,1.0,88.05999755859375,94.61000061035156
W_N_0127,21,4,True,2,2,4,1.7071175202609812e-13,97.22500610351562,104.01000213623047
W_N_0127,21,4,True,3,4,6,3.4637895325490016e-22,96.72999572753906,102.69000244140625
W_N_0127,23,13,True,1,0,2,1.0,109.54499816894531,120.47000122070312
W_N_0127,23,13,True,2,2,4,3.867099274536354e-15,100.08499908447266,107.30999755859375
W_N_0127,23,13,True,3,1998,2000,2.909457605538921e-22,97.7449951171875,102.38999938964844
W_N_0127,24,22,True,1,0,2,1.0,104.68000030517578,107.0
W_N_0127,24,22,True,2,2,4,2.014336370230116e-13,120.5050048828125,121.0999984741211
W_N_0127,24,22,True,3,4,6,9.312319970404033e-23,102.00999450683594,111.18000030517578
W_N_0127,26,14,True,1,0,2,1.0,86.63499450683594,86.70999908447266
W_N_0127,26,14,True,2,2,4,3.2736671446570442e-12,100.63999938964844,106.55999755859375
W_N_0127,26,14,True,3,4,6,6.74248770951646e-21,96.64500427246094,103.41000366210938
W_N_0127,27,17,True,1,0,2,1.0,100.44000244140625,103.86000061035156
W_N_0127,27,17,True,2,2,4,5.968269532286106e-15,106.7449951171875,111.29000091552734
W_N_0127,27,17,True,3,4,6,2.344631814054193e-20,116.85499572753906,118.58000183105469
W_N_0128,0,15,True,1,0,2,1.0,97.43000030517578,109.33000183105469
W_N_0128,0,15,True,2,2,4,3.052135164071691e-14,102.9000015258789,104.80000305175781
W_N_0128,0,15,True,3,4,6,2.6991975228694435e-22,98.08000183105469,98.55000305175781
W_N_0128,1,13,True,1,0,2,1.0,121.3800048828125,132.32000732421875
W_N_0128,1,13,True,2,2,4,6.986176168106219e-19,100.26000213623047,108.6500015258789
W_N_0128,1,13,True,3,4,6,3.653508308335248e-24,98.55999755859375,103.68000030517578
W_N_0128,1,18,True,1,0,2,1.0,100.51000213623047,107.69000244140625
W_N_0128,1,18,True,2,2,4,1.4042298546830187e-15,105.69999694824219,113.13999938964844
W_N_0128,1,18,True,3,4,6,2.255324045510071e-22,103.08999633789062,104.2300033569336
W_N_0128,3,15,True,1,0,2,1.0,95.52499389648438,97.0199966430664
W_N_0128,3,15,True,2,2,4,2.91274538939245e-14,107.33000183105469,111.44999694824219
W_N_0128,3,15,True,3,4,6,1.239791469129619e-22,97.52000427246094,97.79000091552734
W_N_0128,5,15,True,1,0,2,1.0,97.98500061035156,103.73999786376953
W_N_0128,5,15,True,2,2,4,2.5571292791028676e-14,98.17500305175781,107.95999908447266
W_N_0128,5,15,True,3,4,6,1.970151486018587e-18,103.03500366210938,115.2300033569336
W_N_0128,6,7,True,1,0,2,1.0,118.52499389648438,130.27999877929688
W_N_0128,6,7,True,2,2,4,1.5123146683911524e-18,95.99000549316406,102.37000274658203
W_N_0128,6,7,True,3,4,6,2.1759090395282372e-23,96.5,108.86000061035156
W_N_0128,6,9,True,1,0,2,1.0,108.27000427246094,109.68000030517578
W_N_0128,6,9,True,2,2,4,3.5174978737368196e-18,88.84500122070312,91.58000183105469
W_N_0128,6,9,True,3,4,6,3.155920723959525e-23,97.31999969482422,100.0
W_N_0128,6,10,True,1,0,2,1.0,100.625,102.58000183105469
W_N_0128,6,10,True,2,2,4,2.145684888446575e-14,109.39500427246094,124.55000305175781
W_N_0128,6,10,True,3,4,6,7.437500268845803e-22,108.66999816894531,110.06999969482422
W_N_0128,6,12,True,1,0,2,1.0,101.16999816894531,105.37000274658203
W_N_0128,6,12,True,2,2,4,3.179171132621818e-14,113.22000122070312,120.66000366210938
W_N_0128,6,12,True,3,4,6,7.483722721617451e-21,119.88999938964844,128.35000610351562
W_N_0128,6,16,True,1,0,2,1.0,93.54499816894531,95.37000274658203
W_N_0128,6,16,True,2,2,4,4.7888159108434543e-17,89.37999725341797,94.41999816894531
W_N_0128,6,16,True,3,4,6,1.7367276942113447e-21,97.56999969482422,98.48999786376953
W_N_0128,7,16,True,1,0,2,1.0,110.5050048828125,111.18000030517578
W_N_0128,7,16,True,2,2,4,9.204668921329855e-16,107.45999908447266,109.97000122070312
W_N_0128,7,16,True,3,4,6,2.191016988040668e-24,102.28999328613281,106.58999633789062
W_N_0128,7,22,True,1,0,2,1.0,99.20999908447266,106.48999786376953
W_N_0128,7,22,True,2,2,4,7.788475394628805e-18,85.79499816894531,89.2699966430664
W_N_0128,7,22,True,3,4,6,2.9765355211606945e-21,105.85499572753906,113.27999877929688
W_N_0128,8,10,True,1,0,2,1.0,106.00999450683594,110.93000030517578
W_N_0128,8,10,True,2,2,4,2.467077479535295e-15,113.33499908447266,116.58999633789062
W_N_0128,8,10,True,3,4,6,7.7575802419290395e-25,92.69000244140625,94.80000305175781
W_N_0128,10,1,True,1,0,2,1.0,86.21000671386719,92.05000305175781
W_N_0128,10,1,True,2,2,4,1.105274658147297e-15,83.54000091552734,85.95999908447266
W_N_0128,10,1,True,3,4,6,1.2699926895551111e-20,92.62000274658203,93.91000366210938
W_N_0128,10,24,True,1,0,2,1.0,101.20500183105469,105.19000244140625
W_N_0128,10,24,True,2,2,4,1.611817131857724e-14,98.79499816894531,102.79000091552734
W_N_0128,10,24,True,3,4,6,4.771569073458402e-23,95.07000732421875,101.7300033569336
W_N_0128,11,0,True,1,0,2,1.0,114.28500366210938,130.13999938964844
W_N_0128,11,0,True,2,2,4,1.4517197097828967e-16,101.54499816894531,108.91000366210938
W_N_0128,11,0,True,3,4,6,1.3628462982536027e-20,102.59500122070312,109.97000122070312
W_N_0128,11,2,True,1,0,2,1.0,95.22000122070312,97.3499984741211
W_N_0128,11,2,True,2,2,4,7.794052946444308e-13,109.77999877929688,110.16999816894531
W_N_0128,11,2,True,3,4,6,3.4574150315638365e-21,98.59500122070312,103.04000091552734
W_N_0128,11,9,True,1,0,2,1.0,91.5050048828125,103.02999877929688
W_N_0128,11,9,True,2,2,4,3.805643300491823e-11,103.41500091552734,105.31999969482422
W_N_0128,11,9,True,3,4,6,5.007018355734026e-21,87.23500061035156,87.2699966430664
W_N_0128,11,18,True,1,0,2,1.0,114.51499938964844,120.86000061035156
W_N_0128,11,18,True,2,2,4,2.6862220554071644e-16,106.4949951171875,109.5
W_N_0128,11,18,True,3,4,6,6.876461383310661e-23,98.93499755859375,102.12999725341797
W_N_0128,11,19,True,1,0,2,1.0,97.29000091552734,100.66999816894531
W_N_0128,11,19,True,2,2,4,3.363380131045715e-14,108.64999389648438,122.94999694824219
W_N_0128,11,19,True,3,4,6,5.192551574396689e-21,114.5199966430664,124.2699966430664
W_N_0128,11,22,True,1,0,2,1.0,71.40499877929688,79.02999877929688
W_N_0128,11,22,True,2,2,4,1.4222067967750718e-10,91.60499572753906,94.04000091552734
W_N_0128,11,22,True,3,4,6,5.963393190078542e-17,102.71499633789062,104.19000244140625
W_N_0128,12,1,True,1,0,2,1.0,117.9749984741211,118.45999908447266
W_N_0128,12,1,True,2,2,4,3.499952380327835e-17,116.28999328613281,129.55999755859375
W_N_0128,12,1,True,3,1998,2000,5.2138436244262004e-23,106.02499389648438,108.80999755859375
W_N_0128,12,24,True,1,0,2,1.0,112.41500091552734,117.44000244140625
W_N_0128,12,24,True,2,2,4,4.060558158617888e-17,102.1300048828125,108.81999969482422
W_N_0128,12,24,True,3,4,6,9.042425032525723e-22,110.98500061035156,114.11000061035156
W_N_0128,13,8,True,1,0,2,1.0,117.13499450683594,124.0199966430664
W_N_0128,13,8,True,2,2,4,1.1276100260928731e-18,102.08500671386719,102.41000366210938
W_N_0128,13,8,True,3,4,6,2.8527533774676696e-26,100.58000183105469,104.44000244140625
W_N_0128,14,16,True,1,0,2,1.0,96.7699966430664,100.08999633789062
W_N_0128,14,16,True,2,2,4,1.1273505729197247e-13,94.42500305175781,97.2300033569336
W_N_0128,14,16,True,3,4,6,5.776125289660825e-18,113.58499908447266,114.29000091552734
W_N_0128,15,1,True,1,0,2,1.0,100.97000122070312,111.25
W_N_0128,15,1,True,2,2,4,2.7437104462351097e-16,91.15499877929688,98.51000213623047
W_N_0128,15,1,True,3,4,6,7.962614252052338e-21,86.40499877929688,95.47000122070312
W_N_0128,15,12,True,1,0,2,1.0,116.57499694824219,117.13999938964844
W_N_0128,15,12,True,2,2,4,2.135164919236178e-17,100.8699951171875,101.6500015258789
W_N_0128,15,12,True,3,4,6,1.5072103177768466e-20,110.28500366210938,113.47000122070312
W_N_0128,16,3,True,1,0,2,1.0,109.73500061035156,112.62000274658203
W_N_0128,16,3,True,2,2,4,1.7610474649955415e-18,89.70999908447266,92.05999755859375
W_N_0128,16,3,True,3,4,6,2.324125513001821e-26,83.3800048828125,83.80000305175781
W_N_0128,16,14,True,1,0,2,1.0,90.1300048828125,95.12000274658203
W_N_0128,16,14,True,2,2,4,1.118484211498627e-12,93.2550048828125,94.02999877929688
W_N_0128,16,14,True,3,4,6,8.64268992396129e-18,99.07499694824219,100.87000274658203
W_N_0128,17,17,True,1,0,2,1.0,83.05999755859375,90.02999877929688
W_N_0128,17,17,True,2,2,4,1.6088687326831774e-10,98.30000305175781,99.12000274658203
W_N_0128,17,17,True,3,4,6,4.8121089860207026e-17,105.55500030517578,110.66999816894531
W_N_0128,17,22,True,1,0,2,1.0,114.05500030517578,120.76000213623047
W_N_0128,17,22,True,2,2,4,2.697050563068762e-19,96.77000427246094,100.33000183105469
W_N_0128,17,22,True,3,4,6,1.7263349219461574e-24,90.83999633789062,96.69000244140625
W_N_0128,18,2,True,1,0,2,1.0,83.21499633789062,94.38999938964844
W_N_0128,18,2,True,2,2,4,3.7779810746832454e-14,94.70500183105469,101.36000061035156
W_N_0128,18,2,True,3,4,6,1.2017097132255012e-17,116.15499877929688,117.36000061035156
W_N_0128,18,11,True,1,0,2,1.0,99.80500030517578,104.13999938964844
W_N_0128,18,11,True,2,2,4,6.873431077775161e-12,98.08500671386719,99.91000366210938
W_N_0128,18,11,True,3,4,6,2.7104689835680205e-19,101.83499908447266,108.12999725341797
W_N_0128,18,16,True,1,0,2,1.0,111.33499908447266,119.18000030517578
W_N_0128,18,16,True,2,2,4,8.842356930888933e-16,107.83499908447266,107.94999694824219
W_N_0128,18,16,True,3,4,6,1.3560203416387105e-22,87.69499969482422,89.36000061035156
W_N_0128,20,16,True,1,0,2,1.0,107.63999938964844,111.44000244140625
W_N_0128,20,16,True,2,2,4,5.925094727717337e-17,97.69000244140625,107.98999786376953
W_N_0128,20,16,True,3,1998,2000,2.0252080893093002e-24,100.80999755859375,118.76000213623047
W_N_0128,21,11,True,1,0,2,1.0,95.29499816894531,107.44999694824219
W_N_0128,21,11,True,2,2,4,6.278499372624493e-16,93.2249984741211,94.95999908447266
W_N_0128,21,11,True,3,4,6,2.4519256011399344e-22,100.38499450683594,109.41999816894531
W_N_0128,21,19,True,1,0,2,1.0,108.41499328613281,116.58999633789062
W_N_0128,21,19,True,2,2,4,3.8475418131798445e-16,98.80000305175781,100.9000015258789
W_N_0128,21,19,True,3,1998,2000,8.590430003377438e-25,104.73500061035156,106.4000015258789
W_N_0128,22,9,True,1,0,2,1.0,99.88999938964844,100.37999725341797
W_N_0128,22,9,True,2,2,4,5.214946963844058e-12,105.76000213623047,108.30000305175781
W_N_0128,22,9,True,3,4,6,4.744656698712666e-21,103.71000671386719,106.30000305175781
W_N_0128,23,9,True,1,0,2,1.0,93.5050048828125,95.08000183105469
W_N_0128,23,9,True,2,2,4,4.93567284211207e-15,99.53999328613281,101.19999694824219
W_N_0128,23,9,True,3,4,6,1.8511524042173077e-19,108.85499572753906,115.05999755859375
W_N_0128,23,15,True,1,0,2,1.0,109.89999389648438,112.05999755859375
W_N_0128,23,15,True,2,2,4,8.764522311036083e-14,101.51000213623047,103.79000091552734
W_N_0128,23,15,True,3,4,6,1.2566005223467782e-20,93.875,96.38999938964844
W_N_0128,23,19,True,1,0,2,1.0,87.41000366210938,95.72000122070312
W_N_0128,23,19,True,2,2,4,5.7893925764496146e-11,102.15499877929688,109.7300033569336
W_N_0128,23,19,True,3,4,6,2.778190973761015e-17,97.7449951171875,101.73999786376953
W_N_0128,24,13,True,1,0,2,1.0,121.3800048828125,121.38999938964844
W_N_0128,24,13,True,2,2,4,4.744209100297221e-19,102.83999633789062,104.83000183105469
W_N_0128,24,13,True,3,4,6,2.5788746515888723e-23,98.7750015258789,100.62000274658203
W_N_0128,25,11,True,1,0,2,1.0,94.2300033569336,100.9800033569336
W_N_0128,25,11,True,2,2,4,9.170715944452346e-14,89.42500305175781,92.13999938964844
W_N_0128,25,11,True,3,4,6,2.497906055114796e-19,101.33000183105469,101.43000030517578
W_N_0126,1,26,True,1,0,2,1.0,92.72500610351562,94.69000244140625
W_N_0126,1,26,True,2,2,4,6.534047391690279e-13,98.91000366210938,99.87000274658203
W_N_0126,1,26,True,3,4,6,1.9880886649572522e-19,107.30500030517578,110.16999816894531
W_N_0126,3,19,True,1,0,2,1.0,113.39500427246094,122.93000030517578
W_N_0126,3,19,True,2,2,4,5.159750326110511e-15,105.51000213623047,111.16000366210938
W_N_0126,3,19,True,3,4,6,2.0010802657635271e-23,100.14500427246094,103.04000091552734
W_N_0126,3,23,True,1,0,2,1.0,92.40499877929688,96.70999908447266
W_N_0126,3,23,True,2,2,4,7.436132948889841e-16,84.24000549316406,89.81999969482422
W_N_0126,3,23,True,3,4,6,1.077091999762534e-22,93.74000549316406,112.2300033569336
W_N_0126,4,12,True,1,0,2,1.0,98.83499908447266,104.22000122070312
W_N_0126,4,12,True,2,2,4,6.733647385341601e-13,100.95999908447266,102.5
W_N_0126,4,12,True,3,4,6,3.936010101759654e-21,84.56500244140625,84.94999694824219
W_N_0126,6,27,True,1,0,2,1.0,99.13999938964844,107.29000091552734
W_N_0126,6,27,True,2,2,4,1.7641170439058364e-14,91.33499908447266,92.86000061035156
W_N_0126,6,27,True,3,4,6,1.650282978309131e-21,85.24500274658203,88.69000244140625
W_N_0126,8,13,True,1,0,2,1.0,89.07499694824219,89.19999694824219
W_N_0126,8,13,True,2,2,4,3.058265649730739e-14,80.56999969482422,82.61000061035156
W_N_0126,8,13,True,3,4,6,8.660086690296138e-17,92.41000366210938,99.12999725341797
W_N_0126,8,28,True,1,0,2,1.0,93.03500366210938,93.68000030517578
W_N_0126,8,28,True,2,2,4,8.469018130015382e-13,97.69000244140625,108.1500015258789
W_N_0126,8,28,True,3,4,6,6.282103941390663e-20,106.98999786376953,110.48999786376953
W_N_0126,8,31,True,1,0,2,1.0,87.51499938964844,91.70999908447266
W_N_0126,8,31,True,2,2,4,7.49949249565212e-15,85.65499877929688,89.45999908447266
W_N_0126,8,31,True,3,4,6,1.6600000281001241e-21,91.41999816894531,97.45999908447266
W_N_0126,9,29,True,1,0,2,1.0,90.42500305175781,102.19999694824219
W_N_0126,9,29,True,2,2,4,8.949439279926086e-12,113.43499755859375,115.95999908447266
W_N_0126,9,29,True,3,4,6,3.951613038402006e-20,125.58999633789062,130.22000122070312
W_N_0126,9,34,True,1,0,2,1.0,84.09500122070312,85.9000015258789
W_N_0126,9,34,True,2,2,4,1.7357421923380745e-12,88.08999633789062,92.01000213623047
W_N_0126,9,34,True,3,4,6,5.572056937411849e-18,97.8550033569336,100.2300033569336
W_N_0126,10,8,True,1,0,2,1.0,102.02999877929688,102.80000305175781
W_N_0126,10,8,True,2,2,4,2.408992601753146e-13,100.72999572753906,104.62999725341797
W_N_0126,10,8,True,3,4,6,2.0735719651509256e-19,109.54000091552734,111.87000274658203
W_N_0126,11,5,True,1,0,2,1.0,100.39500427246094,105.69000244140625
W_N_0126,11,5,True,2,2,4,2.6447667298389044e-13,110.20500183105469,128.27000427246094
W_N_0126,11,5,True,3,4,6,1.0499525088067406e-21,84.52000427246094,87.95999908447266
W_N_0126,11,23,True,1,0,2,1.0,91.7550048828125,94.94000244140625
W_N_0126,11,23,True,2,2,4,5.248485673847725e-12,93.92500305175781,96.98999786376953
W_N_0126,11,23,True,3,4,6,1.2289813332786734e-20,84.625,87.83999633789062
W_N_0126,11,25,True,1,0,2,1.0,108.19999694824219,121.1500015258789
W_N_0126,11,25,True,2,2,4,5.577038566476501e-16,96.14999389648438,104.98999786376953
W_N_0126,11,25,True,3,4,6,2.1687750232635253e-22,100.91500091552734,101.2300033569336
W_N_0126,11,29,True,1,0,2,1.0,100.6199951171875,103.06999969482422
W_N_0126,11,29,True,2,2,4,2.116112935378854e-14,108.84500122070312,114.44000244140625
W_N_0126,11,29,True,3,4,6,9.964555720421538e-22,99.41500091552734,102.16999816894531
W_N_0126,12,10,True,1,0,2,1.0,102.08500671386719,104.94000244140625
W_N_0126,12,10,True,2,2,4,1.837331988416009e-15,97.75,99.36000061035156
W_N_0126,12,10,True,3,4,6,8.031734295054901e-23,99.33000183105469,99.4800033569336
W_N_0126,12,18,True,1,0,2,1.0,88.70500183105469,102.06999969482422
W_N_0126,12,18,True,2,2,4,2.036071032368754e-14,91.23999786376953,94.16999816894531
W_N_0126,12,18,True,3,4,6,1.4602422917377468e-20,99.2449951171875,106.87999725341797
W_N_0126,12,19,True,1,0,2,1.0,85.85499572753906,98.68000030517578
W_N_0126,12,19,True,2,2,4,2.6637132136250654e-15,96.80500030517578,102.6500015258789
W_N_0126,12,19,True,3,4,6,3.074620966454227e-20,115.91000366210938,122.58000183105469
W_N_0126,13,3,True,1,0,2,1.0,102.03500366210938,109.93000030517578
W_N_0126,13,3,True,2,2,4,6.834880799083242e-15,93.88999938964844,102.4000015258789
W_N_0126,13,3,True,3,4,6,2.061952048560859e-20,100.77000427246094,101.45999908447266
W_N_0126,14,37,True,1,0,2,1.0,96.29000091552734,101.20999908447266
W_N_0126,14,37,True,2,2,4,6.881620273624378e-11,105.46499633789062,110.51000213623047
W_N_0126,14,37,True,3,4,6,7.873690720615753e-21,107.12999725341797,114.16999816894531
W_N_0126,15,40,True,1,0,2,1.0,98.25,104.77999877929688
W_N_0126,15,40,True,2,2,4,1.63339204358251e-13,89.33000183105469,98.19999694824219
W_N_0126,15,40,True,3,4,6,1.3673931420597448e-19,100.4749984741211,106.30999755859375
W_N_0126,16,8,True,1,0,2,1.0,93.85499572753906,102.55999755859375
W_N_0126,16,8,True,2,2,4,6.645626957128793e-15,85.10000610351562,96.47000122070312
W_N_0126,16,8,True,3,4,6,8.654698932094335e-18,101.76499938964844,103.11000061035156
W_N_0126,17,24,True,1,0,2,1.0,93.36000061035156,106.08000183105469
W_N_0126,17,24,True,2,2,4,5.789141388490293e-10,112.18000030517578,115.70999908447266
W_N_0126,17,24,True,3,4,6,9.065994639351627e-19,101.14500427246094,112.9800033569336
W_N_0126,18,23,True,1,0,2,1.0,101.68499755859375,105.94000244140625
W_N_0126,18,23,True,2,2,4,1.0219278019835999e-14,98.76000213623047,107.12000274658203
W_N_0126,18,23,True,3,4,6,3.8296657447454036e-22,105.81500244140625,111.61000061035156
W_N_0126,19,31,True,1,0,2,1.0,87.97500610351562,88.7300033569336
W_N_0126,19,31,True,2,2,4,1.0298790899948562e-12,83.71499633789062,86.68000030517578
W_N_0126,19,31,True,3,4,6,3.388327400688458e-16,98.38500213623047,101.44000244140625
W_N_0126,20,16,True,1,0,2,1.0,86.44999694824219,87.05000305175781
W_N_0126,20,16,True,2,2,4,4.4269018247174163e-14,101.04499816894531,106.93000030517578
W_N_0126,20,16,True,3,4,6,1.7097836186168153e-20,98.75999450683594,98.83999633789062
W_N_0126,20,35,True,1,0,2,1.0,82.62000274658203,84.9800033569336
W_N_0126,20,35,True,2,2,4,7.44363338328613e-14,81.5250015258789,91.97000122070312
W_N_0126,20,35,True,3,4,6,9.419356833349746e-16,105.13499450683594,107.43000030517578
W_N_0126,21,1,True,1,0,2,1.0,107.13999938964844,114.83000183105469
W_N_0126,21,1,True,2,2,4,2.3472833038710138e-14,102.27000427246094,104.19000244140625
W_N_0126,21,1,True,3,4,6,3.016832384027168e-20,109.41999816894531,114.12000274658203
W_N_0126,21,13,True,1,0,2,1.0,106.08999633789062,118.2699966430664
W_N_0126,21,13,True,2,2,4,4.366808214653601e-17,89.79000091552734,98.05000305175781
W_N_0126,21,13,True,3,4,6,1.087752729144563e-23,96.53500366210938,107.3499984741211
W_N_0126,21,29,True,1,0,2,1.0,98.30500030517578,98.8499984741211
W_N_0126,21,29,True,2,2,4,1.1848281036841435e-11,109.83500671386719,112.37000274658203
W_N_0126,21,29,True,3,4,6,1.2257058919234195e-17,115.32499694824219,118.61000061035156
W_N_0126,22,1,True,1,0,2,1.0,105.50999450683594,111.66999816894531
W_N_0126,22,1,True,2,2,4,5.969180516220878e-15,114.52499389648438,120.37999725341797
W_N_0126,22,1,True,3,4,6,5.286733276498597e-20,108.36500549316406,115.36000061035156
W_N_0126,25,18,True,1,0,2,1.0,113.27999877929688,125.56999969482422
W_N_0126,25,18,True,2,2,4,4.037172025621728e-18,102.08999633789062,103.69000244140625
W_N_0126,25,18,True,3,4,6,3.21934450965057e-23,109.8800048828125,111.27999877929688
W_N_0126,25,39,True,1,0,2,1.0,95.78500366210938,97.62999725341797
W_N_0126,25,39,True,2,2,4,3.6880509090468985e-14,99.69999694824219,106.31999969482422
W_N_0126,25,39,True,3,4,6,3.380364399487131e-22,99.41000366210938,113.95999908447266
W_N_0126,26,32,True,1,0,2,1.0,85.80999755859375,90.62999725341797
W_N_0126,26,32,True,2,2,4,4.037314780451842e-16,82.68499755859375,92.5
W_N_0126,26,32,True,3,4,6,3.0329192374837346e-19,95.26499938964844,95.41000366210938
W_N_0126,27,32,True,1,0,2,1.0,100.23500061035156,106.12000274658203
W_N_0126,27,32,True,2,2,4,8.293933167211401e-15,91.30500030517578,93.87000274658203
W_N_0126,27,32,True,3,4,6,2.760384906826849e-21,95.3800048828125,98.06999969482422
W_N_0126,28,15,True,1,0,2,1.0,110.51499938964844,129.22000122070312
W_N_0126,28,15,True,2,2,4,1.244649592809302e-13,100.63999938964844,107.7300033569336
W_N_0126,28,15,True,3,4,6,4.972947804122861e-20,89.25,93.2300033569336
W_N_0126,29,7,True,1,0,2,1.0,89.41999816894531,98.47000122070312
W_N_0126,29,7,True,2,2,4,1.2884911033636016e-14,100.48999786376953,103.08999633789062
W_N_0126,29,7,True,3,4,6,1.0751718643564829e-20,100.63500213623047,106.51000213623047
W_N_0126,30,21,True,1,0,2,1.0,103.14500427246094,118.11000061035156
W_N_0126,30,21,True,2,2,4,9.9884856821482e-16,118.1199951171875,123.33999633789062
W_N_0126,30,21,True,3,1998,2000,4.9453772189839373e-23,91.16000366210938,94.12000274658203
W_N_0126,31,7,True,1,0,2,1.0,107.23500061035156,117.6500015258789
W_N_0126,31,7,True,2,2,4,1.4831687513892043e-14,110.19999694824219,120.31999969482422
W_N_0126,31,7,True,3,4,6,1.945418161405042e-24,99.2300033569336,105.80000305175781
W_N_0126,31,34,True,1,0,2,1.0,107.97000122070312,111.91999816894531
W_N_0126,31,34,True,2,2,4,8.086970963294078e-18,102.97000122070312,114.44999694824219
W_N_0126,31,34,True,3,1998,2000,1.3846530342698386e-25,95.80999755859375,98.45999908447266
W_N_0126,33,11,True,1,0,2,1.0,117.2249984741211,122.52999877929688
W_N_0126,33,11,True,2,2,4,1.4240025397495183e-19,96.16999816894531,104.76000213623047
W_N_0126,33,11,True,3,4,6,6.474262800429695e-25,100.9749984741211,115.70999908447266
W_N_0126,34,18,True,1,0,2,1.0,111.30500030517578,112.4000015258789
W_N_0126,34,18,True,2,2,4,2.673942062905447e-17,91.0,93.87999725341797
W_N_0126,34,18,True,3,4,6,7.607281058569132e-23,93.80000305175781,102.98999786376953
W_N_0126,35,13,True,1,0,2,1.0,99.72000122070312,104.88999938964844
W_N_0126,35,13,True,2,2,4,1.1710696363911692e-14,111.74500274658203,120.83000183105469
W_N_0126,35,13,True,3,4,6,5.758905489166848e-23,106.6500015258789,120.5
W_N_0126,37,21,True,1,0,2,1.0,89.24000549316406,90.68000030517578
W_N_0126,37,21,True,2,2,4,3.5438547929533826e-11,99.5050048828125,100.05000305175781
W_N_0126,37,21,True,3,4,6,2.7009718515366607e-20,96.54499816894531,100.70999908447266
W_F_0030,1,9,True,1,0,2,1.0,105.81500244140625,117.33999633789062
W_F_0030,1,9,True,2,2,4,4.246478978864451e-16,88.97000122070312,91.5
W_F_0030,1,9,True,3,4,6,6.961883553726156e-20,100.98500061035156,108.52999877929688
W_F_0030,1,17,True,1,0,2,1.0,75.81500244140625,76.95999908447266
W_F_0030,1,17,True,2,2,4,1.3276782340199134e-08,101.18499755859375,116.87000274658203
W_F_0030,1,17,True,3,4,6,1.1148052081720063e-17,102.52499389648438,107.80999755859375
W_F_0030,2,18,True,1,0,2,1.0,92.44000244140625,96.4800033569336
W_F_0030,2,18,True,2,2,4,6.402499040402112e-17,82.4000015258789,88.41000366210938
W_F_0030,2,18,True,3,4,6,3.364813696796302e-20,99.92500305175781,104.56999969482422
W_F_0030,3,10,True,1,0,2,1.0,99.14500427246094,103.11000061035156
W_F_0030,3,10,True,2,2,4,6.281623441892203e-13,100.73500061035156,103.51000213623047
W_F_0030,3,10,True,3,4,6,4.297772292001536e-20,99.4000015258789,102.54000091552734
W_F_0030,4,15,True,1,0,2,1.0,85.05000305175781,87.27999877929688
W_F_0030,4,15,True,2,2,4,2.6876764702699063e-13,102.39500427246094,106.12999725341797
W_F_0030,4,15,True,3,4,6,1.0020026500766958e-19,95.8499984741211,109.63999938964844
W_F_0030,5,3,True,1,0,2,1.0,96.29000091552734,96.6500015258789
W_F_0030,5,3,True,2,2,4,5.88520079939064e-17,104.38999938964844,111.0999984741211
W_F_0030,5,3,True,3,4,6,1.270296010359701e-23,99.73999786376953,109.73999786376953
W_F_0030,5,6,True,1,0,2,1.0,95.86000061035156,97.79000091552734
W_F_0030,5,6,True,2,2,4,3.598011374516402e-13,110.54499816894531,115.6500015258789
W_F_0030,5,6,True,3,4,6,1.5449738269262773e-19,119.28500366210938,120.0199966430664
W_F_0030,5,12,True,1,0,2,1.0,105.47000122070312,109.97000122070312
W_F_0030,5,12,True,2,2,4,4.807634600651281e-16,100.1300048828125,106.06999969482422
W_F_0030,5,12,True,3,4,6,4.965750715431105e-25,94.21000671386719,102.37000274658203
W_F_0030,5,14,True,1,0,2,1.0,96.05500030517578,101.44999694824219
W_F_0030,5,14,True,2,2,4,2.830991632795949e-14,90.00999450683594,98.13999938964844
W_F_0030,5,14,True,3,4,6,4.5667700539547165e-23,77.80000305175781,79.27999877929688
W_F_0030,6,4,True,1,0,2,1.0,100.69999694824219,105.45999908447266
W_F_0030,6,4,True,2,2,4,2.8264149020236972e-15,88.48500061035156,91.91000366210938
W_F_0030,6,4,True,3,4,6,3.4922597750539176e-23,87.89999389648438,98.08999633789062
W_F_0030,6,5,True,1,0,2,1.0,91.58499908447266,93.41999816894531
W_F_0030,6,5,True,2,2,4,2.0435635822435572e-11,96.4000015258789,106.7300033569336
W_F_0030,6,5,True,3,4,6,3.1227445379596696e-18,91.16999816894531,91.8499984741211
W_F_0030,6,8,True,1,0,2,1.0,105.3800048828125,117.88999938964844
W_F_0030,6,8,True,2,2,4,2.531601484841812e-15,102.2449951171875,103.75
W_F_0030,6,8,True,3,4,6,2.863520404870601e-22,97.51499938964844,97.83999633789062
W_F_0030,6,9,True,1,0,2,1.0,91.55999755859375,95.95999908447266
W_F_0030,6,9,True,2,2,4,2.458072374117437e-12,98.60000610351562,102.4800033569336
W_F_0030,6,9,True,3,4,6,2.4401724672737747e-19,106.03500366210938,113.11000061035156
W_F_0030,6,10,True,1,0,2,1.0,102.41000366210938,105.77999877929688
W_F_0030,6,10,True,2,2,4,1.06040509946975e-15,102.45500183105469,106.19999694824219
W_F_0030,6,10,True,3,4,6,9.424180194328883e-22,105.75499725341797,105.7699966430664
W_F_0030,6,11,True,1,0,2,1.0,105.18499755859375,105.97000122070312
W_F_0030,6,11,True,2,2,4,1.2870984117917261e-14,114.73500061035156,119.19999694824219
W_F_0030,6,11,True,3,4,6,7.2498180163724755e-22,107.77999877929688,113.16999816894531
W_F_0030,7,24,True,1,0,2,1.0,100.41499328613281,105.37999725341797
W_F_0030,7,24,True,2,2,4,1.386916162427962e-13,91.70999908447266,92.13999938964844
W_F_0030,7,24,True,3,4,6,1.0569540030026981e-19,90.84500122070312,97.62999725341797
W_F_0030,8,2,True,1,0,2,1.0,111.19999694824219,114.30999755859375
W_F_0030,8,2,True,2,2,4,4.4010116697615256e-15,109.88500213623047,121.66000366210938
W_F_0030,8,2,True,3,1324,1326,5.266129226616636e-25,113.02999877929688,115.01000213623047
W_F_0030,8,7,True,1,0,2,1.0,102.94499969482422,111.29000091552734
W_F_0030,8,7,True,2,2,4,1.5682699213127613e-17,91.80000305175781,92.83999633789062
W_F_0030,8,7,True,3,4,6,2.892149618625137e-23,100.58500671386719,104.55000305175781
W_F_0030,8,20,True,1,0,2,1.0,114.59500122070312,119.22000122070312
W_F_0030,8,20,True,2,2,4,4.616729023273862e-14,102.55999755859375,103.44000244140625
W_F_0030,8,20,True,3,4,6,3.9372824018711437e-23,91.22000122070312,96.91000366210938
W_F_0030,8,22,True,1,0,2,1.0,107.88999938964844,112.01000213623047
W_F_0030,8,22,True,2,2,4,3.093056560486047e-19,104.10499572753906,119.88999938964844
W_F_0030,8,22,True,3,4,6,4.4215984997588146e-27,83.3499984741211,87.94999694824219
W_F_0030,11,10,True,1,0,2,1.0,110.9949951171875,113.48999786376953
W_F_0030,11,10,True,2,2,4,1.0694059792784622e-17,98.16000366210938,110.27999877929688
W_F_0030,11,10,True,3,1998,2000,3.1323766969266607e-23,99.5250015258789,100.25
W_F_0030,11,22,True,1,0,2,1.0,86.69499969482422,89.08000183105469
W_F_0030,11,22,True,2,2,4,8.527679430658797e-13,106.94499969482422,110.33999633789062
W_F_0030,11,22,True,3,4,6,2.7000459908619695e-19,113.9749984741211,114.86000061035156
W_F_0030,12,22,True,1,0,2,1.0,89.44499969482422,93.12999725341797
W_F_0030,12,22,True,2,2,4,5.1391274455371214e-14,91.35499572753906,103.3499984741211
W_F_0030,12,22,True,3,4,6,2.4734873280030613e-21,104.8699951171875,122.38999938964844
W_F_0030,13,25,True,1,0,2,1.0,87.27000427246094,87.80000305175781
W_F_0030,13,25,True,2,2,4,2.463889035763593e-15,96.98500061035156,102.7300033569336
W_F_0030,13,25,True,3,4,6,4.587132914190299e-21,104.64500427246094,112.47000122070312
W_F_0030,14,6,True,1,0,2,1.0,96.05000305175781,118.22000122070312
W_F_0030,14,6,True,2,2,4,4.612343425486158e-15,103.31500244140625,113.62999725341797
W_F_0030,14,6,True,3,4,6,2.4536461383286576e-23,94.88500213623047,99.04000091552734
W_F_0030,15,17,True,1,0,2,1.0,92.18499755859375,93.27999877929688
W_F_0030,15,17,True,2,2,4,3.171835363802167e-11,104.7300033569336,110.80000305175781
W_F_0030,15,17,True,3,4,6,2.9366456246932484e-20,102.82499694824219,105.87000274658203
W_F_0030,15,21,True,1,0,2,1.0,106.13999938964844,107.70999908447266
W_F_0030,15,21,True,2,2,4,3.1024558985724997e-16,105.19499969482422,106.5999984741211
W_F_0030,15,21,True,3,1998,2000,7.376743243222076e-24,112.78999328613281,116.44999694824219
W_F_0030,16,5,True,1,0,2,1.0,106.64500427246094,111.36000061035156
W_F_0030,16,5,True,2,2,4,1.234118798517839e-16,104.14500427246094,105.25
W_F_0030,16,5,True,3,4,6,5.765317942250163e-25,103.31500244140625,107.2300033569336
W_F_0030,17,12,True,1,0,2,1.0,105.20500183105469,116.48999786376953
W_F_0030,17,12,True,2,2,4,1.0542657120238223e-16,104.47500610351562,109.62000274658203
W_F_0030,17,12,True,3,4,6,5.859935851931589e-23,101.75,109.0999984741211
W_F_0030,19,3,True,1,0,2,1.0,103.38499450683594,109.19999694824219
W_F_0030,19,3,True,2,2,4,4.880387679271139e-14,103.77999877929688,115.69999694824219
W_F_0030,19,3,True,3,4,6,2.0141542468723722e-22,91.94000244140625,93.31999969482422
W_F_0030,21,9,True,1,0,2,1.0,93.70500183105469,98.26000213623047
W_F_0030,21,9,True,2,2,4,9.154704078140341e-11,104.5999984741211,111.61000061035156
W_F_0030,21,9,True,3,4,6,8.70658362922157e-19,117.43000030517578,120.30000305175781
W_F_0030,21,13,True,1,0,2,1.0,106.5250015258789,117.55000305175781
W_F_0030,21,13,True,2,2,4,1.4665764559195003e-15,93.2449951171875,105.08999633789062
W_F_0030,21,13,True,3,4,6,1.5864676904171555e-22,83.68000030517578,94.87999725341797
W_F_0030,22,19,True,1,0,2,1.0,105.39500427246094,105.9000015258789
W_F_0030,22,19,True,2,2,4,1.2575243834932843e-15,108.81500244140625,110.58999633789062
W_F_0030,22,19,True,3,4,6,7.800501493250345e-22,118.0,124.6500015258789
W_F_0030,22,20,True,1,0,2,1.0,108.26000213623047,108.72000122070312
W_F_0030,22,20,True,2,2,4,6.437076349383175e-14,108.53500366210938,108.79000091552734
W_F_0030,22,20,True,3,4,6,2.4846582406168766e-19,114.61000061035156,119.04000091552734
W_F_0030,23,14,True,1,0,2,1.0,100.4749984741211,106.5999984741211
W_F_0030,23,14,True,2,2,4,5.30287272426655e-12,107.04499816894531,110.55999755859375
W_F_0030,23,14,True,3,4,6,2.314138059266367e-18,105.36000061035156,112.33000183105469
W_F_0030,23,18,True,1,0,2,1.0,109.10499572753906,110.55999755859375
W_F_0030,23,18,True,2,2,4,2.607757605015793e-18,85.04499816894531,87.6500015258789
W_F_0030,23,18,True,3,4,6,8.754758131303615e-23,95.45999908447266,96.70999908447266
W_F_0030,23,19,True,1,0,2,1.0,87.89999389648438,102.0999984741211
W_F_0030,23,19,True,2,2,4,8.297995970907301e-12,99.25,124.26000213623047
W_F_0030,23,19,True,3,808,810,1.4008708580110956e-21,105.86000061035156,107.16999816894531
W_N_0010,2,8,True,1,0,2,1.0,82.72999572753906,91.6500015258789
W_N_0010,2,8,True,2,2,4,4.01376441848747e-13,97.02499389648438,99.8499984741211
W_N_0010,2,8,True,3,4,6,2.91593832128072e-20,107.88999938964844,114.94000244140625
W_N_0010,2,14,True,1,0,2,1.0,100.56999969482422,104.04000091552734
W_N_0010,2,14,True,2,2,4,2.01287960908611e-14,97.85499572753906,99.25
W_N_0010,2,14,True,3,4,6,1.2758607337927431e-24,77.47999572753906,82.36000061035156
W_N_0010,3,15,True,1,0,2,1.0,99.94000244140625,106.80000305175781
W_N_0010,3,15,True,2,2,4,7.188892493445453e-13,107.79000091552734,111.4000015258789
W_N_0010,3,15,True,3,4,6,3.264601670314298e-19,104.27000427246094,107.95999908447266
W_N_0010,4,7,True,1,0,2,1.0,81.7699966430664,87.19999694824219
W_N_0010,4,7,True,2,2,4,6.394321183655904e-10,106.52000427246094,113.4000015258789
W_N_0010,4,7,True,3,4,6,3.280565189849063e-21,97.04499816894531,100.33000183105469
W_N_0010,5,6,True,1,0,2,1.0,95.35499572753906,96.83999633789062
W_N_0010,5,6,True,2,2,4,2.4485894608021648e-14,99.38499450683594,104.83999633789062
W_N_0010,5,6,True,3,4,6,1.8354928412459132e-19,109.88999938964844,117.61000061035156
W_N_0010,5,23,True,1,0,2,1.0,99.13999938964844,112.31999969482422
W_N_0010,5,23,True,2,2,4,2.4445911833879717e-17,103.08999633789062,104.91999816894531
W_N_0010,5,23,True,3,4,6,1.8727327148132043e-24,92.3800048828125,94.36000061035156
W_N_0010,6,2,True,1,0,2,1.0,91.40499877929688,92.68000030517578
W_N_0010,6,2,True,2,2,4,7.321367817558766e-11,111.72000122070312,112.54000091552734
W_N_0010,6,2,True,3,4,6,5.693728917653274e-21,94.06500244140625,101.30000305175781
W_N_0010,6,4,True,1,0,2,1.0,94.94999694824219,97.20999908447266
W_N_0010,6,4,True,2,2,4,3.911488320740286e-12,104.44000244140625,107.19000244140625
W_N_0010,6,4,True,3,4,6,2.0772613199298828e-19,101.9949951171875,109.47000122070312
W_N_0010,6,7,True,1,0,2,1.0,91.83499908447266,94.33999633789062
W_N_0010,6,7,True,2,2,4,3.0808866810267017e-15,81.46499633789062,100.16999816894531
W_N_0010,6,7,True,3,4,6,2.9942816310713827e-19,101.27499389648438,112.3499984741211
W_N_0010,7,12,True,1,0,2,1.0,116.35000610351562,117.12000274658203
W_N_0010,7,12,True,2,2,4,1.1376312108532928e-15,117.4000015258789,121.11000061035156
W_N_0010,7,12,True,3,4,6,6.981233471121046e-23,108.44999694824219,111.12999725341797
W_N_0010,7,24,True,1,0,2,1.0,102.23500061035156,107.83000183105469
W_N_0010,7,24,True,2,2,4,6.894711209540566e-17,96.625,97.5199966430664
W_N_0010,7,24,True,3,4,6,3.957960528789776e-22,105.06500244140625,106.55999755859375
W_N_0010,9,1,True,1,0,2,1.0,105.05999755859375,106.27999877929688
W_N_0010,9,1,True,2,2,4,2.7144271937595485e-15,86.0,90.62999725341797
W_N_0010,9,1,True,3,4,6,4.583739373415558e-21,102.99000549316406,109.29000091552734
W_N_0010,9,10,True,1,0,2,1.0,101.09500122070312,108.47000122070312
W_N_0010,9,10,True,2,2,4,2.482067633361091e-15,102.09500122070312,107.5199966430664
W_N_0010,9,10,True,3,4,6,1.258335758854065e-22,101.02000427246094,104.54000091552734
W_N_0010,9,11,True,1,0,2,1.0,83.92500305175781,88.97000122070312
W_N_0010,9,11,True,2,2,4,1.5957866538601762e-12,87.19999694824219,87.7300033569336
W_N_0010,9,11,True,3,4,6,5.789363653620246e-17,103.31500244140625,111.61000061035156
W_N_0010,9,23,True,1,0,2,1.0,101.68499755859375,109.2699966430664
W_N_0010,9,23,True,2,2,4,7.211338663259785e-15,108.53500366210938,108.76000213623047
W_N_0010,9,23,True,3,4,6,3.804065173109846e-24,100.54499816894531,110.22000122070312
W_N_0010,10,2,True,1,0,2,1.0,97.36500549316406,105.43000030517578
W_N_0010,10,2,True,2,2,4,3.750307724790971e-16,98.53500366210938,106.19999694824219
W_N_0010,10,2,True,3,4,6,1.084059289959383e-20,104.0,107.11000061035156
W_N_0010,10,14,True,1,0,2,1.0,100.48999786376953,101.91999816894531
W_N_0010,10,14,True,2,2,4,9.540620653529161e-14,99.6199951171875,108.05999755859375
W_N_0010,10,14,True,3,4,6,3.454287166520199e-23,101.4749984741211,103.38999938964844
W_N_0010,10,26,True,1,0,2,1.0,101.79499816894531,104.8499984741211
W_N_0010,10,26,True,2,2,4,1.5275768041654396e-16,91.73500061035156,96.12000274658203
W_N_0010,10,26,True,3,4,6,3.1959870324445725e-22,99.72000122070312,101.5999984741211
W_N_0010,11,2,True,1,0,2,1.0,92.58500671386719,100.7300033569336
W_N_0010,11,2,True,2,2,4,1.6056464968369766e-14,95.88999938964844,100.22000122070312
W_N_0010,11,2,True,3,1998,2000,9.886289485244324e-23,80.63500213623047,83.76000213623047
W_N_0010,11,21,True,1,0,2,1.0,110.28999328613281,111.62999725341797
W_N_0010,11,21,True,2,2,4,5.78250826128307e-14,103.47000122070312,111.54000091552734
W_N_0010,11,21,True,3,4,6,2.5164304418154944e-20,97.84500122070312,102.30999755859375
W_N_0010,11,24,True,1,0,2,1.0,94.86499786376953,95.95999908447266
W_N_0010,11,24,True,2,2,4,1.7638228117650145e-12,93.02999877929688,96.16000366210938
W_N_0010,11,24,True,3,4,6,5.778347717171602e-19,97.56500244140625,105.2300033569336
W_N_0010,12,26,True,1,0,2,1.0,116.7449951171875,124.66999816894531
W_N_0010,12,26,True,2,2,4,7.842613124949481e-19,103.8550033569336,108.80000305175781
W_N_0010,12,26,True,3,4,6,2.0020642908567e-24,104.98500061035156,108.62999725341797
W_N_0010,13,9,True,1,0,2,1.0,95.31999969482422,107.80999755859375
W_N_0010,13,9,True,2,2,4,1.8070798191160975e-09,110.36000061035156,113.87999725341797
W_N_0010,13,9,True,3,4,6,3.526306090333719e-21,90.99000549316406,94.66000366210938
W_N_0010,14,0,True,1,0,2,1.0,93.5,101.41999816894531
W_N_0010,14,0,True,2,2,4,2.0787341845681512e-13,103.93499755859375,105.44999694824219
W_N_0010,14,0,True,3,4,6,1.9386795190705833e-21,98.19500732421875,103.2300033569336
W_N_0010,14,24,True,1,0,2,1.0,114.05499267578125,116.33999633789062
W_N_0010,14,24,True,2,2,4,1.2026694710379118e-15,115.875,120.2699966430664
W_N_0010,14,24,True,3,1998,2000,1.360226547985349e-23,94.37000274658203,96.83000183105469
W_N_0010,15,9,True,1,0,2,1.0,115.38999938964844,123.33000183105469
W_N_0010,15,9,True,2,2,4,9.348541338626265e-18,101.30000305175781,107.16999816894531
W_N_0010,15,9,True,3,4,6,1.0688072878725942e-23,95.5,100.94000244140625
W_N_0010,16,5,True,1,0,2,1.0,110.58500671386719,114.69000244140625
W_N_0010,16,5,True,2,2,4,5.561359986622823e-16,105.88499450683594,109.30999755859375
W_N_0010,16,5,True,3,4,6,4.1658393874851895e-23,105.15499877929688,114.81999969482422
W_N_0010,16,14,True,1,0,2,1.0,106.33000183105469,106.5199966430664
W_N_0010,16,14,True,2,2,4,5.730940217827871e-16,103.05500030517578,118.23999786376953
W_N_0010,16,14,True,3,4,6,9.453272879642454e-22,96.38499450683594,108.02999877929688
W_N_0010,18,6,True,1,0,2,1.0,106.77999877929688,110.94999694824219
W_N_0010,18,6,True,2,2,4,4.6836486918650985e-14,101.4800033569336,110.80000305175781
W_N_0010,18,6,True,3,4,6,6.88678508607043e-21,102.26499938964844,105.62999725341797
W_N_0010,18,19,True,1,0,2,1.0,124.05000305175781,146.24000549316406
W_N_0010,18,19,True,2,2,4,2.2401093235507806e-18,103.60000610351562,109.94000244140625
W_N_0010,18,19,True,3,4,6,6.437455367063119e-22,95.31500244140625,99.0999984741211
W_N_0010,19,3,True,1,0,2,1.0,107.50999450683594,108.02999877929688
W_N_0010,19,3,True,2,2,4,4.006064029258487e-16,106.17500305175781,110.43000030517578
W_N_0010,19,3,True,3,4,6,3.8013976399588414e-23,112.87000274658203,122.76000213623047
W_N_0010,19,12,True,1,0,2,1.0,92.9749984741211,97.41999816894531
W_N_0010,19,12,True,2,2,4,5.2345036942111345e-14,104.25,111.6500015258789
W_N_0010,19,12,True,3,4,6,9.229353260191405e-23,100.24000549316406,101.81999969482422
W_N_0010,20,8,True,1,0,2,1.0,97.93000030517578,104.0999984741211
W_N_0010,20,8,True,2,2,4,2.1164681809969325e-14,100.7449951171875,102.79000091552734
W_N_0010,20,8,True,3,4,6,1.7194686292954594e-22,88.36499786376953,89.12999725341797
W_N_0010,21,19,True,1,0,2,1.0,100.33000183105469,103.83999633789062
W_N_0010,21,19,True,2,2,4,2.6912300106528633e-14,104.25999450683594,108.05999755859375
W_N_0010,21,19,True,3,4,6,1.3063282135486367e-21,104.94999694824219,107.61000061035156
W_N_0010,21,20,True,1,0,2,1.0,108.2249984741211,109.77999877929688
W_N_0010,21,20,True,2,2,4,2.0917764506064645e-16,111.3699951171875,114.63999938964844
W_N_0010,21,20,True,3,4,6,1.3609791212889297e-23,104.14999389648438,114.12999725341797
W_N_0010,22,6,True,1,0,2,1.0,88.85000610351562,106.80000305175781
W_N_0010,22,6,True,2,2,4,8.782085302028175e-12,91.30500030517578,96.27999877929688
W_N_0010,22,6,True,3,4,6,1.9261161290626326e-16,109.4949951171875,122.45999908447266
W_N_0010,22,13,True,1,0,2,1.0,93.4000015258789,93.66000366210938
W_N_0010,22,13,True,2,2,4,1.0987052738962999e-13,101.16000366210938,102.38999938964844
W_N_0010,22,13,True,3,4,6,3.88291218852151e-17,118.77999877929688,127.55000305175781
W_N_0010,22,15,True,1,0,2,1.0,94.07499694824219,101.19000244140625
W_N_0010,22,15,True,2,2,4,7.117329186949461e-14,104.13999938964844,109.0999984741211
W_N_0010,22,15,True,3,4,6,6.135338836269028e-20,103.83499908447266,104.0999984741211
W_N_0010,23,10,True,1,0,2,1.0,83.33500671386719,84.05000305175781
W_N_0010,23,10,True,2,2,4,1.4575593878553283e-13,95.43000030517578,101.91000366210938
W_N_0010,23,10,True,3,4,6,4.820642608381038e-21,94.54000091552734,97.41000366210938
W_N_0010,23,13,True,1,0,2,1.0,107.66000366210938,111.30000305175781
W_N_0010,23,13,True,2,2,4,5.736755628406363e-17,97.64999389648438,107.77999877929688
W_N_0010,23,13,True,3,4,6,1.032696075530835e-23,90.14500427246094,100.22000122070312
W_N_0019,0,17,True,1,0,2,1.0,103.85499572753906,107.23999786376953
W_N_0019,0,17,True,2,2,4,7.86184714214287e-18,84.18499755859375,92.97000122070312
W_N_0019,0,17,True,3,4,6,3.301981160460454e-23,94.66000366210938,98.80999755859375
W_N_0019,3,11,True,1,0,2,1.0,100.93499755859375,103.36000061035156
W_N_0019,3,11,True,2,2,4,1.5964844167322347e-15,98.15499877929688,102.0199966430664
W_N_0019,3,11,True,3,4,6,1.55632190734955e-23,96.60499572753906,108.83999633789062
W_N_0019,3,17,True,1,0,2,1.0,86.89999389648438,91.05999755859375
W_N_0019,3,17,True,2,2,4,7.924367610126666e-15,101.02499389648438,103.55999755859375
W_N_0019,3,17,True,3,4,6,2.0760708664723383e-21,108.86499786376953,112.23999786376953
W_N_0019,3,32,True,1,0,2,1.0,98.10000610351562,102.97000122070312
W_N_0019,3,32,True,2,2,4,2.2960890560554375e-15,106.15499877929688,109.72000122070312
W_N_0019,3,32,True,3,4,6,5.119151815832895e-21,103.95500183105469,109.4000015258789
W_N_0019,4,20,True,1,0,2,1.0,103.58000183105469,108.66000366210938
W_N_0019,4,20,True,2,2,4,6.011386473916665e-15,101.66999816894531,114.79000091552734
W_N_0019,4,20,True,3,4,6,3.207848824642906e-21,98.7449951171875,114.04000091552734
W_N_0019,4,22,True,1,0,2,1.0,104.67500305175781,107.51000213623047
W_N_0019,4,22,True,2,2,4,2.0768445832353513e-16,108.7249984741211,115.70999908447266
W_N_0019,4,22,True,3,4,6,1.7252307217826834e-22,106.31500244140625,115.41000366210938
W_N_0019,4,34,True,1,0,2,1.0,113.5999984741211,116.73999786376953
W_N_0019,4,34,True,2,2,4,1.75723006782764e-17,98.38999938964844,105.01000213623047
W_N_0019,4,34,True,3,4,6,3.3826088034257935e-22,96.23500061035156,103.75
W_N_0019,5,20,True,1,0,2,1.0,108.96499633789062,118.1500015258789
W_N_0019,5,20,True,2,2,4,5.254053256985411e-16,96.89999389648438,101.94999694824219
W_N_0019,5,20,True,3,4,6,5.5308381526721165e-21,97.8699951171875,101.87999725341797
W_N_0019,5,33,True,1,0,2,1.0,124.88999938964844,132.4199981689453
W_N_0019,5,33,True,2,2,4,2.6930525406743516e-18,96.42500305175781,110.08999633789062
W_N_0019,5,33,True,3,4,6,6.306074204170115e-25,90.13999938964844,92.23999786376953
W_N_0019,8,24,True,1,0,2,0.9999997615814209,78.43000030517578,84.52999877929688
W_N_0019,8,24,True,2,2,4,2.425084062451788e-07,95.89999389648438,96.0199966430664
W_N_0019,8,24,True,3,4,6,4.268631008017519e-16,81.53500366210938,96.95999908447266
W_N_0019,9,15,True,1,0,2,1.0,96.1199951171875,101.02999877929688
W_N_0019,9,15,True,2,2,4,2.950353313437362e-14,104.2550048828125,114.12000274658203
W_N_0019,9,15,True,3,4,6,7.609255104098357e-23,98.5050048828125,100.45999908447266
W_N_0019,10,8,True,1,0,2,1.0,97.69499969482422,100.47000122070312
W_N_0019,10,8,True,2,2,4,1.112343148092134e-14,99.6449966430664,101.2699966430664
W_N_0019,10,8,True,3,4,6,2.5336380146246523e-24,91.25,102.13999938964844
W_N_0019,10,15,True,1,0,2,1.0,101.30500030517578,110.54000091552734
W_N_0019,10,15,True,2,2,4,3.1811640995027535e-12,105.27999877929688,105.37999725341797
W_N_0019,10,15,True,3,4,6,9.227280512385718e-22,99.20500183105469,99.80999755859375
W_N_0019,10,22,True,1,0,2,1.0,98.2699966430664,103.19999694824219
W_N_0019,10,22,True,2,2,4,2.0760683569485315e-16,93.26000213623047,102.7300033569336
W_N_0019,10,22,True,3,4,6,1.6424709884767457e-20,97.80000305175781,106.23999786376953
W_N_0019,11,15,True,1,0,2,1.0,106.64500427246094,110.0
W_N_0019,11,15,True,2,2,4,7.39304832024273e-18,99.75,101.12999725341797
W_N_0019,11,15,True,3,4,6,2.2146666340824104e-21,109.13999938964844,111.0199966430664
W_N_0019,11,30,True,1,0,2,1.0,104.02000427246094,110.1500015258789
W_N_0019,11,30,True,2,2,4,1.8569698120233895e-15,102.67500305175781,105.98999786376953
W_N_0019,11,30,True,3,4,6,7.127621442669823e-23,102.45500183105469,114.86000061035156
W_N_0019,12,36,True,1,0,2,1.0,91.56500244140625,93.27999877929688
W_N_0019,12,36,True,2,2,4,9.853696634684606e-13,112.38999938964844,117.54000091552734
W_N_0019,12,36,True,3,4,6,4.718811101200148e-20,101.91999816894531,111.79000091552734
W_N_0019,13,17,True,1,0,2,1.0,104.22500610351562,116.9000015258789
W_N_0019,13,17,True,2,2,4,3.614637928233658e-16,113.25,114.33999633789062
W_N_0019,13,17,True,3,1198,1200,2.131964697242618e-26,99.47500610351562,103.19000244140625
W_N_0019,14,15,True,1,0,2,1.0,101.73999786376953,106.45999908447266
W_N_0019,14,15,True,2,2,4,1.0368321598421687e-13,101.61500549316406,102.86000061035156
W_N_0019,14,15,True,3,4,6,4.9595653556808803e-23,80.46499633789062,81.48999786376953
W_N_0019,14,40,True,1,0,2,1.0,90.80000305175781,95.75
W_N_0019,14,40,True,2,2,4,1.3749293587342337e-13,103.23999786376953,104.02999877929688
W_N_0019,14,40,True,3,4,6,5.7949862451667784e-21,105.2550048828125,106.80000305175781
W_N_0019,16,3,True,1,0,2,1.0,101.02999877929688,103.18000030517578
W_N_0019,16,3,True,2,2,4,2.1125732185735963e-13,103.47999572753906,105.22000122070312
W_N_0019,16,3,True,3,4,6,2.5261805101685365e-22,96.26499938964844,97.2300033569336
W_N_0019,17,28,True,1,0,2,1.0,77.69499969482422,77.72000122070312
W_N_0019,17,28,True,2,2,4,1.6176690542657468e-10,90.19999694824219,98.33999633789062
W_N_0019,17,28,True,3,4,6,1.4092641103017299e-14,112.08999633789062,112.22000122070312
W_N_0019,17,29,True,1,0,2,1.0,105.75499725341797,106.7699966430664
W_N_0019,17,29,True,2,2,4,1.2159557757386585e-14,106.57499694824219,115.5
W_N_0019,17,29,True,3,4,6,3.0747103336662805e-23,105.6199951171875,106.0199966430664
W_N_0019,18,1,True,1,0,2,1.0,93.93499755859375,97.31999969482422
W_N_0019,18,1,True,2,2,4,2.786666568072721e-13,101.66499328613281,104.44999694824219
W_N_0019,18,1,True,3,4,6,1.6578256643065806e-18,109.66999816894531,113.4800033569336
W_N_0019,18,35,True,1,0,2,1.0,105.45999908447266,106.41999816894531
W_N_0019,18,35,True,2,2,4,4.977665848948654e-12,114.80500030517578,121.94999694824219
W_N_0019,18,35,True,3,4,6,7.42356213416041e-20,110.86000061035156,111.33999633789062
W_N_0019,18,39,True,1,0,2,1.0,87.94499969482422,88.37999725341797
W_N_0019,18,39,True,2,2,4,5.9627259726968695e-12,93.54000091552734,99.2300033569336
W_N_0019,18,39,True,3,4,6,1.101308267553101e-18,113.9949951171875,117.38999938964844
W_N_0019,20,11,True,1,0,2,1.0,121.75,126.5199966430664
W_N_0019,20,11,True,2,2,4,2.146368046657443e-18,108.95500183105469,112.3499984741211
W_N_0019,20,11,True,3,1998,2000,2.840212029818611e-26,105.55500030517578,115.55000305175781
W_N_0019,22,37,True,1,0,2,1.0,87.28999328613281,88.98999786376953
W_N_0019,22,37,True,2,2,4,1.2213962480300822e-12,92.05999755859375,100.05000305175781
W_N_0019,22,37,True,3,4,6,3.981160915390552e-21,80.33999633789062,84.75
W_N_0019,23,18,True,1,0,2,1.0,88.44999694824219,97.37000274658203
W_N_0019,23,18,True,2,2,4,2.879641783273129e-13,100.625,105.54000091552734
W_N_0019,23,18,True,3,4,6,1.3211490929270849e-18,98.92500305175781,103.95999908447266
W_N_0019,23,27,True,1,0,2,1.0,102.2249984741211,106.20999908447266
W_N_0019,23,27,True,2,2,4,1.3236848141022495e-13,116.91500091552734,118.22000122070312
W_N_0019,23,27,True,3,1998,2000,1.0289883346129877e-22,101.30000305175781,105.30999755859375
W_N_0019,26,37,True,1,0,2,1.0,99.19000244140625,106.75
W_N_0019,26,37,True,2,2,4,4.2604981682348977e-16,95.94499969482422,104.47000122070312
W_N_0019,26,37,True,3,4,6,6.405166848450316e-23,106.14999389648438,117.45999908447266
W_N_0019,29,31,True,1,0,2,1.0,108.69999694824219,114.30999755859375
W_N_0019,29,31,True,2,2,4,1.496242342294094e-17,100.36499786376953,106.05999755859375
W_N_0019,29,31,True,3,4,6,5.890163069110441e-25,92.06500244140625,93.01000213623047
W_N_0019,29,38,True,1,0,2,1.0,104.22999572753906,105.45999908447266
W_N_0019,29,38,True,2,2,4,8.889159471691673e-17,89.54000091552734,91.9800033569336
W_N_0019,29,38,True,3,4,6,6.429534668411462e-20,99.16000366210938,101.87000274658203
W_N_0019,30,9,True,1,0,2,1.0,82.55999755859375,83.0
W_N_0019,30,9,True,2,2,4,1.0078215388967249e-12,81.63999938964844,91.47000122070312
W_N_0019,30,9,True,3,4,6,7.148695494612646e-16,92.89999389648438,97.16999816894531
W_N_0019,30,17,True,1,0,2,1.0,102.80000305175781,114.27999877929688
W_N_0019,30,17,True,2,2,4,2.4714351252357394e-14,102.19499969482422,102.31999969482422
W_N_0019,30,17,True,3,4,6,2.825489837148454e-21,104.97999572753906,114.45999908447266
W_N_0019,31,5,True,1,0,2,1.0,100.19999694824219,101.6500015258789
W_N_0019,31,5,True,2,2,4,5.381804982934346e-18,93.93000030517578,98.7300033569336
W_N_0019,31,5,True,3,4,6,3.718461519878851e-20,104.45500183105469,105.4800033569336
W_N_0019,32,39,True,1,0,2,1.0,118.93499755859375,133.91000366210938
W_N_0019,32,39,True,2,2,4,7.881602283122168e-19,98.33999633789062,104.33000183105469
W_N_0019,32,39,True,3,4,6,5.58272318786096e-23,102.60499572753906,112.68000030517578
W_N_0019,35,23,True,1,0,2,1.0,112.46000671386719,124.94000244140625
W_N_0019,35,23,True,2,2,4,1.7167932443213116e-16,96.69999694824219,105.72000122070312
W_N_0019,35,23,True,3,4,6,1.2200374299807467e-18,110.82499694824219,114.51000213623047
W_N_0019,35,33,True,1,0,2,1.0,99.80000305175781,106.5999984741211
W_N_0019,35,33,True,2,2,4,1.0586156788412043e-13,98.68000030517578,99.01000213623047
W_N_0019,35,33,True,3,4,6,2.974242801069309e-21,98.69499969482422,109.75
W_N_0019,36,12,True,1,0,2,1.0,104.57499694824219,107.9800033569336
W_N_0019,36,12,True,2,2,4,9.395989576615164e-17,90.9749984741211,91.38999938964844
W_N_0019,36,12,True,3,4,6,5.559195095818381e-24,92.31999969482422,110.26000213623047
W_N_0019,36,19,True,1,0,2,1.0,105.46499633789062,108.88999938964844
W_N_0019,36,19,True,2,2,4,9.254442926503458e-18,93.60000610351562,105.87000274658203
W_N_0019,36,19,True,3,1998,2000,3.4801447648158954e-23,96.77499389648438,97.2699966430664
W_N_0019,37,29,True,1,0,2,1.0,102.8800048828125,112.08000183105469
W_N_0019,37,29,True,2,2,4,6.068086859405868e-15,108.08499908447266,115.68000030517578
W_N_0019,37,29,True,3,4,6,1.9092859306533242e-21,102.80999755859375,112.55000305175781
W_N_0019,38,17,True,1,0,2,1.0,99.2550048828125,102.02999877929688
W_N_0019,38,17,True,2,2,4,8.305738265397284e-16,91.38999938964844,92.4000015258789
W_N_0019,38,17,True,3,4,6,6.2174588948886965e-24,88.72999572753906,91.9000015258789
W_N_0019,39,13,True,1,0,2,1.0,109.54499816894531,113.98999786376953
W_N_0019,39,13,True,2,2,4,4.403958178093307e-19,93.28999328613281,106.62999725341797
W_N_0019,39,13,True,3,4,6,1.26003963530047e-24,88.05000305175781,102.16999816894531
W_N_0019,39,25,True,1,0,2,1.0,117.47500610351562,124.51000213623047
W_N_0019,39,25,True,2,2,4,2.134554129071869e-17,103.21499633789062,103.47000122070312
W_N_0019,39,25,True,3,1998,2000,6.302872291711533e-26,109.55999755859375,112.58999633789062
W_N_0023,2,7,True,1,0,2,1.0,107.4949951171875,109.5
W_N_0023,2,7,True,2,2,4,9.306985604448949e-17,79.6199951171875,80.0199966430664
W_N_0023,2,7,True,3,4,6,6.282936574609793e-22,87.14500427246094,90.63999938964844
W_N_0023,2,8,True,1,0,2,1.0,88.69499969482422,90.70999908447266
W_N_0023,2,8,True,2,2,4,5.286303686458105e-11,105.49000549316406,106.61000061035156
W_N_0023,2,8,True,3,4,6,2.043924519527318e-20,109.58000183105469,114.41000366210938
W_N_0023,4,13,True,1,0,2,1.0,102.19499969482422,109.76000213623047
W_N_0023,4,13,True,2,2,4,1.0317748564569627e-15,93.75,97.22000122070312
W_N_0023,4,13,True,3,4,6,2.1362257072354563e-23,95.1199951171875,100.73999786376953
W_N_0023,5,19,True,1,0,2,1.0,106.08000183105469,114.95999908447266
W_N_0023,5,19,True,2,2,4,2.8858024995380644e-15,100.98500061035156,101.48999786376953
W_N_0023,5,19,True,3,4,6,1.1338201006974863e-20,101.875,103.06999969482422
W_N_0023,5,20,True,1,0,2,1.0,93.33000183105469,95.81999969482422
W_N_0023,5,20,True,2,2,4,2.4209927462157934e-16,95.44000244140625,95.70999908447266
W_N_0023,5,20,True,3,4,6,3.7279184399464485e-21,105.88999938964844,110.36000061035156
W_N_0023,6,13,True,1,0,2,1.0,106.97500610351562,116.69000244140625
W_N_0023,6,13,True,2,2,4,5.000173626804431e-18,97.49000549316406,102.6500015258789
W_N_0023,6,13,True,3,4,6,1.228592299896832e-20,105.08499908447266,112.36000061035156
W_N_0023,6,19,True,1,0,2,1.0,103.91999816894531,105.58000183105469
W_N_0023,6,19,True,2,2,4,4.345591998088571e-15,91.44499969482422,100.97000122070312
W_N_0023,6,19,True,3,4,6,7.264279459925375e-19,100.65499877929688,109.52999877929688
W_N_0023,6,21,True,1,0,2,1.0,106.66999816894531,113.08000183105469
W_N_0023,6,21,True,2,2,4,1.0716132977728679e-13,110.20999908447266,116.12999725341797
W_N_0023,6,21,True,3,4,6,5.1832224106682364e-24,98.7449951171875,99.69999694824219
W_N_0023,7,1,True,1,0,2,1.0,91.47000122070312,100.08000183105469
W_N_0023,7,1,True,2,2,4,8.350350304883042e-14,89.01000213623047,97.08000183105469
W_N_0023,7,1,True,3,4,6,8.786660916371298e-19,95.81500244140625,98.54000091552734
W_N_0023,7,17,True,1,0,2,1.0,103.01000213623047,117.2300033569336
W_N_0023,7,17,True,2,2,4,4.0982188316395906e-16,116.66999816894531,127.11000061035156
W_N_0023,7,17,True,3,1998,2000,1.6274981940043708e-25,112.08999633789062,115.02999877929688
W_N_0023,7,20,True,1,0,2,1.0,109.5,113.0999984741211
W_N_0023,7,20,True,2,2,4,4.8316409536707335e-18,102.00499725341797,103.48999786376953
W_N_0023,7,20,True,3,1998,2000,6.234862004622584e-26,90.70999908447266,95.0999984741211
W_N_0023,9,13,True,1,0,2,1.0,109.29499816894531,124.3499984741211
W_N_0023,9,13,True,2,2,4,1.3528042609937236e-18,94.88500213623047,98.37000274658203
W_N_0023,9,13,True,3,4,6,1.4403896465408218e-23,100.21499633789062,101.0199966430664
W_N_0023,9,23,True,1,0,2,1.0,100.49000549316406,106.33000183105469
W_N_0023,9,23,True,2,2,4,1.0653388810990492e-16,84.66500091552734,88.16999816894531
W_N_0023,9,23,True,3,4,6,1.0771223465473601e-19,100.96499633789062,104.12999725341797
W_N_0023,10,5,True,1,0,2,1.0,94.66999816894531,110.12000274658203
W_N_0023,10,5,True,2,2,4,1.1159722607546451e-15,102.04499816894531,103.0999984741211
W_N_0023,10,5,True,3,4,6,3.0100338368577444e-23,105.02999877929688,108.47000122070312
W_N_0023,10,9,True,1,0,2,1.0,110.01499938964844,121.0999984741211
W_N_0023,10,9,True,2,2,4,1.967526923991273e-14,107.8499984741211,114.68000030517578
W_N_0023,10,9,True,3,4,6,4.016715330772744e-23,87.81999969482422,92.41999816894531
W_N_0023,10,11,True,1,0,2,1.0,100.875,101.19999694824219
W_N_0023,10,11,True,2,2,4,7.326888526231964e-14,106.01000213623047,113.4000015258789
W_N_0023,10,11,True,3,4,6,1.609338446755519e-21,92.19999694824219,97.73999786376953
W_N_0023,10,12,True,1,0,2,1.0,91.25999450683594,99.94999694824219
W_N_0023,10,12,True,2,2,4,3.657471325585124e-15,87.8699951171875,100.0
W_N_0023,10,12,True,3,4,6,2.4506577570197086e-19,97.32499694824219,106.70999908447266
W_N_0023,11,17,True,1,0,2,1.0,77.89999389648438,79.0999984741211
W_N_0023,11,17,True,2,2,4,6.293496834786083e-09,91.3800048828125,93.13999938964844
W_N_0023,11,17,True,3,4,6,4.884019417735787e-14,92.48999786376953,97.30999755859375
W_N_0023,11,20,True,1,0,2,1.0,86.69499969482422,91.48999786376953
W_N_0023,11,20,True,2,2,4,1.4401746462056053e-09,92.69000244140625,96.44999694824219
W_N_0023,11,20,True,3,4,6,5.798071549364714e-17,96.80500030517578,107.06999969482422
W_N_0023,11,21,True,1,0,2,1.0,103.44999694824219,108.0
W_N_0023,11,21,True,2,2,4,1.5313999932519903e-14,97.55999755859375,105.31999969482422
W_N_0023,11,21,True,3,4,6,1.1942388539298128e-23,95.38999938964844,109.62000274658203
W_N_0023,17,2,True,1,0,2,1.0,92.28500366210938,103.2300033569336
W_N_0023,17,2,True,2,2,4,2.798669914319909e-15,73.28999328613281,73.87999725341797
W_N_0023,17,2,True,3,4,6,1.6037708588423122e-17,110.01499938964844,115.33000183105469
W_N_0023,17,3,True,1,0,2,1.0,120.45999908447266,123.31999969482422
W_N_0023,17,3,True,2,2,4,1.0906229138362635e-17,92.6500015258789,94.58000183105469
W_N_0023,17,3,True,3,4,6,4.047865933306984e-22,102.46000671386719,103.01000213623047
W_N_0023,17,9,True,1,0,2,1.0,96.13499450683594,98.56999969482422
W_N_0023,17,9,True,2,2,4,1.0609437488967328e-14,99.80500030517578,112.81999969482422
W_N_0023,17,9,True,3,4,6,8.240507280254728e-23,88.5,101.76000213623047
W_N_0023,17,18,True,1,0,2,1.0,99.02000427246094,101.83000183105469
W_N_0023,17,18,True,2,2,4,1.1033500298845457e-14,86.55500030517578,88.86000061035156
W_N_0023,17,18,True,3,4,6,3.0782487350516405e-19,93.28500366210938,95.44000244140625
W_N_0023,18,8,True,1,0,2,1.0,84.55500030517578,89.79000091552734
W_N_0023,18,8,True,2,2,4,2.1471365130310005e-08,103.5999984741211,110.27999877929688
W_N_0023,18,8,True,3,4,6,1.49785782603041e-18,100.10499572753906,109.91999816894531
W_N_0023,18,16,True,1,0,2,1.0,119.52000427246094,125.80999755859375
W_N_0023,18,16,True,2,2,4,2.6944761797199207e-14,120.47999572753906,130.39999389648438
W_N_0023,18,16,True,3,1998,2000,8.0363232567127525e-25,92.58000183105469,96.69999694824219
W_N_0023,19,9,True,1,0,2,1.0,92.19999694824219,104.23999786376953
W_N_0023,19,9,True,2,2,4,1.8845534399507258e-13,94.56500244140625,108.83000183105469
W_N_0023,19,9,True,3,4,6,4.3807521429960145e-19,100.44499969482422,101.79000091552734
W_N_0023,21,8,True,1,0,2,1.0,111.4749984741211,113.66999816894531
W_N_0023,21,8,True,2,2,4,2.0245576364480374e-18,106.93499755859375,107.75
W_N_0023,21,8,True,3,4,6,1.4300522751881473e-24,92.52999877929688,102.29000091552734
W_N_0023,21,17,True,1,0,2,1.0,105.09500122070312,108.12000274658203
W_N_0023,21,17,True,2,2,4,4.823269452429056e-15,93.19499969482422,114.55000305175781
W_N_0023,21,17,True,3,4,6,1.6063522762765885e-20,94.68000030517578,96.80999755859375
W_N_0023,22,12,True,1,0,2,1.0,94.68499755859375,95.87999725341797
W_N_0023,22,12,True,2,2,4,4.835596577020332e-14,99.26499938964844,102.20999908447266
W_N_0023,22,12,True,3,4,6,1.7634590777596972e-20,105.5999984741211,109.8499984741211
W_N_0023,23,11,True,1,0,2,1.0,104.36000061035156,111.08999633789062
W_N_0023,23,11,True,2,2,4,3.6100628915273006e-16,100.98500061035156,111.88999938964844
W_N_0023,23,11,True,3,4,6,6.326992231578634e-24,95.25,99.37000274658203
W_N_0023,24,15,True,1,0,2,1.0,120.32499694824219,128.0800018310547
W_N_0023,24,15,True,2,2,4,1.3121372186472611e-20,100.31500244140625,102.37000274658203
W_N_0023,24,15,True,3,4,6,2.3743083140047526e-26,101.41000366210938,115.2699966430664
W_N_0025,5,25,True,1,0,2,1.0,100.56999969482422,108.0999984741211
W_N_0025,5,25,True,2,2,4,1.631378177222392e-16,98.80999755859375,98.9000015258789
W_N_0025,5,25,True,3,4,6,1.1273525454477007e-17,126.89500427246094,133.30999755859375
W_N_0025,6,16,True,1,0,2,1.0,95.00499725341797,98.73999786376953
W_N_0025,6,16,True,2,2,4,1.8009906750887737e-15,94.88499450683594,105.0199966430664
W_N_0025,6,16,True,3,4,6,3.3325969506419225e-20,107.35499572753906,114.51000213623047
W_N_0025,8,25,True,1,0,2,1.0,84.03999328613281,86.48999786376953
W_N_0025,8,25,True,2,2,4,1.9720591826200007e-09,104.39500427246094,112.69000244140625
W_N_0025,8,25,True,3,4,6,1.1134033686443004e-16,93.3800048828125,95.66000366210938
W_N_0025,8,28,True,1,0,2,1.0,105.76499938964844,117.9800033569336
W_N_0025,8,28,True,2,2,4,2.5193279774360974e-15,96.8800048828125,107.52999877929688
W_N_0025,8,28,True,3,4,6,2.6078334956058205e-21,105.55000305175781,116.4000015258789
W_N_0025,8,29,True,1,0,2,1.0,102.82499694824219,116.5199966430664
W_N_0025,8,29,True,2,2,4,3.085775246978485e-14,118.41500091552734,124.16999816894531
W_N_0025,8,29,True,3,4,6,3.509342021531063e-22,106.55500030517578,113.66999816894531
W_N_0025,10,16,True,1,0,2,1.0,105.41000366210938,109.45999908447266
W_N_0025,10,16,True,2,2,4,1.3087719520328903e-14,117.47999572753906,124.12000274658203
W_N_0025,10,16,True,3,1998,2000,3.119959178253009e-25,105.87000274658203,109.2300033569336
W_N_0025,10,29,True,1,0,2,1.0,106.39500427246094,115.8499984741211
W_N_0025,10,29,True,2,2,4,4.072209626202963e-16,105.71499633789062,113.25
W_N_0025,10,29,True,3,4,6,7.107417452709665e-24,101.41999816894531,110.69000244140625
W_N_0025,11,20,True,1,0,2,1.0,97.55000305175781,100.69999694824219
W_N_0025,11,20,True,2,2,4,8.535693311016723e-15,96.89500427246094,103.37000274658203
W_N_0025,11,20,True,3,4,6,9.683849313832898e-20,116.60000610351562,127.26000213623047
W_N_0025,12,13,True,1,0,2,1.0,102.60000610351562,108.94000244140625
W_N_0025,12,13,True,2,2,4,4.2350624146914734e-14,97.94500732421875,102.2300033569336
W_N_0025,12,13,True,3,4,6,4.6057186285786e-21,100.41000366210938,111.18000030517578
W_N_0025,13,8,True,1,0,2,1.0,99.06500244140625,112.88999938964844
W_N_0025,13,8,True,2,2,4,4.993436084543487e-14,101.3949966430664,105.83999633789062
W_N_0025,13,8,True,3,4,6,2.534830969528573e-21,102.36500549316406,111.66000366210938
W_N_0025,13,13,True,1,0,2,1.0,120.33500671386719,124.51000213623047
W_N_0025,13,13,True,2,2,4,8.944555995128775e-20,88.80500030517578,90.18000030517578
W_N_0025,13,13,True,3,4,6,5.16599226854858e-23,89.86499786376953,92.66999816894531
W_N_0025,13,14,True,1,0,2,1.0,97.06999969482422,107.51000213623047
W_N_0025,13,14,True,2,2,4,1.4682342052763954e-14,105.41000366210938,114.70999908447266
W_N_0025,13,14,True,3,4,6,5.67266918716035e-24,106.92500305175781,108.3499984741211
W_N_0025,13,24,True,1,0,2,1.0,101.3499984741211,102.95999908447266
W_N_0025,13,24,True,2,2,4,1.6039499533710973e-15,85.01499938964844,87.98999786376953
W_N_0025,13,24,True,3,4,6,1.2207263680334268e-18,90.93499755859375,96.52999877929688
W_N_0025,14,13,True,1,0,2,1.0,108.09500122070312,113.94000244140625
W_N_0025,14,13,True,2,2,4,1.8584784306420086e-16,104.45500183105469,106.22000122070312
W_N_0025,14,13,True,3,4,6,1.1163976885627674e-23,99.45500183105469,99.91000366210938
W_N_0025,14,20,True,1,0,2,1.0,98.95500183105469,105.52999877929688
W_N_0025,14,20,True,2,2,4,1.2428738898793371e-15,98.91500091552734,103.91000366210938
W_N_0025,14,20,True,3,4,6,2.5458686608273273e-21,102.79499816894531,106.3499984741211
W_N_0025,14,30,True,1,0,2,1.0,97.06500244140625,101.62000274658203
W_N_0025,14,30,True,2,2,4,8.567568854887797e-14,101.7750015258789,108.0
W_N_0025,14,30,True,3,4,6,3.1498069924702607e-18,107.44000244140625,112.06999969482422
W_N_0025,15,14,True,1,0,2,1.0,100.20999908447266,103.06999969482422
W_N_0025,15,14,True,2,2,4,8.30076957012869e-15,98.45500183105469,99.6500015258789
W_N_0025,15,14,True,3,4,6,8.257684726465915e-24,87.96499633789062,90.27999877929688
W_N_0025,15,19,True,1,0,2,1.0,101.19499969482422,104.0199966430664
W_N_0025,15,19,True,2,2,4,2.4170351965279845e-15,93.86000061035156,100.08999633789062
W_N_0025,15,19,True,3,4,6,6.350460079260514e-20,97.29499816894531,106.88999938964844
W_N_0025,16,23,True,1,0,2,1.0,103.17500305175781,119.70999908447266
W_N_0025,16,23,True,2,2,4,7.349562581790425e-14,91.87999725341797,99.44999694824219
W_N_0025,16,23,True,3,4,6,2.305528401559397e-19,101.68000030517578,103.58000183105469
W_N_0025,16,32,True,1,0,2,1.0,103.4949951171875,108.31999969482422
W_N_0025,16,32,True,2,2,4,2.2580598707621204e-16,94.94499969482422,95.88999938964844
W_N_0025,16,32,True,3,4,6,2.6814852857625013e-21,100.38999938964844,103.12999725341797
W_N_0025,18,12,True,1,0,2,1.0,99.18000030517578,100.9000015258789
W_N_0025,18,12,True,2,2,4,1.0377086017733517e-13,97.08000183105469,110.62999725341797
W_N_0025,18,12,True,3,4,6,2.7340167072661954e-22,93.48999786376953,98.58999633789062
W_N_0025,20,5,True,1,0,2,1.0,92.875,94.91000366210938
W_N_0025,20,5,True,2,2,4,1.7256227845849174e-14,82.66999816894531,85.38999938964844
W_N_0025,20,5,True,3,4,6,7.792810131231312e-19,87.85499572753906,100.43000030517578
W_N_0025,20,12,True,1,0,2,1.0,95.15499877929688,108.4000015258789
W_N_0025,20,12,True,2,2,4,4.344367611963315e-14,98.48500061035156,103.26000213623047
W_N_0025,20,12,True,3,4,6,5.0226479495640866e-21,100.56500244140625,104.36000061035156
W_N_0025,22,23,True,1,0,2,1.0,100.88499450683594,104.7699966430664
W_N_0025,22,23,True,2,2,4,6.023850987251986e-15,99.47000122070312,108.19000244140625
W_N_0025,22,23,True,3,4,6,1.2092397066857507e-21,109.10000610351562,118.30000305175781
W_N_0025,23,27,True,1,0,2,1.0,125.56500244140625,132.77999877929688
W_N_0025,23,27,True,2,2,4,3.763519255011321e-17,109.68499755859375,119.58000183105469
W_N_0025,23,27,True,3,4,6,9.138082881761284e-25,99.12000274658203,102.51000213623047
W_N_0025,24,5,True,1,0,2,1.0,103.7249984741211,105.08999633789062
W_N_0025,24,5,True,2,2,4,8.931316142657842e-15,98.95999908447266,118.08000183105469
W_N_0025,24,5,True,3,1998,2000,1.335293994492841e-20,90.04000091552734,105.83000183105469
W_N_0025,25,6,True,1,0,2,1.0,79.52999877929688,79.7300033569336
W_N_0025,25,6,True,2,2,4,3.863482034294208e-10,88.27999877929688,108.94000244140625
W_N_0025,25,6,True,3,4,6,3.99428877254378e-21,88.31999969482422,92.41999816894531
W_N_0025,26,19,True,1,0,2,1.0,104.69000244140625,112.33000183105469
W_N_0025,26,19,True,2,2,4,2.1779006007492663e-13,106.13500213623047,108.29000091552734
W_N_0025,26,19,True,3,4,6,2.2612941448407836e-22,99.19000244140625,106.27999877929688
W_N_0025,27,14,True,1,0,2,1.0,112.40499877929688,112.6500015258789
W_N_0025,27,14,True,2,2,4,2.218011888318141e-16,96.18000030517578,105.22000122070312
W_N_0025,27,14,True,3,4,6,7.767397204109122e-21,96.51000213623047,100.19000244140625
W_N_0025,27,18,True,1,0,2,1.0,114.6199951171875,125.11000061035156
W_N_0025,27,18,True,2,2,4,1.0142116367659743e-13,110.97999572753906,114.36000061035156
W_N_0025,27,18,True,3,4,6,7.182548845526308e-20,119.69000244140625,125.19000244140625
W_F_0003,1,13,True,1,0,2,1.0,98.78500366210938,112.58000183105469
W_F_0003,1,13,True,2,2,4,8.261394346398276e-11,113.59500122070312,117.13999938964844
W_F_0003,1,13,True,3,4,6,9.488249533297663e-21,101.97000122070312,104.36000061035156
W_F_0003,1,14,True,1,0,2,1.0,97.14500427246094,101.56999969482422
W_F_0003,1,14,True,2,2,4,7.200676551332927e-14,100.67500305175781,115.80000305175781
W_F_0003,1,14,True,3,4,6,7.702252207226597e-20,106.74000549316406,107.25
W_F_0003,2,10,True,1,0,2,1.0,108.54499816894531,114.43000030517578
W_F_0003,2,10,True,2,2,4,1.022165648835189e-14,97.66500091552734,102.1500015258789
W_F_0003,2,10,True,3,4,6,1.0965229691444482e-22,86.20500183105469,88.62999725341797
W_F_0003,2,11,True,1,0,2,1.0,86.8800048828125,87.76000213623047
W_F_0003,2,11,True,2,2,4,6.356390414019586e-11,99.39500427246094,103.63999938964844
W_F_0003,2,11,True,3,4,6,4.9525259555698455e-18,102.875,113.93000030517578
W_F_0003,2,16,True,1,0,2,1.0,106.60499572753906,111.95999908447266
W_F_0003,2,16,True,2,2,4,5.100315718267572e-16,107.77000427246094,109.58000183105469
W_F_0003,2,16,True,3,4,6,2.6169390835319587e-23,102.5999984741211,109.2699966430664
W_F_0003,3,9,True,1,0,2,1.0,107.91499328613281,114.48999786376953
W_F_0003,3,9,True,2,2,4,2.711526668398019e-17,91.5050048828125,91.8499984741211
W_F_0003,3,9,True,3,4,6,1.013024831738965e-20,104.32499694824219,104.98999786376953
W_F_0003,3,10,True,1,0,2,1.0,114.12000274658203,124.91000366210938
W_F_0003,3,10,True,2,2,4,5.328226343989694e-17,108.1199951171875,117.44999694824219
W_F_0003,3,10,True,3,4,6,9.158354018575619e-26,97.26499938964844,107.37000274658203
W_F_0003,6,9,True,1,0,2,1.0,110.36499786376953,119.48999786376953
W_F_0003,6,9,True,2,2,4,2.5488848860737095e-18,98.86000061035156,101.36000061035156
W_F_0003,6,9,True,3,4,6,5.674397778618916e-25,105.53500366210938,112.31999969482422
W_F_0003,6,16,True,1,0,2,1.0,90.37999725341797,93.41999816894531
W_F_0003,6,16,True,2,2,4,3.468257717695669e-15,87.7550048828125,93.9000015258789
W_F_0003,6,16,True,3,4,6,3.1652091988735746e-20,95.04499816894531,98.01000213623047
W_F_0003,6,18,True,1,0,2,1.0,107.07499694824219,108.19000244140625
W_F_0003,6,18,True,2,2,4,2.652416176388857e-16,105.16999816894531,105.86000061035156
W_F_0003,6,18,True,3,4,6,3.7176170619502965e-24,107.43000030517578,107.63999938964844
W_F_0003,6,19,True,1,0,2,1.0,100.58499908447266,108.5999984741211
W_F_0003,6,19,True,2,2,4,1.388208861760414e-15,91.56500244140625,97.16999816894531
W_F_0003,6,19,True,3,4,6,6.755437448188176e-21,92.80500030517578,104.62999725341797
W_F_0003,6,20,True,1,0,2,1.0,110.30999755859375,114.66999816894531
W_F_0003,6,20,True,2,2,4,9.014894895266674e-17,100.66999816894531,105.48999786376953
W_F_0003,6,20,True,3,4,6,1.0464282309030377e-24,98.43000030517578,101.69999694824219
W_F_0003,6,22,True,1,0,2,1.0,94.03500366210938,107.30000305175781
W_F_0003,6,22,True,2,2,4,2.0312621213953302e-13,109.63499450683594,112.58999633789062
W_F_0003,6,22,True,3,1998,2000,2.0269558500878626e-23,115.61000061035156,116.2300033569336
W_F_0003,7,4,True,1,0,2,1.0,95.41000366210938,106.87000274658203
W_F_0003,7,4,True,2,2,4,5.953381776273303e-13,106.41000366210938,112.33999633789062
W_F_0003,7,4,True,3,1998,2000,7.423756973968758e-21,117.54000091552734,118.83000183105469
W_F_0003,8,9,True,1,0,2,1.0,81.81500244140625,81.87999725341797
W_F_0003,8,9,True,2,2,4,7.225761330421909e-13,88.39500427246094,88.44000244140625
W_F_0003,8,9,True,3,4,6,3.011145548335139e-17,105.0050048828125,118.4000015258789
W_F_0003,8,15,True,1,0,2,1.0,120.73999786376953,133.0399932861328
W_F_0003,8,15,True,2,2,4,6.335092776001641e-21,90.10499572753906,92.33999633789062
W_F_0003,8,15,True,3,4,6,4.606904299140922e-25,90.54000091552734,94.4000015258789
W_F_0003,8,26,True,1,0,2,1.0,106.78500366210938,114.45999908447266
W_F_0003,8,26,True,2,2,4,4.440063859096889e-16,89.0250015258789,90.29000091552734
W_F_0003,8,26,True,3,4,6,3.6211686715357866e-22,89.53500366210938,96.51000213623047
W_F_0003,9,10,True,1,0,2,1.0,94.44000244140625,104.08999633789062
W_F_0003,9,10,True,2,2,4,3.634981923209164e-14,90.36000061035156,91.1500015258789
W_F_0003,9,10,True,3,4,6,1.0496892892729511e-19,98.77999877929688,112.97000122070312
W_F_0003,9,20,True,1,0,2,1.0,95.43499755859375,103.41999816894531
W_F_0003,9,20,True,2,2,4,1.580264985165912e-14,101.33999633789062,104.0999984741211
W_F_0003,9,20,True,3,4,6,2.8243233579942347e-23,104.67500305175781,114.20999908447266
W_F_0003,10,2,True,1,0,2,1.0,93.32499694824219,95.26000213623047
W_F_0003,10,2,True,2,2,4,7.111544629546072e-15,86.93000030517578,87.98999786376953
W_F_0003,10,2,True,3,4,6,1.0065740844114855e-17,107.61500549316406,122.0
W_F_0003,10,11,True,1,0,2,1.0,105.08499908447266,112.20999908447266
W_F_0003,10,11,True,2,2,4,3.8100580079167183e-19,97.01499938964844,102.0
W_F_0003,10,11,True,3,4,6,9.640830428983885e-21,105.66499328613281,105.80999755859375
W_F_0003,11,18,True,1,0,2,1.0,106.33500671386719,116.12000274658203
W_F_0003,11,18,True,2,2,4,4.6031332127341885e-15,108.42500305175781,120.83000183105469
W_F_0003,11,18,True,3,4,6,2.506223875433819e-23,99.83499908447266,116.5199966430664
W_F_0003,11,19,True,1,0,2,1.0,95.7449951171875,101.55999755859375
W_F_0003,11,19,True,2,2,4,2.0450528426864964e-15,93.06500244140625,98.33000183105469
W_F_0003,11,19,True,3,4,6,1.3383544496681879e-19,101.2550048828125,107.41000366210938
W_F_0003,11,20,True,1,0,2,1.0,87.69999694824219,88.51000213623047
W_F_0003,11,20,True,2,2,4,8.305649223938616e-11,96.66999816894531,100.55000305175781
W_F_0003,11,20,True,3,4,6,1.8398981011994955e-16,94.07499694824219,94.31999969482422
W_F_0003,11,27,True,1,0,2,1.0,109.7550048828125,113.4000015258789
W_F_0003,11,27,True,2,2,4,2.2058215171961992e-14,112.95999908447266,116.6500015258789
W_F_0003,11,27,True,3,1998,2000,3.2043615798143988e-22,118.41000366210938,130.2100067138672
W_F_0003,12,4,True,1,0,2,1.0,109.66500091552734,117.72000122070312
W_F_0003,12,4,True,2,2,4,2.6496843296978396e-17,94.68000030517578,95.11000061035156
W_F_0003,12,4,True,3,4,6,1.9161215555474708e-22,91.6300048828125,97.51000213623047
W_F_0003,12,6,True,1,0,2,1.0,104.19000244140625,109.06999969482422
W_F_0003,12,6,True,2,2,4,9.387923407589915e-18,91.31999969482422,92.27999877929688
W_F_0003,12,6,True,3,4,6,1.2902706784547116e-23,94.25,104.87999725341797
W_F_0003,13,6,True,1,0,2,1.0,92.16500091552734,98.0
W_F_0003,13,6,True,2,2,4,5.256875528414015e-14,102.80999755859375,102.94999694824219
W_F_0003,13,6,True,3,4,6,1.1518169497313546e-18,109.9000015258789,113.30000305175781
W_F_0003,13,8,True,1,0,2,1.0,96.86000061035156,103.18000030517578
W_F_0003,13,8,True,2,2,4,8.597718145612367e-15,90.00999450683594,93.66999816894531
W_F_0003,13,8,True,3,4,6,2.7112314760717324e-21,97.59500122070312,105.16999816894531
W_F_0003,13,16,True,1,0,2,1.0,88.20999908447266,109.2699966430664
W_F_0003,13,16,True,2,2,4,1.0314508969155867e-10,90.10499572753906,96.77999877929688
W_F_0003,13,16,True,3,4,6,1.3565116183247372e-15,108.22000122070312,116.45999908447266
W_F_0003,14,10,True,1,0,2,1.0,89.3699951171875,91.63999938964844
W_F_0003,14,10,True,2,2,4,1.1999891199796203e-14,93.9949951171875,105.97000122070312
W_F_0003,14,10,True,3,4,6,4.8388924325106796e-17,105.43000030517578,106.05999755859375
W_F_0003,14,19,True,1,0,2,1.0,107.2449951171875,117.02999877929688
W_F_0003,14,19,True,2,2,4,6.72231196335155e-18,88.61499786376953,98.80999755859375
W_F_0003,14,19,True,3,4,6,1.4110558222257423e-21,93.55500030517578,99.77999877929688
W_F_0003,14,28,True,1,0,2,1.0,96.92500305175781,97.88999938964844
W_F_0003,14,28,True,2,2,4,1.1448017894440977e-14,103.23500061035156,111.61000061035156
W_F_0003,14,28,True,3,4,6,3.324737119235535e-20,112.2449951171875,121.69999694824219
W_F_0003,15,4,True,1,0,2,1.0,100.33999633789062,102.19000244140625
W_F_0003,15,4,True,2,2,4,5.3941167391715856e-18,94.09500122070312,98.47000122070312
W_F_0003,15,4,True,3,4,6,2.6490610578304514e-22,96.76499938964844,98.88999938964844
W_F_0003,15,16,True,1,0,2,1.0,114.41499328613281,128.89999389648438
W_F_0003,15,16,True,2,2,4,6.712501187696365e-17,102.09500122070312,117.69000244140625
W_F_0003,15,16,True,3,4,6,2.5498314751857124e-23,89.53500366210938,90.5199966430664
W_F_0003,16,0,True,1,0,2,1.0,130.22999572753906,141.58999633789062
W_F_0003,16,0,True,2,2,4,3.005909205544464e-19,108.91000366210938,117.69999694824219
W_F_0003,16,0,True,3,1998,2000,1.3624692795388922e-24,101.66999816894531,105.30000305175781
W_F_0003,16,9,True,1,0,2,1.0,95.99500274658203,98.16000366210938
W_F_0003,16,9,True,2,2,4,3.9983715936688785e-15,97.18499755859375,107.88999938964844
W_F_0003,16,9,True,3,4,6,7.504857703256063e-19,111.33499908447266,115.43000030517578
W_F_0003,17,8,True,1,0,2,1.0,99.02999877929688,107.52999877929688
W_F_0003,17,8,True,2,2,4,8.257029635765425e-15,98.33000183105469,101.9800033569336
W_F_0003,17,8,True,3,4,6,1.532099933254739e-23,98.21499633789062,101.63999938964844
W_F_0003,17,23,True,1,0,2,1.0,116.45999908447266,129.4499969482422
W_F_0003,17,23,True,2,2,4,7.485373303454338e-15,105.33999633789062,110.12000274658203
W_F_0003,17,23,True,3,1998,2000,9.000151538559522e-25,119.125,129.1300048828125
W_F_0003,18,3,True,1,0,2,1.0,88.6300048828125,98.13999938964844
W_F_0003,18,3,True,2,2,4,2.3895734349577147e-11,115.20999908447266,116.5999984741211
W_F_0003,18,3,True,3,4,6,4.090742555611438e-21,98.08000183105469,102.87000274658203
W_F_0003,18,20,True,1,0,2,1.0,87.47000122070312,89.54000091552734
W_F_0003,18,20,True,2,2,4,1.97983990313233e-11,93.29499816894531,104.30000305175781
W_F_0003,18,20,True,3,4,6,8.214474237274226e-19,99.81500244140625,116.2699966430664
W_F_0003,18,23,True,1,0,2,1.0,110.02999877929688,112.44000244140625
W_F_0003,18,23,True,2,2,4,2.9328424319121846e-14,105.01499938964844,116.9000015258789
W_F_0003,18,23,True,3,4,6,1.3051477242247406e-21,102.44000244140625,108.16999816894531
W_F_0003,19,10,True,1,0,2,1.0,118.3499984741211,128.50999450683594
W_F_0003,19,10,True,2,2,4,1.5336140314969947e-16,102.98500061035156,106.83999633789062
W_F_0003,19,10,True,3,4,6,2.7437960581360393e-22,101.60499572753906,109.26000213623047
W_F_0003,19,11,True,1,0,2,1.0,89.86000061035156,92.22000122070312
W_F_0003,19,11,True,2,2,4,2.4375436565027275e-12,106.33999633789062,106.97000122070312
W_F_0003,19,11,True,3,4,6,3.8282399547685167e-19,112.8499984741211,116.94999694824219
W_F_0003,19,23,True,1,0,2,1.0,77.35499572753906,85.33000183105469
W_F_0003,19,23,True,2,2,4,1.113781600281527e-08,102.73999786376953,105.13999938964844
W_F_0003,19,23,True,3,4,6,1.095287840259787e-18,114.91499328613281,132.1199951171875
W_F_0003,19,24,True,1,0,2,1.0,100.83499908447266,104.36000061035156
W_F_0003,19,24,True,2,2,4,2.4765890110233605e-17,81.04000091552734,88.62000274658203
W_F_0003,19,24,True,3,4,6,2.2477315432872446e-22,101.30000305175781,111.80999755859375
W_F_0003,20,5,True,1,0,2,1.0,104.02499389648438,108.77999877929688
W_F_0003,20,5,True,2,2,4,2.001630545678452e-15,106.6199951171875,113.11000061035156
W_F_0003,20,5,True,3,4,6,2.5785991813607692e-23,105.06999969482422,106.5199966430664
W_F_0003,20,14,True,1,0,2,1.0,107.75,117.0999984741211
W_F_0003,20,14,True,2,2,4,6.122790534128508e-14,105.97999572753906,108.13999938964844
W_F_0003,20,14,True,3,4,6,3.103322255589774e-22,101.94999694824219,106.31999969482422
W_F_0003,20,21,True,1,0,2,1.0,93.31500244140625,100.44999694824219
W_F_0003,20,21,True,2,2,4,1.2532730658387087e-13,100.88500213623047,103.22000122070312
W_F_0003,20,21,True,3,1998,2000,2.6073956714925356e-21,118.64500427246094,127.58000183105469
W_F_0003,22,4,True,1,0,2,1.0,90.0999984741211,94.33999633789062
W_F_0003,22,4,True,2,2,4,2.5919780211047794e-11,108.63999938964844,113.63999938964844
W_F_0003,22,4,True,3,4,6,3.410404273245045e-20,106.81999969482422,111.19000244140625
W_F_0003,22,8,True,1,0,2,1.0,92.71499633789062,94.77999877929688
W_F_0003,22,8,True,2,2,4,1.563512232009845e-13,96.38500213623047,105.30000305175781
W_F_0003,22,8,True,3,4,6,2.3403068872967623e-20,94.07499694824219,95.36000061035156
W_F_0003,23,4,True,1,0,2,1.0,108.28500366210938,118.13999938964844
W_F_0003,23,4,True,2,2,4,1.000209326644584e-16,102.29000091552734,113.30000305175781
W_F_0003,23,4,True,3,4,6,7.357046806368337e-23,104.51499938964844,110.54000091552734
W_F_0003,23,16,True,1,0,2,1.0,81.13999938964844,89.38999938964844
W_F_0003,23,16,True,2,2,4,3.1724386572590246e-12,90.52000427246094,92.48999786376953
W_F_0003,23,16,True,3,4,6,2.3983946764610184e-19,84.38499450683594,86.33999633789062
W_F_0003,24,7,True,1,0,2,1.0,89.56500244140625,94.9800033569336
W_F_0003,24,7,True,2,2,4,3.969149973428142e-14,104.09500122070312,104.44000244140625
W_F_0003,24,7,True,3,4,6,1.334784054608867e-21,113.75,116.5999984741211
W_F_0003,24,25,True,1,0,2,1.0,105.52999877929688,110.33999633789062
W_F_0003,24,25,True,2,2,4,1.2907486155746238e-15,95.01499938964844,95.44000244140625
W_F_0003,24,25,True,3,4,6,2.2878024460982042e-21,97.28500366210938,99.30000305175781
W_F_0003,25,8,True,1,0,2,1.0,98.29499816894531,101.23999786376953
W_F_0003,25,8,True,2,2,4,2.623884400956188e-17,90.83999633789062,101.27999877929688
W_F_0003,25,8,True,3,4,6,2.529387582763515e-25,84.51000213623047,86.66000366210938
W_F_0003,25,18,True,1,0,2,1.0,95.25,96.77999877929688
W_F_0003,25,18,True,2,2,4,1.1309455975883065e-12,104.1500015258789,110.31999969482422
W_F_0003,25,18,True,3,4,6,2.337408200861132e-19,112.80000305175781,112.87999725341797
W_F_0003,26,5,True,1,0,2,1.0,95.70500183105469,100.19000244140625
W_F_0003,26,5,True,2,2,4,2.179706093827986e-15,84.83999633789062,88.08999633789062
W_F_0003,26,5,True,3,4,6,1.04887965797564e-21,85.56500244140625,97.47000122070312
W_F_0003,26,6,True,1,0,2,1.0,93.7300033569336,98.9800033569336
W_F_0003,26,6,True,2,2,4,2.998504439535865e-12,107.28500366210938,110.05000305175781
W_F_0003,26,6,True,3,4,6,3.2211166320316075e-21,104.05999755859375,113.33999633789062
W_F_0003,26,14,True,1,0,2,1.0,116.80000305175781,127.31999969482422
W_F_0003,26,14,True,2,2,4,3.62958647156592e-17,115.28500366210938,116.16999816894531
W_F_0003,26,14,True,3,4,6,1.2814646044482069e-25,103.0050048828125,107.08000183105469
W_F_0003,26,18,True,1,0,2,1.0,120.48999786376953,134.05999755859375
W_F_0003,26,18,True,2,2,4,2.941695464105187e-17,98.11499786376953,113.69999694824219
W_F_0003,26,18,True,3,4,6,4.311707341925245e-23,101.44499969482422,102.79000091552734
W_F_0003,27,18,True,1,0,2,1.0,98.42500305175781,111.29000091552734
W_F_0003,27,18,True,2,2,4,2.247408639396986e-12,96.33000183105469,109.5
W_F_0003,27,18,True,3,4,6,1.5516878354696943e-21,97.35000610351562,103.91000366210938
W_F_0003,27,21,True,1,0,2,1.0,95.58000183105469,99.94999694824219
W_F_0003,27,21,True,2,2,4,2.2412261391387134e-13,98.62000274658203,99.9800033569336
W_F_0003,27,21,True,3,4,6,2.8431612132295027e-18,101.79499816894531,104.9800033569336
W_F_0003,27,23,True,1,0,2,1.0,102.30999755859375,112.83000183105469
W_F_0003,27,23,True,2,2,4,7.60897082645838e-14,94.3499984741211,103.63999938964844
W_F_0003,27,23,True,3,4,6,2.451136994447349e-17,94.30500030517578,104.44999694824219
W_F_0003,28,7,True,1,0,2,1.0,97.42999267578125,100.58999633789062
W_F_0003,28,7,True,2,2,4,2.9316414747182495e-13,98.98500061035156,109.56999969482422
W_F_0003,28,7,True,3,4,6,1.6379534837329552e-20,96.7750015258789,102.05000305175781
W_F_0003,28,13,True,1,0,2,1.0,103.08999633789062,110.48999786376953
W_F_0003,28,13,True,2,2,4,2.912998186375558e-16,97.26499938964844,104.0999984741211
W_F_0003,28,13,True,3,4,6,6.690327267208386e-20,109.02499389648438,111.08999633789062
W_F_0003,29,9,True,1,0,2,1.0,95.70500183105469,101.02999877929688
W_F_0003,29,9,True,2,2,4,2.723578198908505e-13,93.08000183105469,101.38999938964844
W_F_0003,29,9,True,3,4,6,4.696778046985547e-19,107.30500030517578,112.73999786376953
W_F_0003,29,21,True,1,0,2,1.0,102.68499755859375,109.70999908447266
W_F_0003,29,21,True,2,2,4,1.5941908844451305e-14,103.06999969482422,110.91999816894531
W_F_0003,29,21,True,3,4,6,5.367214592707994e-23,101.1500015258789,101.2300033569336
W_N_0002,0,16,True,1,0,2,1.0,106.46000671386719,107.37000274658203
W_N_0002,0,16,True,2,2,4,1.3421112365994553e-13,109.02999877929688,113.86000061035156
W_N_0002,0,16,True,3,4,6,4.651874741303562e-21,110.91999816894531,112.23999786376953
W_N_0002,1,14,True,1,0,2,1.0,98.18000030517578,102.80000305175781
W_N_0002,1,14,True,2,2,4,6.847407145823712e-15,105.68499755859375,109.36000061035156
W_N_0002,1,14,True,3,4,6,4.0382418302632874e-22,109.4000015258789,118.22000122070312
W_N_0002,1,16,True,1,0,2,1.0,81.70500183105469,82.58999633789062
W_N_0002,1,16,True,2,2,4,1.898644262643412e-11,101.23999786376953,112.0199966430664
W_N_0002,1,16,True,3,4,6,1.9818275539550793e-18,100.43000030517578,110.45999908447266
W_N_0002,2,17,True,1,0,2,1.0,117.8499984741211,118.20999908447266
W_N_0002,2,17,True,2,2,4,4.84863871392748e-21,94.84500122070312,95.7699966430664
W_N_0002,2,17,True,3,4,6,3.4273744519726275e-26,94.85499572753906,94.95999908447266
W_N_0002,3,15,True,1,0,2,1.0,112.27000427246094,120.68000030517578
W_N_0002,3,15,True,2,2,4,8.724076224430383e-18,81.69999694824219,93.62999725341797
W_N_0002,3,15,True,3,4,6,2.4621701906172414e-22,78.69000244140625,85.70999908447266
W_N_0002,3,18,True,1,0,2,1.0,96.28500366210938,104.58999633789062
W_N_0002,3,18,True,2,2,4,2.0713043842493332e-14,104.66999816894531,105.44000244140625
W_N_0002,3,18,True,3,4,6,1.4439182377781823e-20,105.08999633789062,111.36000061035156
W_N_0002,4,16,True,1,0,2,1.0,109.79499816894531,115.12000274658203
W_N_0002,4,16,True,2,2,4,1.3423329816194148e-18,88.4800033569336,93.80000305175781
W_N_0002,4,16,True,3,4,6,5.758205485553991e-22,100.33999633789062,111.31999969482422
W_N_0002,5,8,True,1,0,2,1.0,100.16500091552734,101.43000030517578
W_N_0002,5,8,True,2,2,4,3.395782402355039e-15,109.97000122070312,121.0999984741211
W_N_0002,5,8,True,3,1998,2000,4.272701897529843e-25,109.3699951171875,110.72000122070312
W_N_0002,5,15,True,1,0,2,1.0,112.28500366210938,115.8499984741211
W_N_0002,5,15,True,2,2,4,6.463998264584204e-17,106.35000610351562,109.9800033569336
W_N_0002,5,15,True,3,4,6,4.617696894511868e-22,98.29000091552734,98.72000122070312
W_N_0002,5,19,True,1,0,2,1.0,107.58999633789062,111.41000366210938
W_N_0002,5,19,True,2,2,4,2.591009885948585e-18,85.7449951171875,98.08999633789062
W_N_0002,5,19,True,3,4,6,1.0131093471409067e-21,104.0050048828125,111.0
W_N_0002,5,22,True,1,0,2,1.0,107.58499908447266,108.45999908447266
W_N_0002,5,22,True,2,2,4,3.817814894110934e-18,96.03500366210938,99.72000122070312
W_N_0002,5,22,True,3,4,6,1.197701637759371e-23,112.13999938964844,123.0999984741211
W_N_0002,5,24,True,1,0,2,1.0,109.7550048828125,119.81999969482422
W_N_0002,5,24,True,2,2,4,1.2699080581217014e-16,113.9949951171875,127.98999786376953
W_N_0002,5,24,True,3,4,6,9.449766361364311e-24,101.0250015258789,113.1500015258789
W_N_0002,5,25,True,1,0,2,1.0,85.99500274658203,89.08000183105469
W_N_0002,5,25,True,2,2,4,3.099595233257979e-11,96.94000244140625,101.7699966430664
W_N_0002,5,25,True,3,4,6,1.6150866896220376e-16,102.08999633789062,105.5
W_N_0002,5,27,True,1,0,2,1.0,105.8699951171875,107.1500015258789
W_N_0002,5,27,True,2,2,4,1.483327146550341e-14,106.91499328613281,107.48999786376953
W_N_0002,5,27,True,3,4,6,1.1778169408283225e-21,111.33999633789062,112.19000244140625
W_N_0002,6,10,True,1,0,2,1.0,106.08999633789062,117.45999908447266
W_N_0002,6,10,True,2,2,4,3.822804533592638e-15,105.28500366210938,118.37999725341797
W_N_0002,6,10,True,3,4,6,6.444580611194565e-22,93.80500030517578,98.52999877929688
W_N_0002,6,14,True,1,0,2,1.0,105.16999816894531,106.27999877929688
W_N_0002,6,14,True,2,2,4,6.424545852181263e-16,106.05999755859375,107.95999908447266
W_N_0002,6,14,True,3,4,6,2.825858029456268e-20,107.73500061035156,109.11000061035156
W_N_0002,6,18,True,1,0,2,1.0,90.40499877929688,99.22000122070312
W_N_0002,6,18,True,2,2,4,2.995008890416609e-14,100.70999908447266,106.31999969482422
W_N_0002,6,18,True,3,4,6,1.7804938608112038e-19,106.27000427246094,114.55000305175781
W_N_0002,6,22,True,1,0,2,1.0,108.36000061035156,111.12999725341797
W_N_0002,6,22,True,2,2,4,1.1518719734548294e-14,113.19499969482422,115.01000213623047
W_N_0002,6,22,True,3,4,6,2.944668615175144e-26,99.72000122070312,102.58999633789062
W_N_0002,7,6,True,1,0,2,1.0,77.63500213623047,88.86000061035156
W_N_0002,7,6,True,2,2,4,1.2014509124993328e-13,84.65499877929688,87.1500015258789
W_N_0002,7,6,True,3,4,6,3.76264343617875e-17,96.29499816894531,101.38999938964844
W_N_0002,7,12,True,1,0,2,1.0,96.93000030517578,113.29000091552734
W_N_0002,7,12,True,2,2,4,1.8551220096489542e-15,101.16000366210938,107.3499984741211
W_N_0002,7,12,True,3,4,6,1.088899669791882e-21,100.57499694824219,105.51000213623047
W_N_0002,8,18,True,1,0,2,1.0,109.34500122070312,113.36000061035156
W_N_0002,8,18,True,2,2,4,1.454951802221162e-16,102.51000213623047,105.94000244140625
W_N_0002,8,18,True,3,1998,2000,2.775457211448138e-25,97.81999969482422,105.22000122070312
W_N_0002,8,24,True,1,0,2,1.0,108.21499633789062,116.25
W_N_0002,8,24,True,2,2,4,7.31317076412371e-16,95.41999816894531,100.41000366210938
W_N_0002,8,24,True,3,4,6,1.6535346503386775e-21,97.4800033569336,108.4800033569336
W_N_0002,9,6,True,1,0,2,1.0,98.625,108.06999969482422
W_N_0002,9,6,True,2,2,4,1.2658997182207928e-14,100.43499755859375,100.55000305175781
W_N_0002,9,6,True,3,1998,2000,9.912090739938726e-21,97.87000274658203,104.01000213623047
W_N_0002,9,11,True,1,0,2,1.0,92.55500030517578,95.02999877929688
W_N_0002,9,11,True,2,2,4,2.0194885260588213e-12,101.96499633789062,104.36000061035156
W_N_0002,9,11,True,3,4,6,1.3093672137268455e-20,105.55999755859375,109.13999938964844
W_N_0002,9,22,True,1,0,2,1.0,92.94499969482422,101.01000213623047
W_N_0002,9,22,True,2,2,4,4.747690413552108e-13,105.91999816894531,108.26000213623047
W_N_0002,9,22,True,3,4,6,3.5225163268143905e-20,115.0050048828125,124.69000244140625
W_N_0002,9,28,True,1,0,2,1.0,106.79000091552734,109.1500015258789
W_N_0002,9,28,True,2,2,4,9.805669882854201e-19,98.52000427246094,100.02999877929688
W_N_0002,9,28,True,3,4,6,9.944143912944509e-26,88.27000427246094,94.22000122070312
W_N_0002,10,8,True,1,0,2,1.0,95.18499755859375,98.97000122070312
W_N_0002,10,8,True,2,2,4,1.2031512210266626e-15,88.81500244140625,95.06999969482422
W_N_0002,10,8,True,3,4,6,2.2279907139865725e-18,110.89999389648438,118.58999633789062
W_N_0002,10,20,True,1,0,2,1.0,97.0,99.30999755859375
W_N_0002,10,20,True,2,2,4,7.502590671122633e-13,104.97000122070312,106.44000244140625
W_N_0002,10,20,True,3,4,6,1.7140814681338819e-19,100.14500427246094,104.62000274658203
W_N_0002,10,30,True,1,0,2,1.0,101.8800048828125,108.8499984741211
W_N_0002,10,30,True,2,2,4,4.8550410653575016e-14,108.82000732421875,110.41000366210938
W_N_0002,10,30,True,3,4,6,4.591432370206822e-24,96.35499572753906,98.83000183105469
W_N_0002,11,14,True,1,0,2,1.0,114.58999633789062,123.75
W_N_0002,11,14,True,2,2,4,3.7876543380136024e-19,86.51499938964844,92.19000244140625
W_N_0002,11,14,True,3,4,6,5.776325017068325e-25,85.78500366210938,96.38999938964844
W_N_0002,11,16,True,1,0,2,1.0,106.05500030517578,107.30000305175781
W_N_0002,11,16,True,2,2,4,2.0749124216733254e-16,102.05999755859375,104.51000213623047
W_N_0002,11,16,True,3,4,6,1.5029357258671955e-24,87.76000213623047,96.69000244140625
W_N_0002,11,24,True,1,0,2,1.0,104.125,107.1500015258789
W_N_0002,11,24,True,2,2,4,5.3443128760865925e-15,108.34500122070312,109.58000183105469
W_N_0002,11,24,True,3,4,6,2.8521579600475507e-24,101.1300048828125,103.31999969482422
W_N_0002,12,4,True,1,0,2,1.0,110.28500366210938,114.33000183105469
W_N_0002,12,4,True,2,2,4,8.267647193759258e-16,96.33999633789062,105.25
W_N_0002,12,4,True,3,4,6,3.392594536085661e-24,95.41500091552734,97.22000122070312
W_N_0002,12,11,True,1,0,2,1.0,89.79000091552734,97.79000091552734
W_N_0002,12,11,True,2,2,4,2.333512072807964e-14,95.8499984741211,98.61000061035156
W_N_0002,12,11,True,3,4,6,2.3691246836906764e-18,94.8499984741211,97.30999755859375
W_N_0002,12,16,True,1,0,2,1.0,93.96499633789062,97.76000213623047
W_N_0002,12,16,True,2,2,4,2.972321011280449e-13,101.30000305175781,104.80999755859375
W_N_0002,12,16,True,3,4,6,3.5111248219333136e-21,91.49000549316406,100.29000091552734
W_N_0002,12,23,True,1,0,2,1.0,96.44499969482422,101.13999938964844
W_N_0002,12,23,True,2,2,4,5.0255455179282205e-12,98.7550048828125,115.41000366210938
W_N_0002,12,23,True,3,4,6,7.549891112169941e-24,86.94499969482422,103.73999786376953
W_N_0002,12,27,True,1,0,2,1.0,88.125,88.22000122070312
W_N_0002,12,27,True,2,2,4,8.919157946929435e-12,101.04000091552734,103.52999877929688
W_N_0002,12,27,True,3,4,6,1.2293571188460168e-19,96.94499969482422,109.23999786376953
W_N_0002,13,6,True,1,0,2,1.0,95.875,98.83000183105469
W_N_0002,13,6,True,2,2,4,1.8900149231061643e-16,96.31999969482422,99.43000030517578
W_N_0002,13,6,True,3,4,6,1.8206841850463103e-23,103.37000274658203,104.37000274658203
W_N_0002,13,9,True,1,0,2,1.0,95.16499328613281,108.23999786376953
W_N_0002,13,9,True,2,2,4,5.847265727165762e-11,114.03500366210938,119.08999633789062
W_N_0002,13,9,True,3,4,6,7.698547342811154e-21,109.72999572753906,118.94000244140625
W_N_0002,13,32,True,1,0,2,1.0,108.18000030517578,117.98999786376953
W_N_0002,13,32,True,2,2,4,1.0174801299157521e-17,102.0199966430664,106.33999633789062
W_N_0002,13,32,True,3,4,6,5.335473985325521e-22,110.97000122070312,114.30999755859375
W_N_0002,13,33,True,1,0,2,1.0,112.30999755859375,120.19000244140625
W_N_0002,13,33,True,2,2,4,1.7652858143771713e-17,95.73500061035156,103.55000305175781
W_N_0002,13,33,True,3,4,6,1.5270476578100328e-22,100.6300048828125,109.95999908447266
W_N_0002,13,34,True,1,0,2,1.0,87.66000366210938,94.0199966430664
W_N_0002,13,34,True,2,2,4,1.2506470468617858e-12,102.96499633789062,104.66999816894531
W_N_0002,13,34,True,3,4,6,4.6282451638832486e-21,94.05500030517578,95.37000274658203
W_N_0002,14,7,True,1,0,2,1.0,100.18499755859375,102.69999694824219
W_N_0002,14,7,True,2,2,4,1.5821287964630504e-14,104.25,105.11000061035156
W_N_0002,14,7,True,3,4,6,2.9686558988119167e-20,107.05500030517578,108.66000366210938
W_N_0002,15,8,True,1,0,2,1.0,101.30500030517578,104.30000305175781
W_N_0002,15,8,True,2,2,4,8.793975467732951e-18,99.11000061035156,105.52999877929688
W_N_0002,15,8,True,3,4,6,2.416526288433483e-24,98.8800048828125,109.13999938964844
W_N_0002,15,19,True,1,0,2,1.0,97.82499694824219,105.77999877929688
W_N_0002,15,19,True,2,2,4,3.679173368484963e-16,97.78999328613281,103.33999633789062
W_N_0002,15,19,True,3,4,6,9.050919789675731e-21,112.89500427246094,116.0
W_N_0002,15,23,True,1,0,2,1.0,124.82499694824219,127.95999908447266
W_N_0002,15,23,True,2,2,4,5.166436206144554e-19,106.98500061035156,120.25
W_N_0002,15,23,True,3,4,6,3.621646610803824e-25,100.51499938964844,106.06999969482422
W_N_0002,15,27,True,1,0,2,1.0,105.10499572753906,111.7699966430664
W_N_0002,15,27,True,2,2,4,3.149859726888672e-15,93.78999328613281,94.98999786376953
W_N_0002,15,27,True,3,4,6,7.297017394489149e-21,100.79000091552734,102.5999984741211
W_N_0002,16,3,True,1,0,2,1.0,112.33999633789062,121.9000015258789
W_N_0002,16,3,True,2,2,4,4.1579457717284515e-17,93.8699951171875,94.0999984741211
W_N_0002,16,3,True,3,4,6,6.456296546166967e-21,103.08999633789062,108.27999877929688
W_N_0002,16,11,True,1,0,2,1.0,112.69000244140625,118.22000122070312
W_N_0002,16,11,True,2,2,4,2.1123524690820476e-16,110.3699951171875,112.4000015258789
W_N_0002,16,11,True,3,4,6,1.584475445866847e-25,99.97000122070312,105.94999694824219
W_N_0002,16,34,True,1,0,2,1.0,106.93000030517578,110.70999908447266
W_N_0002,16,34,True,2,2,4,1.827341731111512e-17,89.18499755859375,90.31999969482422
W_N_0002,16,34,True,3,4,6,4.443368858095356e-23,92.88500213623047,101.37000274658203
W_N_0002,17,17,True,1,0,2,1.0,94.34500122070312,106.9000015258789
W_N_0002,17,17,True,2,2,4,1.153457754657361e-13,91.91999816894531,95.33000183105469
W_N_0002,17,17,True,3,4,6,6.22637200138505e-20,94.625,99.98999786376953
W_N_0002,17,29,True,1,0,2,1.0,109.01499938964844,113.30000305175781
W_N_0002,17,29,True,2,2,4,1.8091218208055005e-16,104.53999328613281,110.30999755859375
W_N_0002,17,29,True,3,4,6,4.317632633956541e-23,103.67500305175781,117.33000183105469
W_N_0002,18,6,True,1,0,2,1.0,102.97000122070312,112.45999908447266
W_N_0002,18,6,True,2,2,4,2.4604138713392454e-15,102.49000549316406,103.01000213623047
W_N_0002,18,6,True,3,4,6,5.440682786533037e-23,89.6449966430664,91.69999694824219
W_N_0002,18,26,True,1,0,2,1.0,104.85499572753906,105.80999755859375
W_N_0002,18,26,True,2,2,4,1.2359408044376912e-18,95.7249984741211,97.05999755859375
W_N_0002,18,26,True,3,4,6,1.530697811881799e-23,102.75,108.4800033569336
W_N_0002,18,27,True,1,0,2,1.0,98.60499572753906,105.20999908447266
W_N_0002,18,27,True,2,2,4,3.716882640022014e-15,101.30500030517578,102.5
W_N_0002,18,27,True,3,4,6,9.996122273533883e-21,107.02999877929688,113.93000030517578
W_N_0002,18,33,True,1,0,2,1.0,93.5,96.01000213623047
W_N_0002,18,33,True,2,2,4,4.19428353810522e-13,104.58000183105469,107.08999633789062
W_N_0002,18,33,True,3,4,6,4.821998742318647e-23,92.6449966430664,93.5199966430664
W_N_0002,19,19,True,1,0,2,1.0,103.02499389648438,105.12999725341797
W_N_0002,19,19,True,2,2,4,2.0185457936351204e-15,99.08999633789062,99.7699966430664
W_N_0002,19,19,True,3,4,6,1.1286331774247673e-20,106.43000030517578,113.12000274658203
W_N_0002,19,34,True,1,0,2,1.0,92.29499816894531,96.63999938964844
W_N_0002,19,34,True,2,2,4,3.981609963607524e-13,88.36000061035156,93.69000244140625
W_N_0002,19,34,True,3,4,6,7.328826431074419e-19,97.53500366210938,101.05000305175781
W_N_0002,20,1,True,1,0,2,1.0,102.44000244140625,104.66000366210938
W_N_0002,20,1,True,2,2,4,1.3577378308647859e-16,102.07499694824219,111.37999725341797
W_N_0002,20,1,True,3,4,6,1.2211064971067797e-21,107.19499969482422,108.05999755859375
W_N_0002,20,2,True,1,0,2,1.0,107.43499755859375,109.76000213623047
W_N_0002,20,2,True,2,2,4,2.5586112479473837e-15,112.30000305175781,114.62999725341797
W_N_0002,20,2,True,3,4,6,5.457957578179929e-23,107.79499816894531,108.4000015258789
W_N_0002,20,6,True,1,0,2,1.0,118.96499633789062,125.55000305175781
W_N_0002,20,6,True,2,2,4,1.5334143500971244e-17,116.00999450683594,120.45999908447266
W_N_0002,20,6,True,3,1998,2000,4.608782712541721e-26,90.36000061035156,102.41000366210938
W_N_0002,20,9,True,1,0,2,1.0,100.83999633789062,102.58999633789062
W_N_0002,20,9,True,2,2,4,1.800770075945573e-16,91.52999877929688,96.73999786376953
W_N_0002,20,9,True,3,4,6,1.0887133118159875e-20,96.13999938964844,107.79000091552734
W_N_0002,20,28,True,1,0,2,1.0,101.29499816894531,114.06999969482422
W_N_0002,20,28,True,2,2,4,1.0323806967724863e-16,102.70500183105469,112.91999816894531
W_N_0002,20,28,True,3,4,6,2.4636159202210218e-23,103.56999969482422,104.01000213623047
W_N_0002,21,9,True,1,0,2,1.0,97.52999877929688,99.54000091552734
W_N_0002,21,9,True,2,2,4,4.4600973000301965e-15,93.90499877929688,107.62999725341797
W_N_0002,21,9,True,3,4,6,1.0470236828358212e-23,82.08000183105469,84.27999877929688
W_N_0002,21,15,True,1,0,2,1.0,106.88500213623047,112.62000274658203
W_N_0002,21,15,True,2,2,4,4.4959295889077794e-14,104.78500366210938,110.02999877929688
W_N_0002,21,15,True,3,4,6,2.9752284101951795e-22,96.30500030517578,102.94000244140625
W_N_0002,21,30,True,1,0,2,1.0,87.2750015258789,97.4800033569336
W_N_0002,21,30,True,2,2,4,6.205409450177335e-13,95.66000366210938,101.80000305175781
W_N_0002,21,30,True,3,4,6,6.317647504571155e-20,91.96499633789062,98.7300033569336
W_N_0002,21,35,True,1,0,2,1.0,112.98999786376953,121.7699966430664
W_N_0002,21,35,True,2,2,4,4.2480343431138467e-16,111.53999328613281,115.5199966430664
W_N_0002,21,35,True,3,1792,1794,5.727196115745842e-26,100.65499877929688,112.44000244140625
W_N_0002,22,9,True,1,0,2,1.0,94.64500427246094,98.38999938964844
W_N_0002,22,9,True,2,2,4,2.766163600259608e-12,104.79499816894531,110.66000366210938
W_N_0002,22,9,True,3,4,6,5.653386899126408e-21,106.875,107.0999984741211
W_N_0002,22,15,True,1,0,2,1.0,105.79499816894531,115.66999816894531
W_N_0002,22,15,True,2,2,4,2.9404996097553635e-14,101.55999755859375,104.72000122070312
W_N_0002,22,15,True,3,1998,2000,5.891677216620531e-22,105.36499786376953,115.23999786376953
W_N_0002,22,20,True,1,0,2,1.0,109.13999938964844,110.08999633789062
W_N_0002,22,20,True,2,2,4,4.114368838267974e-16,107.125,112.55999755859375
W_N_0002,22,20,True,3,4,6,4.1011912896692413e-23,112.10499572753906,114.13999938964844
W_N_0002,22,28,True,1,0,2,1.0,95.80000305175781,100.9000015258789
W_N_0002,22,28,True,2,2,4,9.084317186228044e-17,87.46499633789062,93.9000015258789
W_N_0002,22,28,True,3,4,6,3.3409164948429044e-23,88.19999694824219,91.56999969482422
W_N_0002,22,30,True,1,0,2,1.0,109.5050048828125,109.97000122070312
W_N_0002,22,30,True,2,2,4,2.4230992112764965e-16,104.23999786376953,105.02999877929688
W_N_0002,22,30,True,3,4,6,4.4698433077536116e-21,107.08500671386719,116.9800033569336
W_N_0002,22,33,True,1,0,2,1.0,85.6500015258789,94.33000183105469
W_N_0002,22,33,True,2,2,4,2.858686052632786e-14,96.23500061035156,102.0199966430664
W_N_0002,22,33,True,3,4,6,3.718331949790713e-21,101.36499786376953,106.48999786376953
W_N_0002,23,2,True,1,0,2,1.0,106.06500244140625,106.52999877929688
W_N_0002,23,2,True,2,2,4,2.2366311548064483e-13,111.42500305175781,123.20999908447266
W_N_0002,23,2,True,3,4,6,1.541284916875544e-24,96.30999755859375,105.2699966430664
W_N_0002,23,11,True,1,0,2,1.0,96.08000183105469,101.01000213623047
W_N_0002,23,11,True,2,2,4,4.860576806832635e-16,98.06500244140625,101.5999984741211
W_N_0002,23,11,True,3,4,6,6.2720202542944724e-21,110.69499969482422,114.23999786376953
W_N_0002,25,20,True,1,0,2,1.0,105.83999633789062,107.2300033569336
W_N_0002,25,20,True,2,2,4,3.579618145122817e-17,99.7750015258789,108.01000213623047
W_N_0002,25,20,True,3,4,6,4.836404604625431e-23,107.64500427246094,114.87999725341797
W_N_0002,25,21,True,1,0,2,1.0,104.33500671386719,106.9800033569336
W_N_0002,25,21,True,2,2,4,7.817185077420644e-14,115.11500549316406,115.58000183105469
W_N_0002,25,21,True,3,1998,2000,2.157008405555685e-23,83.93499755859375,88.16999816894531
W_N_0002,25,23,True,1,0,2,1.0,108.0250015258789,112.31999969482422
W_N_0002,25,23,True,2,2,4,5.329890300509906e-18,94.31999969482422,97.02999877929688
W_N_0002,25,23,True,3,4,6,1.2487467956193917e-24,93.06500244140625,98.16000366210938
W_N_0002,25,31,True,1,0,2,1.0,103.45500183105469,108.91999816894531
W_N_0002,25,31,True,2,2,4,1.0195821612883719e-17,88.1300048828125,91.30000305175781
W_N_0002,25,31,True,3,4,6,9.636864162570178e-20,99.75,100.16000366210938
W_N_0002,26,12,True,1,0,2,1.0,107.47000122070312,116.47000122070312
W_N_0002,26,12,True,2,2,4,1.1443127973236478e-14,100.3800048828125,103.63999938964844
W_N_0002,26,12,True,3,4,6,1.5168295740591413e-22,98.04000091552734,107.81999969482422
W_N_0002,26,26,True,1,0,2,1.0,111.33000183105469,116.37000274658203
W_N_0002,26,26,True,2,2,4,2.0818010163785445e-17,93.31500244140625,96.1500015258789
W_N_0002,26,26,True,3,4,6,7.259551644864253e-24,91.91999816894531,93.9800033569336
W_N_0002,26,33,True,1,0,2,1.0,101.55500030517578,104.81999969482422
W_N_0002,26,33,True,2,2,4,2.98467869343233e-12,102.7300033569336,113.4800033569336
W_N_0002,26,33,True,3,4,6,1.4738300257686374e-20,96.88999938964844,106.83999633789062
W_N_0002,27,14,True,1,0,2,1.0,101.06999969482422,103.80999755859375
W_N_0002,27,14,True,2,2,4,1.5823934942590673e-15,89.7750015258789,89.79000091552734
W_N_0002,27,14,True,3,4,6,1.3334702793464247e-22,94.77000427246094,96.80999755859375
W_N_0002,27,24,True,1,0,2,1.0,104.36499786376953,118.20999908447266
W_N_0002,27,24,True,2,2,4,5.548113780991195e-17,92.42500305175781,96.30999755859375
W_N_0002,27,24,True,3,4,6,1.1854759951436457e-20,107.30000305175781,111.4800033569336
W_N_0002,27,30,True,1,0,2,1.0,111.70500183105469,112.62000274658203
W_N_0002,27,30,True,2,2,4,1.0007064926329749e-14,112.9949951171875,114.91999816894531
W_N_0002,27,30,True,3,4,6,2.4173676874749916e-22,107.23500061035156,111.33000183105469
W_N_0002,28,3,True,1,0,2,1.0,97.61499786376953,100.62999725341797
W_N_0002,28,3,True,2,2,4,5.541960814548332e-16,90.125,94.12000274658203
W_N_0002,28,3,True,3,4,6,3.3209360304503976e-19,114.67500305175781,117.19000244140625
W_N_0002,28,11,True,1,0,2,1.0,111.18499755859375,112.72000122070312
W_N_0002,28,11,True,2,2,4,1.9435187518362172e-17,104.80999755859375,110.06999969482422
W_N_0002,28,11,True,3,4,6,6.707949965447142e-23,101.48999786376953,107.08999633789062
W_N_0002,28,16,True,1,0,2,1.0,108.5050048828125,109.7300033569336
W_N_0002,28,16,True,2,2,4,8.981955668596261e-14,97.9000015258789,104.37000274658203
W_N_0002,28,16,True,3,4,6,2.9806616499212996e-20,101.0199966430664,102.69999694824219
W_N_0002,29,5,True,1,0,2,1.0,87.65499877929688,99.29000091552734
W_N_0002,29,5,True,2,2,4,2.4830374301815228e-12,93.70500183105469,94.12000274658203
W_N_0002,29,5,True,3,4,6,3.512816341662499e-19,100.01499938964844,109.41999816894531
W_N_0002,29,8,True,1,0,2,1.0,103.54000091552734,111.43000030517578
W_N_0002,29,8,True,2,2,4,1.912747143358322e-15,106.25499725341797,111.44999694824219
W_N_0002,29,8,True,3,4,6,4.0624552404841115e-21,104.64500427246094,111.29000091552734
W_N_0002,29,18,True,1,0,2,1.0,122.26499938964844,123.19000244140625
W_N_0002,29,18,True,2,2,4,2.736356063612333e-13,120.08999633789062,123.43000030517578
W_N_0002,29,18,True,3,1998,2000,7.151475334266258e-24,107.27999877929688,111.43000030517578
W_N_0002,29,25,True,1,0,2,1.0,107.1300048828125,114.25
W_N_0002,29,25,True,2,2,4,5.948035423953638e-17,98.22999572753906,101.58000183105469
W_N_0002,29,25,True,3,4,6,3.184204108981821e-24,103.16500091552734,106.41000366210938
W_N_0002,30,9,True,1,0,2,1.0,100.86000061035156,112.62999725341797
W_N_0002,30,9,True,2,2,4,1.862420130225792e-13,113.11000061035156,121.80999755859375
W_N_0002,30,9,True,3,4,6,3.3687434509407827e-20,115.11000061035156,115.36000061035156
W_N_0002,30,31,True,1,0,2,1.0,102.3499984741211,104.16999816894531
W_N_0002,30,31,True,2,2,4,4.071523926562381e-17,102.54499816894531,102.70999908447266
W_N_0002,30,31,True,3,4,6,2.8509656267660236e-21,112.14999389648438,114.70999908447266
W_N_0002,30,32,True,1,0,2,1.0,97.23999786376953,104.70999908447266
W_N_0002,30,32,True,2,2,4,5.126962315997008e-16,103.2750015258789,105.16000366210938
W_N_0002,30,32,True,3,4,6,6.273189535482627e-22,103.19000244140625,105.88999938964844
W_N_0002,31,6,True,1,0,2,1.0,103.81999969482422,104.62999725341797
W_N_0002,31,6,True,2,2,4,2.5190971609579706e-15,104.51499938964844,108.30000305175781
W_N_0002,31,6,True,3,4,6,9.670149296496201e-21,103.44000244140625,110.0999984741211
W_N_0002,32,6,True,1,0,2,1.0,99.67500305175781,107.04000091552734
W_N_0002,32,6,True,2,2,4,9.480065590503593e-15,103.2249984741211,106.70999908447266
W_N_0002,32,6,True,3,4,6,1.7713649167962548e-23,93.10000610351562,95.91000366210938
W_N_0002,32,13,True,1,0,2,1.0,113.45500183105469,119.31999969482422
W_N_0002,32,13,True,2,2,4,6.38946358384695e-19,101.96499633789062,104.05999755859375
W_N_0002,32,13,True,3,4,6,1.0666282173941022e-23,106.02999877929688,115.83999633789062
W_N_0002,32,18,True,1,0,2,1.0,109.08000183105469,111.02999877929688
W_N_0002,32,18,True,2,2,4,7.49545596014198e-16,110.75,115.19999694824219
W_N_0002,32,18,True,3,4,6,4.453620894419608e-22,116.30999755859375,119.0999984741211
W_N_0002,32,25,True,1,0,2,1.0,107.83999633789062,112.95999908447266
W_N_0002,32,25,True,2,2,4,7.678054330876065e-19,104.3800048828125,110.41000366210938
W_N_0002,32,25,True,3,688,690,8.778848020808757e-28,93.30999755859375,103.06999969482422
W_N_0002,32,30,True,1,0,2,1.0,100.46000671386719,101.05000305175781
W_N_0002,32,30,True,2,2,4,4.734385965405631e-14,100.40499877929688,101.37999725341797
W_N_0002,32,30,True,3,4,6,6.60480577100077e-24,88.76499938964844,96.08000183105469
W_N_0002,33,8,True,1,0,2,1.0,98.5999984741211,99.37999725341797
W_N_0002,33,8,True,2,2,4,2.3194189692249574e-14,98.35499572753906,106.30999755859375
W_N_0002,33,8,True,3,4,6,1.273474567605108e-22,93.43000030517578,93.8499984741211
W_N_0002,33,18,True,1,0,2,1.0,112.29499816894531,120.30000305175781
W_N_0002,33,18,True,2,2,4,6.629390050213977e-17,103.36500549316406,107.75
W_N_0002,33,18,True,3,4,6,1.090549461934625e-22,105.49000549316406,110.75
W_N_0002,33,20,True,1,0,2,1.0,102.95999908447266,119.04000091552734
W_N_0002,33,20,True,2,2,4,2.512586865725374e-14,93.375,94.29000091552734
W_N_0002,33,20,True,3,4,6,3.806901667644975e-21,93.08000183105469,96.19999694824219
W_N_0002,33,23,True,1,0,2,1.0,124.94000244140625,129.9600067138672
W_N_0002,33,23,True,2,2,4,4.671064362162512e-20,97.52999877929688,105.19999694824219
W_N_0002,33,23,True,3,4,6,7.005823409385098e-25,93.86500549316406,94.75
W_N_0002,33,26,True,1,0,2,1.0,110.69499969482422,118.25
W_N_0002,33,26,True,2,2,4,1.6911829384632819e-16,96.47500610351562,98.19000244140625
W_N_0002,33,26,True,3,4,6,1.679036733636851e-20,107.94499969482422,112.38999938964844
W_N_0002,34,8,True,1,0,2,1.0,103.71499633789062,116.4800033569336
W_N_0002,34,8,True,2,2,4,9.562244277059952e-18,90.81999969482422,103.68000030517578
W_N_0002,34,8,True,3,4,6,2.4858122383507447e-21,101.9749984741211,105.13999938964844
W_N_0002,36,13,True,1,0,2,1.0,104.2249984741211,106.69999694824219
W_N_0002,36,13,True,2,2,4,1.2933861067657842e-14,99.08999633789062,100.41999816894531
W_N_0002,36,13,True,3,4,6,4.8807985914147465e-21,96.68000030517578,100.41999816894531
W_N_0002,36,14,True,1,0,2,1.0,108.78999328613281,113.83999633789062
W_N_0002,36,14,True,2,2,4,2.667512098490858e-18,91.23999786376953,94.37999725341797
W_N_0002,36,14,True,3,4,6,1.892152629098393e-21,95.61000061035156,110.76000213623047
W_N_0002,37,12,True,1,0,2,1.0,109.44000244140625,110.33000183105469
W_N_0002,37,12,True,2,2,4,5.775372968893708e-19,85.86000061035156,87.7300033569336
W_N_0002,37,12,True,3,4,6,4.7463149537552e-24,88.69999694824219,95.41000366210938
W_F_0016,1,14,True,1,0,2,1.0,112.6199951171875,118.86000061035156
W_F_0016,1,14,True,2,2,4,5.984932576182729e-16,108.26499938964844,116.27999877929688
W_F_0016,1,14,True,3,4,6,3.996048624587867e-25,98.19499969482422,103.12000274658203
W_F_0016,3,11,True,1,0,2,1.0,100.625,108.16000366210938
W_F_0016,3,11,True,2,2,4,1.870104413123283e-14,99.49000549316406,107.58000183105469
W_F_0016,3,11,True,3,4,6,7.215141054130604e-21,94.05000305175781,104.58999633789062
W_F_0016,3,22,True,1,0,2,1.0,97.91000366210938,112.05999755859375
W_F_0016,3,22,True,2,2,4,9.366980254594745e-14,99.3800048828125,100.86000061035156
W_F_0016,3,22,True,3,4,6,9.85745319865761e-21,102.1500015258789,104.05000305175781
W_F_0016,4,22,True,1,0,2,1.0,112.12999725341797,120.05999755859375
W_F_0016,4,22,True,2,2,4,3.312228963325836e-13,117.93000793457031,136.07000732421875
W_F_0016,4,22,True,3,1998,2000,2.1961811870706067e-23,110.61499786376953,112.0999984741211
W_F_0016,5,22,True,1,0,2,1.0,100.96000671386719,107.66000366210938
W_F_0016,5,22,True,2,2,4,3.7695400186693595e-13,107.7300033569336,111.66000366210938
W_F_0016,5,22,True,3,4,6,1.758287680279335e-19,106.9949951171875,118.83999633789062
W_F_0016,6,15,True,1,0,2,1.0,109.0,122.83000183105469
W_F_0016,6,15,True,2,2,4,5.405783751134732e-15,98.08499908447266,108.27999877929688
W_F_0016,6,15,True,3,4,6,1.0717591264938407e-23,90.06999969482422,98.37000274658203
W_F_0016,6,16,True,1,0,2,1.0,90.84500122070312,93.33999633789062
W_F_0016,6,16,True,2,2,4,6.015796584837863e-13,107.01499938964844,108.08999633789062
W_F_0016,6,16,True,3,4,6,9.742281223056673e-20,101.47500610351562,104.69000244140625
W_F_0016,6,17,True,1,0,2,1.0,95.58000183105469,99.66999816894531
W_F_0016,6,17,True,2,2,4,5.054049084622647e-15,97.125,102.8499984741211
W_F_0016,6,17,True,3,4,6,2.1259500050840474e-23,86.85499572753906,89.18000030517578
W_F_0016,6,27,True,1,0,2,1.0,99.10499572753906,112.04000091552734
W_F_0016,6,27,True,2,2,4,2.483194610697413e-15,87.42500305175781,92.26000213623047
W_F_0016,6,27,True,3,4,6,2.2671957533744387e-20,102.97000122070312,103.55000305175781
W_F_0016,7,17,True,1,0,2,1.0,98.75,105.66000366210938
W_F_0016,7,17,True,2,2,4,2.9580050702696786e-14,104.94999694824219,105.77999877929688
W_F_0016,7,17,True,3,4,6,1.1692174734371996e-21,107.68000030517578,110.6500015258789
W_F_0016,7,19,True,1,0,2,1.0,92.34500122070312,94.06999969482422
W_F_0016,7,19,True,2,2,4,4.982394052888139e-09,119.38999938964844,120.91999816894531
W_F_0016,7,19,True,3,4,6,5.0687793614763844e-23,104.66000366210938,108.91999816894531
W_F_0016,7,30,True,1,0,2,1.0,110.31999969482422,110.51000213623047
W_F_0016,7,30,True,2,2,4,3.7177702941547896e-18,107.6500015258789,109.97000122070312
W_F_0016,7,30,True,3,4,6,2.03428275073251e-24,110.94499969482422,117.91999816894531
W_F_0016,8,21,True,1,0,2,1.0,92.54499816894531,96.73999786376953
W_F_0016,8,21,True,2,2,4,2.9855027412935276e-13,88.63500213623047,89.41000366210938
W_F_0016,8,21,True,3,4,6,1.8823734947818484e-16,105.1300048828125,107.4800033569336
W_F_0016,8,31,True,1,0,2,1.0,96.1500015258789,101.22000122070312
W_F_0016,8,31,True,2,2,4,1.1075211250486869e-13,89.99000549316406,91.79000091552734
W_F_0016,8,31,True,3,4,6,8.818187354455108e-20,85.80500030517578,95.9000015258789
W_F_0016,9,8,True,1,0,2,1.0,100.28500366210938,100.5199966430664
W_F_0016,9,8,True,2,2,4,5.001652642945033e-14,109.60000610351562,114.66000366210938
W_F_0016,9,8,True,3,4,6,2.8083891960127207e-24,87.93000030517578,94.22000122070312
W_F_0016,9,9,True,1,0,2,1.0,96.16999816894531,104.05000305175781
W_F_0016,9,9,True,2,2,4,6.197593432480722e-16,99.0999984741211,116.19999694824219
W_F_0016,9,9,True,3,4,6,4.957408925510368e-23,87.94999694824219,90.37000274658203
W_F_0016,10,8,True,1,0,2,1.0,109.18000030517578,112.69000244140625
W_F_0016,10,8,True,2,2,4,1.5667279904765135e-16,103.66999816894531,110.93000030517578
W_F_0016,10,8,True,3,4,6,3.277475581403885e-21,104.82499694824219,109.19000244140625
W_F_0016,10,14,True,1,0,2,1.0,86.33499908447266,92.02999877929688
W_F_0016,10,14,True,2,2,4,7.718599929129252e-14,102.0999984741211,103.68000030517578
W_F_0016,10,14,True,3,4,6,9.830266098368465e-21,112.58000183105469,119.08999633789062
W_F_0016,10,25,True,1,0,2,1.0,122.47000122070312,132.75999450683594
W_F_0016,10,25,True,2,2,4,3.28896220397747e-20,98.82499694824219,102.7699966430664
W_F_0016,10,25,True,3,4,6,4.2651761644940344e-26,104.76499938964844,114.76000213623047
W_F_0016,10,30,True,1,0,2,1.0,101.9800033569336,102.7300033569336
W_F_0016,10,30,True,2,2,4,1.008705109457192e-14,102.2550048828125,109.43000030517578
W_F_0016,10,30,True,3,4,6,1.3445564948047456e-19,102.19000244140625,103.91000366210938
W_F_0016,11,9,True,1,0,2,1.0,90.6300048828125,91.8499984741211
W_F_0016,11,9,True,2,2,4,2.044031109193871e-15,89.87999725341797,92.41999816894531
W_F_0016,11,9,True,3,4,6,3.1158652903953723e-19,103.81999969482422,110.58999633789062
W_F_0016,11,11,True,1,0,2,1.0,98.1199951171875,100.47000122070312
W_F_0016,11,11,True,2,2,4,3.630226934353163e-15,100.6300048828125,101.63999938964844
W_F_0016,11,11,True,3,4,6,5.692615298490592e-23,93.99000549316406,99.9000015258789
W_F_0016,12,18,True,1,0,2,1.0,79.19999694824219,83.47000122070312
W_F_0016,12,18,True,2,2,4,8.899025960573681e-11,100.0050048828125,110.45999908447266
W_F_0016,12,18,True,3,4,6,2.3921982535676866e-20,92.16999816894531,97.54000091552734
W_F_0016,12,20,True,1,0,2,1.0,92.47000122070312,98.66000366210938
W_F_0016,12,20,True,2,2,4,3.6294817151727443e-10,102.625,109.87000274658203
W_F_0016,12,20,True,3,4,6,1.9885306120489028e-17,104.57499694824219,104.83999633789062
W_F_0016,12,30,True,1,0,2,1.0,98.41999816894531,105.93000030517578
W_F_0016,12,30,True,2,2,4,6.03760849638129e-15,99.21499633789062,104.23999786376953
W_F_0016,12,30,True,3,4,6,3.6597890295360003e-22,89.08999633789062,90.44999694824219
W_F_0016,13,2,True,1,0,2,1.0,101.06500244140625,102.47000122070312
W_F_0016,13,2,True,2,2,4,1.077362910832018e-15,92.7249984741211,94.11000061035156
W_F_0016,13,2,True,3,4,6,8.054350621663225e-22,99.5,106.73999786376953
W_F_0016,13,10,True,1,0,2,1.0,106.91500091552734,114.1500015258789
W_F_0016,13,10,True,2,2,4,1.367959480365116e-15,99.30000305175781,102.44000244140625
W_F_0016,13,10,True,3,4,6,5.427838979890206e-20,102.21499633789062,114.66999816894531
W_F_0016,13,11,True,1,0,2,1.0,106.8499984741211,108.8499984741211
W_F_0016,13,11,True,2,2,4,3.4854429706391646e-17,99.51000213623047,99.7300033569336
W_F_0016,13,11,True,3,4,6,1.3131611342276003e-24,99.59500122070312,101.19000244140625
W_F_0016,13,30,True,1,0,2,1.0,111.20500183105469,115.83000183105469
W_F_0016,13,30,True,2,2,4,1.6420922175628728e-16,109.58000183105469,110.5
W_F_0016,13,30,True,3,4,6,1.0309017325158194e-22,111.38500213623047,121.61000061035156
W_F_0016,14,24,True,1,0,2,1.0,98.37999725341797,105.44999694824219
W_F_0016,14,24,True,2,2,4,1.2115849163242369e-14,97.56500244140625,101.54000091552734
W_F_0016,14,24,True,3,4,6,2.7277365161799713e-21,110.83499908447266,115.3499984741211
W_F_0016,15,32,True,1,0,2,1.0,107.25,114.55000305175781
W_F_0016,15,32,True,2,2,4,4.1294930747623425e-17,93.52999877929688,98.44000244140625
W_F_0016,15,32,True,3,4,6,2.0345000819118985e-24,95.44000244140625,98.37999725341797
W_F_0016,16,33,True,1,0,2,1.0,102.48500061035156,108.19999694824219
W_F_0016,16,33,True,2,2,4,3.0216773839477316e-15,95.83500671386719,102.2300033569336
W_F_0016,16,33,True,3,4,6,2.7060444316299784e-21,98.3800048828125,105.61000061035156
W_F_0016,16,34,True,1,0,2,1.0,94.30000305175781,100.58000183105469
W_F_0016,16,34,True,2,2,4,9.577988104920348e-16,90.82499694824219,97.19000244140625
W_F_0016,16,34,True,3,4,6,2.500184420714497e-19,107.30500030517578,113.62000274658203
W_F_0016,17,6,True,1,0,2,1.0,96.86500549316406,100.43000030517578
W_F_0016,17,6,True,2,2,4,6.663552630688241e-14,96.22000122070312,100.19999694824219
W_F_0016,17,6,True,3,4,6,2.774650702777834e-19,99.69000244140625,105.91999816894531
W_F_0016,17,10,True,1,0,2,1.0,95.1300048828125,96.04000091552734
W_F_0016,17,10,True,2,2,4,9.327116851217884e-14,104.87999725341797,111.62999725341797
W_F_0016,17,10,True,3,4,6,5.0436355573443456e-20,103.41500091552734,107.54000091552734
W_F_0016,17,14,True,1,0,2,1.0,99.06500244140625,103.58000183105469
W_F_0016,17,14,True,2,2,4,3.0750250436251125e-13,95.04499816894531,102.79000091552734
W_F_0016,17,14,True,3,4,6,1.2004931198912478e-21,86.44000244140625,87.19000244140625
W_F_0016,17,18,True,1,0,2,1.0,115.56500244140625,116.12999725341797
W_F_0016,17,18,True,2,2,4,6.287891512171665e-17,99.56999969482422,100.87000274658203
W_F_0016,17,18,True,3,4,6,4.0771846746015555e-23,109.72000122070312,110.0
W_F_0016,17,21,True,1,0,2,1.0,102.70999908447266,104.52999877929688
W_F_0016,17,21,True,2,2,4,4.985776879115191e-17,98.125,99.36000061035156
W_F_0016,17,21,True,3,4,6,6.470198774428309e-22,103.79499816894531,110.1500015258789
W_F_0016,17,28,True,1,0,2,1.0,105.19999694824219,108.81999969482422
W_F_0016,17,28,True,2,2,4,2.7666448691336448e-15,114.32499694824219,117.0199966430664
W_F_0016,17,28,True,3,1998,2000,7.512289583806038e-23,96.6300048828125,102.25
W_F_0016,18,12,True,1,0,2,1.0,101.0199966430664,102.5199966430664
W_F_0016,18,12,True,2,2,4,5.242024330343216e-15,106.52000427246094,114.4000015258789
W_F_0016,18,12,True,3,4,6,4.62903962885634e-21,109.21499633789062,112.88999938964844
W_F_0016,18,23,True,1,0,2,1.0,100.1500015258789,100.55000305175781
W_F_0016,18,23,True,2,2,4,6.566073622722669e-15,104.68499755859375,108.19999694824219
W_F_0016,18,23,True,3,1998,2000,5.086114422096435e-23,100.53500366210938,102.0199966430664
W_F_0016,20,22,True,1,0,2,1.0,94.16500091552734,104.62000274658203
W_F_0016,20,22,True,2,2,4,1.2495161697857748e-13,103.07499694824219,106.72000122070312
W_F_0016,20,22,True,3,1998,2000,1.7303999644737058e-20,101.93000030517578,110.06999969482422
W_F_0016,22,19,True,1,0,2,1.0,97.30499267578125,100.0199966430664
W_F_0016,22,19,True,2,2,4,1.0081546015689477e-15,98.63999938964844,100.7699966430664
W_F_0016,22,19,True,3,4,6,8.369978402169908e-18,111.27999877929688,116.88999938964844
W_F_0016,22,26,True,1,0,2,1.0,125.43000793457031,129.7100067138672
W_F_0016,22,26,True,2,2,4,9.32792055313593e-17,110.11499786376953,115.38999938964844
W_F_0016,22,26,True,3,1008,1010,2.110385592069572e-25,105.08999633789062,112.7300033569336
W_F_0016,23,10,True,1,0,2,1.0,110.86000061035156,112.20999908447266
W_F_0016,23,10,True,2,2,4,5.634635553281031e-13,112.71499633789062,114.66999816894531
W_F_0016,23,10,True,3,4,6,4.87910464830486e-21,102.93499755859375,107.33000183105469
W_F_0016,23,17,True,1,0,2,1.0,91.84500122070312,99.52999877929688
W_F_0016,23,17,True,2,2,4,4.91084928798402e-13,103.66500091552734,117.12000274658203
W_F_0016,23,17,True,3,4,6,4.783764610617629e-22,101.04000091552734,101.25
W_F_0016,23,30,True,1,0,2,1.0,94.97000122070312,105.38999938964844
W_F_0016,23,30,True,2,2,4,2.0896701253061978e-13,104.06500244140625,109.33000183105469
W_F_0016,23,30,True,3,4,6,9.4724194935719e-19,113.3800048828125,118.5999984741211
W_F_0016,24,3,True,1,0,2,1.0,101.2750015258789,107.5
W_F_0016,24,3,True,2,2,4,8.926436200560253e-17,105.94000244140625,106.93000030517578
W_F_0016,24,3,True,3,4,6,1.3897564515670302e-22,106.13499450683594,109.02999877929688
W_F_0016,24,12,True,1,0,2,1.0,100.06999969482422,105.7699966430664
W_F_0016,24,12,True,2,2,4,1.2400193719064312e-13,94.02000427246094,95.30000305175781
W_F_0016,24,12,True,3,4,6,6.827544123121745e-19,88.93499755859375,92.94999694824219
W_F_0016,25,13,True,1,0,2,1.0,101.08999633789062,104.94999694824219
W_F_0016,25,13,True,2,2,4,1.5641326667030497e-13,100.77000427246094,101.9000015258789
W_F_0016,25,13,True,3,4,6,1.8450321724132102e-20,99.99000549316406,100.04000091552734
W_F_0016,25,20,True,1,0,2,1.0,92.29499816894531,93.05999755859375
W_F_0016,25,20,True,2,2,4,1.502709848916206e-12,105.30500030517578,114.80000305175781
W_F_0016,25,20,True,3,4,6,2.6646352883974905e-17,111.7550048828125,116.13999938964844
W_F_0016,25,21,True,1,0,2,1.0,97.63500213623047,100.19000244140625
W_F_0016,25,21,True,2,2,4,2.848088778706348e-11,109.8800048828125,115.52999877929688
W_F_0016,25,21,True,3,1998,2000,1.332931884934055e-21,100.93000030517578,118.1500015258789
W_F_0016,26,30,True,1,0,2,1.0,80.38500213623047,81.51000213623047
W_F_0016,26,30,True,2,2,4,3.802817172271489e-09,107.78500366210938,108.19000244140625
W_F_0016,26,30,True,3,4,6,1.7973170601093073e-17,103.56999969482422,109.51000213623047
W_F_0016,26,31,True,1,0,2,1.0,107.54000091552734,109.29000091552734
W_F_0016,26,31,True,2,2,4,5.465406679879009e-19,96.50999450683594,107.41999816894531
W_F_0016,26,31,True,3,4,6,1.1690379034516224e-23,101.08499908447266,105.19999694824219
W_F_0016,27,6,True,1,0,2,1.0,118.86000061035156,119.95999908447266
W_F_0016,27,6,True,2,2,4,1.2324721135288175e-16,108.625,109.87999725341797
W_F_0016,27,6,True,3,4,6,8.048134476616174e-25,85.51499938964844,90.5999984741211
W_F_0016,27,30,True,1,0,2,1.0,96.625,104.3499984741211
W_F_0016,27,30,True,2,2,4,4.715293715719577e-16,93.6300048828125,95.41000366210938
W_F_0016,27,30,True,3,4,6,2.591293841543238e-20,96.01499938964844,106.83000183105469
W_F_0016,28,13,True,1,0,2,1.0,103.33500671386719,105.05000305175781
W_F_0016,28,13,True,2,2,4,3.720686410878249e-14,96.93000030517578,104.63999938964844
W_F_0016,28,13,True,3,4,6,7.483327225887074e-20,109.27000427246094,112.16000366210938
W_F_0016,29,9,True,1,0,2,1.0,83.95999908447266,85.56999969482422
W_F_0016,29,9,True,2,2,4,1.2370098977261546e-13,91.60499572753906,92.79000091552734
W_F_0016,29,9,True,3,4,6,2.384418943024052e-19,103.20999908447266,112.13999938964844
W_F_0016,29,19,True,1,0,2,1.0,85.70500183105469,86.38999938964844
W_F_0016,29,19,True,2,2,4,7.056555589423502e-14,97.26499938964844,100.58000183105469
W_F_0016,29,19,True,3,1998,2000,4.915643978615326e-22,95.5050048828125,100.56999969482422
W_F_0016,29,26,True,1,0,2,1.0,102.92500305175781,106.41999816894531
W_F_0016,29,26,True,2,2,4,3.14160698323962e-13,107.94999694824219,112.87999725341797
W_F_0016,29,26,True,3,4,6,1.3950613636609378e-24,94.53500366210938,94.87999725341797
W_F_0016,31,9,True,1,0,2,1.0,87.7750015258789,98.06999969482422
W_F_0016,31,9,True,2,2,4,5.141687076104517e-10,96.72000122070312,108.62000274658203
W_F_0016,31,9,True,3,4,6,6.01538872940786e-19,85.81500244140625,93.93000030517578
W_F_0016,32,17,True,1,0,2,1.0,109.6300048828125,120.8499984741211
W_F_0016,32,17,True,2,2,4,2.9766309409679965e-18,105.02499389648438,112.19999694824219
W_F_0016,32,17,True,3,4,6,8.08552303225719e-25,112.0250015258789,116.11000061035156
W_F_0016,33,9,True,1,0,2,1.0,108.70999908447266,110.13999938964844
W_F_0016,33,9,True,2,2,4,5.3363423092878194e-17,94.69499969482422,97.86000061035156
W_F_0016,33,9,True,3,4,6,1.6462338120806167e-21,92.04499816894531,100.91000366210938
W_F_0016,34,17,True,1,0,2,1.0,98.1199951171875,104.43000030517578
W_F_0016,34,17,True,2,2,4,1.359157903411956e-12,102.94499969482422,105.2699966430664
W_F_0016,34,17,True,3,4,6,3.8487281109807443e-25,86.82499694824219,89.37000274658203
W_F_0016,34,18,True,1,0,2,1.0,111.55000305175781,119.41999816894531
W_F_0016,34,18,True,2,2,4,2.1346681145602787e-17,115.15499877929688,120.80000305175781
W_F_0016,34,18,True,3,4,6,1.1698363884598871e-23,104.44499969482422,105.08000183105469
W_F_0016,35,14,True,1,0,2,1.0,102.5,107.9000015258789
W_F_0016,35,14,True,2,2,4,1.3225510605023496e-14,108.02000427246094,117.62000274658203
W_F_0016,35,14,True,3,4,6,6.072369151731642e-23,100.03500366210938,108.88999938964844
W_N_0015,0,19,True,1,0,2,1.0,99.61500549316406,106.5
W_N_0015,0,19,True,2,2,4,3.1342421334071974e-15,107.625,109.81999969482422
W_N_0015,0,19,True,3,4,6,1.145662187781496e-22,110.55500030517578,114.73999786376953
W_N_0015,0,21,True,1,0,2,1.0,104.43000030517578,106.12000274658203
W_N_0015,0,21,True,2,2,4,3.363806590958834e-16,103.81500244140625,114.55999755859375
W_N_0015,0,21,True,3,4,6,2.4696134731734136e-20,97.77000427246094,101.94000244140625
W_N_0015,1,20,True,1,0,2,1.0,107.95500183105469,112.0
W_N_0015,1,20,True,2,2,4,2.0613967867725765e-17,98.33999633789062,98.44999694824219
W_N_0015,1,20,True,3,4,6,2.5671649580839527e-23,102.87999725341797,112.69999694824219
W_N_0015,2,16,True,1,0,2,1.0,109.8800048828125,126.75
W_N_0015,2,16,True,2,2,4,2.520699069667818e-14,123.99500274658203,125.4800033569336
W_N_0015,2,16,True,3,368,370,3.8965235366201844e-22,113.94999694824219,117.54000091552734
W_N_0015,2,17,True,1,0,2,1.0,94.60499572753906,102.8499984741211
W_N_0015,2,17,True,2,2,4,5.164321593520253e-14,105.92500305175781,108.66999816894531
W_N_0015,2,17,True,3,4,6,5.31676144734721e-22,103.00999450683594,105.5199966430664
W_N_0015,2,18,True,1,0,2,1.0,90.5999984741211,91.86000061035156
W_N_0015,2,18,True,2,2,4,2.2982972709489295e-15,83.89500427246094,86.27999877929688
W_N_0015,2,18,True,3,4,6,1.1312512131107856e-17,105.92500305175781,111.27999877929688
W_N_0015,2,28,True,1,0,2,1.0,98.10000610351562,99.26000213623047
W_N_0015,2,28,True,2,2,4,4.4264523043323085e-15,97.25,97.8499984741211
W_N_0015,2,28,True,3,4,6,1.0076647013696213e-18,102.2550048828125,108.22000122070312
W_N_0015,3,12,True,1,0,2,1.0,110.66500091552734,116.31999969482422
W_N_0015,3,12,True,2,2,4,9.406492785161118e-18,102.45500183105469,115.05000305175781
W_N_0015,3,12,True,3,1998,2000,1.7049352555119555e-23,106.5250015258789,109.2300033569336
W_N_0015,3,20,True,1,0,2,1.0,120.66999816894531,121.44000244140625
W_N_0015,3,20,True,2,2,4,7.285534124258867e-20,95.85499572753906,100.73999786376953
W_N_0015,3,20,True,3,4,6,1.6330899852272234e-24,107.57499694824219,108.0999984741211
W_N_0015,4,12,True,1,0,2,1.0,109.47000122070312,114.93000030517578
W_N_0015,4,12,True,2,2,4,7.034881927421352e-17,101.83499908447266,106.98999786376953
W_N_0015,4,12,True,3,4,6,1.0096937592815861e-23,92.93000030517578,104.20999908447266
W_N_0015,4,14,True,1,0,2,1.0,111.72999572753906,115.4000015258789
W_N_0015,4,14,True,2,2,4,8.671160322592508e-17,110.80000305175781,117.44999694824219
W_N_0015,4,14,True,3,4,6,6.67254841237572e-24,102.625,103.69000244140625
W_N_0015,4,15,True,1,0,2,1.0,96.31500244140625,98.04000091552734
W_N_0015,4,15,True,2,2,4,3.963158739985623e-14,99.36000061035156,105.26000213623047
W_N_0015,4,15,True,3,4,6,8.597491326109734e-22,98.20500183105469,98.3499984741211
W_N_0015,4,18,True,1,0,2,1.0,114.05000305175781,121.80000305175781
W_N_0015,4,18,True,2,2,4,4.5069163149620165e-19,97.48500061035156,110.9000015258789
W_N_0015,4,18,True,3,1984,1986,1.5849280239963384e-26,107.3800048828125,108.87000274658203
W_N_0015,4,24,True,1,0,2,1.0,106.42500305175781,108.33000183105469
W_N_0015,4,24,True,2,2,4,1.0122051342985414e-14,109.7550048828125,110.95999908447266
W_N_0015,4,24,True,3,1266,1268,1.375893010018676e-23,112.77999877929688,123.51000213623047
W_N_0015,4,28,True,1,0,2,1.0,113.88499450683594,120.0999984741211
W_N_0015,4,28,True,2,2,4,1.1282528620612932e-15,109.49000549316406,124.72000122070312
W_N_0015,4,28,True,3,4,6,2.707778057598841e-22,119.51000213623047,123.9000015258789
W_N_0015,5,10,True,1,0,2,1.0,99.2550048828125,107.4000015258789
W_N_0015,5,10,True,2,2,4,5.42606459980402e-14,106.93000030517578,113.70999908447266
W_N_0015,5,10,True,3,4,6,3.269608479855395e-21,104.57499694824219,109.2300033569336
W_N_0015,5,13,True,1,0,2,1.0,97.68000030517578,106.38999938964844
W_N_0015,5,13,True,2,2,4,2.1268542482744124e-12,108.74000549316406,110.86000061035156
W_N_0015,5,13,True,3,4,6,5.198690237525629e-23,99.10499572753906,104.05999755859375
W_N_0015,5,27,True,1,0,2,1.0,106.01499938964844,111.2300033569336
W_N_0015,5,27,True,2,2,4,7.098308892712277e-14,106.80000305175781,110.9800033569336
W_N_0015,5,27,True,3,4,6,5.9477056774497316e-21,105.63999938964844,106.75
W_N_0015,5,30,True,1,0,2,1.0,90.95999908447266,98.6500015258789
W_N_0015,5,30,True,2,2,4,4.7376016412865873e-14,96.18000030517578,98.62000274658203
W_N_0015,5,30,True,3,4,6,2.8377190239584544e-20,91.81500244140625,94.91999816894531
W_N_0015,6,11,True,1,0,2,1.0,89.25499725341797,92.80999755859375
W_N_0015,6,11,True,2,2,4,2.280640411765622e-13,86.85499572753906,95.08000183105469
W_N_0015,6,11,True,3,4,6,3.9851267779074746e-21,86.31999969482422,89.01000213623047
W_N_0015,6,18,True,1,0,2,1.0,108.64500427246094,126.86000061035156
W_N_0015,6,18,True,2,2,4,1.7363214565713615e-16,91.71499633789062,101.94000244140625
W_N_0015,6,18,True,3,4,6,1.2870423440861852e-21,85.36500549316406,94.0
W_N_0015,6,23,True,1,0,2,1.0,108.74500274658203,109.4800033569336
W_N_0015,6,23,True,2,2,4,1.1932412531811426e-16,105.63500213623047,113.1500015258789
W_N_0015,6,23,True,3,4,6,2.2892352699375752e-20,102.15499877929688,108.37000274658203
W_N_0015,6,28,True,1,0,2,1.0,102.98999786376953,104.94999694824219
W_N_0015,6,28,True,2,2,4,1.716958823380632e-14,104.8800048828125,108.76000213623047
W_N_0015,6,28,True,3,4,6,2.08999363288512e-20,110.38999938964844,112.18000030517578
W_N_0015,6,29,True,1,0,2,1.0,107.22999572753906,112.1500015258789
W_N_0015,6,29,True,2,2,4,7.57233732911599e-15,105.85499572753906,114.62999725341797
W_N_0015,6,29,True,3,4,6,4.9536094558464617e-23,83.39500427246094,90.83000183105469
W_N_0015,6,30,True,1,0,2,1.0,95.83499908447266,97.37999725341797
W_N_0015,6,30,True,2,2,4,7.560881716724144e-14,101.70500183105469,104.27999877929688
W_N_0015,6,30,True,3,4,6,4.341655968331578e-19,109.69499969482422,121.55000305175781
W_N_0015,6,31,True,1,0,2,1.0,99.69000244140625,108.69000244140625
W_N_0015,6,31,True,2,2,4,6.410392990423828e-17,85.37999725341797,88.55999755859375
W_N_0015,6,31,True,3,4,6,4.841040203739999e-22,92.29499816894531,92.62000274658203
W_N_0015,6,32,True,1,0,2,1.0,92.02999877929688,96.73999786376953
W_N_0015,6,32,True,2,2,4,6.45446940862539e-15,98.85499572753906,101.56999969482422
W_N_0015,6,32,True,3,4,6,4.487846729197889e-23,94.42500305175781,99.87999725341797
W_N_0015,6,33,True,1,0,2,1.0,104.9949951171875,110.4000015258789
W_N_0015,6,33,True,2,2,4,2.6288436796006885e-17,107.50499725341797,108.16999816894531
W_N_0015,6,33,True,3,520,522,9.435636161570476e-26,99.07499694824219,109.33000183105469
W_N_0015,7,9,True,1,0,2,1.0,96.40499877929688,99.47000122070312
W_N_0015,7,9,True,2,2,4,9.297631973137141e-14,110.84500122070312,116.55999755859375
W_N_0015,7,9,True,3,4,6,6.012265347113648e-20,111.11000061035156,113.80999755859375
W_N_0015,7,12,True,1,0,2,1.0,91.34500122070312,100.51000213623047
W_N_0015,7,12,True,2,2,4,1.3136357453202852e-11,107.05000305175781,119.47000122070312
W_N_0015,7,12,True,3,4,6,1.8790624151253845e-20,105.88500213623047,106.16000366210938
W_N_0015,7,13,True,1,0,2,1.0,104.45999908447266,107.1500015258789
W_N_0015,7,13,True,2,2,4,8.471557670316522e-16,98.25499725341797,98.62999725341797
W_N_0015,7,13,True,3,4,6,9.037188914624777e-21,94.7449951171875,95.2699966430664
W_N_0015,7,23,True,1,0,2,1.0,95.1300048828125,101.11000061035156
W_N_0015,7,23,True,2,2,4,1.2083170632137298e-14,97.72000122070312,98.47000122070312
W_N_0015,7,23,True,3,4,6,1.900400928431125e-19,97.94000244140625,103.11000061035156
W_N_0015,7,29,True,1,0,2,1.0,80.45500183105469,87.58000183105469
W_N_0015,7,29,True,2,2,4,1.4914594082329757e-12,96.53999328613281,100.48999786376953
W_N_0015,7,29,True,3,4,6,4.388376680292222e-20,98.33999633789062,103.5
W_N_0015,7,35,True,1,0,2,1.0,95.87000274658203,96.69000244140625
W_N_0015,7,35,True,2,2,4,6.376736161675667e-13,108.96000671386719,114.19000244140625
W_N_0015,7,35,True,3,4,6,2.525533612671819e-23,93.43000030517578,99.48999786376953
W_N_0015,7,36,True,1,0,2,1.0,115.35499572753906,115.88999938964844
W_N_0015,7,36,True,2,2,4,2.6267012619618415e-15,109.20500183105469,117.08000183105469
W_N_0015,7,36,True,3,1998,2000,4.2004069946729356e-21,123.69500732421875,130.49000549316406
W_N_0015,8,6,True,1,0,2,1.0,76.66000366210938,79.44000244140625
W_N_0015,8,6,True,2,2,4,2.842587276674635e-10,90.03500366210938,95.61000061035156
W_N_0015,8,6,True,3,4,6,1.5338078961627975e-15,101.01499938964844,116.29000091552734
W_N_0015,8,30,True,1,0,2,1.0,105.0,114.0199966430664
W_N_0015,8,30,True,2,2,4,1.4924545703020459e-13,115.95999908447266,116.52999877929688
W_N_0015,8,30,True,3,1998,2000,3.968071958546282e-23,104.55999755859375,119.91999816894531
W_N_0015,8,33,True,1,0,2,1.0,114.42500305175781,120.43000030517578
W_N_0015,8,33,True,2,2,4,1.6164743942874362e-15,103.93499755859375,107.73999786376953
W_N_0015,8,33,True,3,4,6,4.159378553562557e-22,100.9000015258789,105.16000366210938
W_N_0015,8,35,True,1,0,2,1.0,83.80000305175781,86.44000244140625
W_N_0015,8,35,True,2,2,4,1.86963028392384e-10,104.38999938964844,111.18000030517578
W_N_0015,8,35,True,3,4,6,4.214678122061463e-20,98.27999877929688,102.55999755859375
W_N_0015,9,6,True,1,0,2,1.0,109.0250015258789,109.33000183105469
W_N_0015,9,6,True,2,2,4,5.491750819017465e-15,104.68499755859375,105.72000122070312
W_N_0015,9,6,True,3,4,6,6.601206987551152e-23,100.61500549316406,101.93000030517578
W_N_0015,9,18,True,1,0,2,1.0,94.91000366210938,95.19999694824219
W_N_0015,9,18,True,2,2,4,1.3790295921807988e-16,86.46499633789062,88.37000274658203
W_N_0015,9,18,True,3,4,6,1.7775535810848115e-21,98.52000427246094,110.73999786376953
W_N_0015,9,23,True,1,0,2,1.0,102.05999755859375,104.93000030517578
W_N_0015,9,23,True,2,2,4,2.5996567705054326e-15,106.43499755859375,112.93000030517578
W_N_0015,9,23,True,3,4,6,4.575678423499106e-24,97.65499877929688,99.63999938964844
W_N_0015,9,24,True,1,0,2,1.0,96.77000427246094,102.68000030517578
W_N_0015,9,24,True,2,2,4,5.063504513412847e-15,83.18499755859375,92.56999969482422
W_N_0015,9,24,True,3,4,6,1.3184807116685654e-18,82.91000366210938,83.08999633789062
W_N_0015,9,25,True,1,0,2,1.0,110.73500061035156,111.79000091552734
W_N_0015,9,25,True,2,2,4,7.15979943480666e-17,107.86000061035156,108.52999877929688
W_N_0015,9,25,True,3,1998,2000,4.0803429581216983e-23,114.98999786376953,115.66999816894531
W_N_0015,9,27,True,1,0,2,1.0,101.30000305175781,101.4800033569336
W_N_0015,9,27,True,2,2,4,2.157512009489087e-14,110.54000091552734,117.75
W_N_0015,9,27,True,3,4,6,8.278067535416069e-22,114.92500305175781,120.23999786376953
W_N_0015,10,4,True,1,0,2,1.0,90.95500183105469,99.5
W_N_0015,10,4,True,2,2,4,1.7777361478515594e-14,107.44999694824219,109.30000305175781
W_N_0015,10,4,True,3,4,6,2.4170266471284465e-22,102.67500305175781,109.94999694824219
W_N_0015,10,5,True,1,0,2,1.0,101.55999755859375,107.36000061035156
W_N_0015,10,5,True,2,2,4,1.5756269715599264e-14,99.81999969482422,102.19999694824219
W_N_0015,10,5,True,3,4,6,2.840901730612223e-21,103.28500366210938,112.9800033569336
W_N_0015,10,8,True,1,0,2,1.0,113.36500549316406,117.18000030517578
W_N_0015,10,8,True,2,2,4,1.531193204716297e-17,105.21000671386719,115.19000244140625
W_N_0015,10,8,True,3,4,6,3.907945010642595e-20,113.0250015258789,120.88999938964844
W_N_0015,10,10,True,1,0,2,1.0,93.625,100.06999969482422
W_N_0015,10,10,True,2,2,4,2.3335399910139054e-13,101.93000030517578,102.26000213623047
W_N_0015,10,10,True,3,4,6,2.41266935814124e-22,98.55500030517578,99.62000274658203
W_N_0015,10,11,True,1,0,2,1.0,122.30500793457031,137.1300048828125
W_N_0015,10,11,True,2,2,4,2.3499529118383817e-18,108.52000427246094,112.31999969482422
W_N_0015,10,11,True,3,1998,2000,5.790091132902498e-25,93.80000305175781,100.6500015258789
W_N_0015,10,15,True,1,0,2,1.0,89.18000030517578,90.38999938964844
W_N_0015,10,15,True,2,2,4,2.2089363324595546e-11,94.42500305175781,106.02999877929688
W_N_0015,10,15,True,3,4,6,2.5759707084366053e-18,99.97000122070312,102.7699966430664
W_N_0015,10,18,True,1,0,2,1.0,87.83999633789062,88.9800033569336
W_N_0015,10,18,True,2,2,4,7.231383825079263e-10,106.47999572753906,112.08999633789062
W_N_0015,10,18,True,3,4,6,9.023112769216265e-18,114.51499938964844,122.54000091552734
W_N_0015,10,19,True,1,0,2,1.0,80.43499755859375,91.0
W_N_0015,10,19,True,2,2,4,2.3576540025826986e-13,83.33999633789062,89.08999633789062
W_N_0015,10,19,True,3,4,6,1.403945198673182e-16,101.95500183105469,103.51000213623047
W_N_0015,10,30,True,1,0,2,1.0,99.66999816894531,101.16000366210938
W_N_0015,10,30,True,2,2,4,2.1469005501324745e-14,117.65499877929688,120.9800033569336
W_N_0015,10,30,True,3,1998,2000,1.751395060752766e-24,93.54000091552734,94.2300033569336
W_N_0015,10,35,True,1,0,2,1.0,107.16000366210938,115.19999694824219
W_N_0015,10,35,True,2,2,4,2.575579203852684e-17,110.05000305175781,113.54000091552734
W_N_0015,10,35,True,3,4,6,6.623163685926863e-27,84.97000122070312,98.58000183105469
W_N_0015,11,5,True,1,0,2,1.0,108.68499755859375,109.16000366210938
W_N_0015,11,5,True,2,2,4,7.143839481195817e-17,100.31999969482422,112.27999877929688
W_N_0015,11,5,True,3,4,6,2.2912837728922005e-24,94.59500122070312,102.11000061035156
W_N_0015,11,6,True,1,0,2,1.0,118.375,137.3699951171875
W_N_0015,11,6,True,2,2,4,6.987359540962343e-16,103.72999572753906,114.23999786376953
W_N_0015,11,6,True,3,4,6,7.082065040937672e-22,104.46499633789062,106.19000244140625
W_N_0015,11,27,True,1,0,2,1.0,104.29499816894531,108.77999877929688
W_N_0015,11,27,True,2,2,4,3.0168528536867606e-14,110.13999938964844,111.68000030517578
W_N_0015,11,27,True,3,4,6,3.0544157824742027e-23,97.40499877929688,102.01000213623047
W_N_0015,11,30,True,1,0,2,1.0,105.94000244140625,109.38999938964844
W_N_0015,11,30,True,2,2,4,2.1946073091943206e-15,99.75,106.45999908447266
W_N_0015,11,30,True,3,4,6,1.4327128939733179e-22,100.08000183105469,106.73999786376953
W_N_0015,12,13,True,1,0,2,1.0,98.44000244140625,109.9800033569336
W_N_0015,12,13,True,2,2,4,2.1497238803522625e-14,106.63999938964844,114.33999633789062
W_N_0015,12,13,True,3,4,6,6.264771316773088e-22,97.9949951171875,108.97000122070312
W_N_0015,12,23,True,1,0,2,1.0,95.47000122070312,96.4000015258789
W_N_0015,12,23,True,2,2,4,1.654859280479041e-14,90.21000671386719,97.26000213623047
W_N_0015,12,23,True,3,4,6,9.628229172456949e-20,99.45999908447266,103.22000122070312
W_N_0015,12,29,True,1,0,2,1.0,83.0,87.5
W_N_0015,12,29,True,2,2,4,8.363365555652535e-12,92.7249984741211,98.62999725341797
W_N_0015,12,29,True,3,4,6,1.697075074179492e-18,104.61000061035156,108.33000183105469
W_N_0015,13,5,True,1,0,2,1.0,103.73999786376953,107.87999725341797
W_N_0015,13,5,True,2,2,4,3.0375018906375617e-13,104.93499755859375,108.41000366210938
W_N_0015,13,5,True,3,4,6,1.443664913715588e-20,97.41999816894531,98.83000183105469
W_N_0015,13,11,True,1,0,2,1.0,97.72000122070312,97.83999633789062
W_N_0015,13,11,True,2,2,4,1.552955490981625e-13,95.34500122070312,105.95999908447266
W_N_0015,13,11,True,3,4,6,1.7672023123695697e-21,100.13999938964844,110.91000366210938
W_N_0015,13,16,True,1,0,2,1.0,95.37000274658203,97.62000274658203
W_N_0015,13,16,True,2,2,4,8.412885392126111e-15,100.23500061035156,110.7699966430664
W_N_0015,13,16,True,3,4,6,4.673643667216611e-22,100.52499389648438,101.16999816894531
W_N_0015,13,20,True,1,0,2,1.0,101.56500244140625,107.51000213623047
W_N_0015,13,20,True,2,2,4,4.652985353785499e-13,102.55000305175781,108.54000091552734
W_N_0015,13,20,True,3,4,6,1.9416085154354582e-23,86.56500244140625,92.4800033569336
W_N_0015,13,21,True,1,0,2,1.0,94.41999816894531,96.98999786376953
W_N_0015,13,21,True,2,2,4,3.5108060122274187e-12,96.3699951171875,96.80999755859375
W_N_0015,13,21,True,3,4,6,6.473640584907643e-19,94.70999908447266,100.0199966430664
W_N_0015,13,31,True,1,0,2,1.0,104.33499908447266,108.20999908447266
W_N_0015,13,31,True,2,2,4,3.803939246384801e-14,103.05500030517578,111.77999877929688
W_N_0015,13,31,True,3,4,6,8.952983705412726e-21,101.64500427246094,107.0999984741211
W_N_0015,13,39,True,1,0,2,1.0,98.49000549316406,101.80000305175781
W_N_0015,13,39,True,2,2,4,2.081756601411862e-14,95.93499755859375,102.48999786376953
W_N_0015,13,39,True,3,4,6,5.108544420011382e-19,96.9949951171875,98.86000061035156
W_N_0015,14,3,True,1,0,2,1.0,107.58999633789062,108.77999877929688
W_N_0015,14,3,True,2,2,4,1.1481407522940158e-18,94.67500305175781,102.2300033569336
W_N_0015,14,3,True,3,4,6,6.188640938273977e-23,95.11499786376953,100.27999877929688
W_N_0015,14,8,True,1,0,2,1.0,98.43499755859375,107.91000366210938
W_N_0015,14,8,True,2,2,4,9.636736192559538e-16,97.9000015258789,99.47000122070312
W_N_0015,14,8,True,3,4,6,5.652060196011451e-25,103.86000061035156,109.69000244140625
W_N_0015,14,23,True,1,0,2,1.0,91.86500549316406,93.72000122070312
W_N_0015,14,23,True,2,2,4,5.720044409510865e-15,95.70500183105469,96.7699966430664
W_N_0015,14,23,True,3,4,6,9.606207386962607e-22,100.88999938964844,104.19999694824219
W_N_0015,14,25,True,1,0,2,1.0,96.58999633789062,105.30999755859375
W_N_0015,14,25,True,2,2,4,1.0701315701633352e-11,112.51000213623047,113.55000305175781
W_N_0015,14,25,True,3,888,890,1.1462753081475182e-20,96.05000305175781,99.72000122070312
W_N_0015,14,38,True,1,0,2,1.0,99.28500366210938,102.22000122070312
W_N_0015,14,38,True,2,2,4,1.7588950434343662e-15,104.16000366210938,104.69000244140625
W_N_0015,14,38,True,3,4,6,5.330364691014586e-23,101.75999450683594,104.16999816894531
W_N_0015,15,2,True,1,0,2,1.0,98.11000061035156,100.37999725341797
W_N_0015,15,2,True,2,2,4,3.774965095289934e-13,99.16999816894531,111.7300033569336
W_N_0015,15,2,True,3,4,6,1.1491062282759462e-23,105.86000061035156,111.22000122070312
W_N_0015,15,3,True,1,0,2,1.0,110.17999267578125,110.2699966430664
W_N_0015,15,3,True,2,2,4,2.1755204381674817e-14,112.02999877929688,116.80999755859375
W_N_0015,15,3,True,3,4,6,4.750392575774287e-23,102.76499938964844,106.7699966430664
W_N_0015,15,12,True,1,0,2,1.0,107.05500030517578,111.95999908447266
W_N_0015,15,12,True,2,2,4,2.1581942098248055e-15,100.54499816894531,110.94999694824219
W_N_0015,15,12,True,3,4,6,3.953239530749052e-21,100.08999633789062,103.48999786376953
W_N_0015,15,24,True,1,0,2,1.0,99.33000183105469,100.22000122070312
W_N_0015,15,24,True,2,2,4,1.172808679735177e-14,101.91999816894531,107.45999908447266
W_N_0015,15,24,True,3,4,6,3.458996287471134e-22,92.2449951171875,95.05999755859375
W_N_0015,15,34,True,1,0,2,1.0,102.7750015258789,107.93000030517578
W_N_0015,15,34,True,2,2,4,6.811949076102226e-15,100.02999877929688,105.0199966430664
W_N_0015,15,34,True,3,4,6,8.065915701187e-21,106.66500091552734,108.18000030517578
W_N_0015,16,4,True,1,0,2,1.0,96.28500366210938,98.55000305175781
W_N_0015,16,4,True,2,2,4,2.1335002178563683e-13,97.92999267578125,105.08999633789062
W_N_0015,16,4,True,3,4,6,2.9782762032063644e-19,103.84500122070312,103.94000244140625
W_N_0015,16,30,True,1,0,2,1.0,116.90499877929688,130.9199981689453
W_N_0015,16,30,True,2,2,4,1.5452539582581633e-15,111.86500549316406,126.43000030517578
W_N_0015,16,30,True,3,4,6,4.147590573501403e-22,110.22000122070312,113.6500015258789
W_N_0015,16,36,True,1,0,2,1.0,99.52999877929688,102.69000244140625
W_N_0015,16,36,True,2,2,4,1.3053017427512841e-14,95.68000030517578,108.44999694824219
W_N_0015,16,36,True,3,4,6,7.7904025186609e-19,97.80999755859375,104.19999694824219
W_N_0015,17,3,True,1,0,2,1.0,89.13999938964844,98.26000213623047
W_N_0015,17,3,True,2,2,4,1.6066384334045836e-11,95.34500122070312,95.62000274658203
W_N_0015,17,3,True,3,4,6,1.5502296084613473e-17,94.19000244140625,94.98999786376953
W_N_0015,17,7,True,1,0,2,1.0,109.25,119.16999816894531
W_N_0015,17,7,True,2,2,4,9.541083938199662e-16,100.53500366210938,104.5199966430664
W_N_0015,17,7,True,3,4,6,1.1214360598607024e-20,109.26499938964844,113.97000122070312
W_N_0015,17,10,True,1,0,2,1.0,101.61499786376953,113.98999786376953
W_N_0015,17,10,True,2,2,4,3.365192548618779e-16,100.93499755859375,106.02999877929688
W_N_0015,17,10,True,3,4,6,2.7119706718720825e-25,94.44999694824219,96.95999908447266
W_N_0015,17,11,True,1,0,2,1.0,94.94000244140625,101.43000030517578
W_N_0015,17,11,True,2,2,4,1.3567282734707771e-16,93.93000030517578,105.94999694824219
W_N_0015,17,11,True,3,4,6,1.7468768845700158e-25,80.8800048828125,81.33000183105469
W_N_0015,17,16,True,1,0,2,1.0,90.89500427246094,91.88999938964844
W_N_0015,17,16,True,2,2,4,1.5549998558218002e-14,89.64500427246094,91.4000015258789
W_N_0015,17,16,True,3,4,6,6.216712729028932e-20,94.68499755859375,98.05000305175781
W_N_0015,17,19,True,1,0,2,1.0,95.20500183105469,97.19999694824219
W_N_0015,17,19,True,2,2,4,6.048218566603869e-13,98.62999725341797,101.58999633789062
W_N_0015,17,19,True,3,4,6,5.537110831278168e-20,89.52999877929688,91.73999786376953
W_N_0015,17,22,True,1,0,2,1.0,104.42500305175781,109.91999816894531
W_N_0015,17,22,True,2,2,4,3.059497894733559e-17,103.66000366210938,110.36000061035156
W_N_0015,17,22,True,3,4,6,1.5042851710531892e-22,103.125,106.76000213623047
W_N_0015,17,30,True,1,0,2,1.0,103.32499694824219,111.63999938964844
W_N_0015,17,30,True,2,2,4,1.2062612745460742e-17,99.33499908447266,103.0999984741211
W_N_0015,17,30,True,3,1998,2000,4.1167740062288703e-22,108.21499633789062,123.12999725341797
W_N_0015,17,32,True,1,0,2,1.0,107.66999816894531,119.51000213623047
W_N_0015,17,32,True,2,2,4,5.4072275187933266e-15,106.26499938964844,110.44999694824219
W_N_0015,17,32,True,3,4,6,2.0625285352866715e-18,113.64999389648438,116.62999725341797
W_N_0015,18,1,True,1,0,2,1.0,93.09500122070312,95.95999908447266
W_N_0015,18,1,True,2,2,4,4.328772149758686e-12,101.93499755859375,104.01000213623047
W_N_0015,18,1,True,3,4,6,6.213538811169172e-19,107.56999969482422,108.73999786376953
W_N_0015,18,3,True,1,0,2,1.0,93.83999633789062,95.48999786376953
W_N_0015,18,3,True,2,2,4,2.5786884698961524e-15,90.24500274658203,95.51000213623047
W_N_0015,18,3,True,3,4,6,7.3920745024795565e-22,99.77000427246094,105.98999786376953
W_N_0015,18,6,True,1,0,2,1.0,104.7249984741211,110.05999755859375
W_N_0015,18,6,True,2,2,4,8.061225793908977e-17,93.52000427246094,100.62999725341797
W_N_0015,18,6,True,3,4,6,8.795702662857227e-22,104.6199951171875,112.77999877929688
W_N_0015,18,15,True,1,0,2,1.0,118.48999786376953,130.75999450683594
W_N_0015,18,15,True,2,2,4,1.5027797574702536e-18,107.20500183105469,110.94000244140625
W_N_0015,18,15,True,3,4,6,1.4151991090265803e-24,96.7750015258789,104.75
W_N_0015,18,16,True,1,0,2,1.0,107.7449951171875,114.06999969482422
W_N_0015,18,16,True,2,2,4,1.0654938616586171e-15,99.54499816894531,101.22000122070312
W_N_0015,18,16,True,3,4,6,2.005351947565299e-23,98.9000015258789,103.7300033569336
W_N_0015,18,39,True,1,0,2,1.0,89.31500244140625,92.43000030517578
W_N_0015,18,39,True,2,2,4,1.1732579317802472e-11,100.30999755859375,114.6500015258789
W_N_0015,18,39,True,3,4,6,2.1247382559161588e-19,92.69000244140625,95.54000091552734
W_N_0015,19,3,True,1,0,2,1.0,102.68000030517578,110.94000244140625
W_N_0015,19,3,True,2,2,4,5.350231434102237e-14,102.27000427246094,107.26000213623047
W_N_0015,19,3,True,3,1998,2000,1.1344907309167651e-20,99.93000030517578,105.48999786376953
W_N_0015,19,11,True,1,0,2,1.0,99.11000061035156,105.55999755859375
W_N_0015,19,11,True,2,2,4,4.2913962043211046e-14,104.38999938964844,108.6500015258789
W_N_0015,19,11,True,3,4,6,3.4672001884499427e-22,106.83999633789062,108.43000030517578
W_N_0015,19,34,True,1,0,2,1.0,85.95999908447266,92.08000183105469
W_N_0015,19,34,True,2,2,4,5.844308110375396e-12,102.1199951171875,113.69999694824219
W_N_0015,19,34,True,3,4,6,4.642147420417365e-19,105.48500061035156,105.9800033569336
W_N_0015,19,35,True,1,0,2,1.0,113.30000305175781,113.70999908447266
W_N_0015,19,35,True,2,2,4,1.3440413875170226e-15,97.6199951171875,103.95999908447266
W_N_0015,19,35,True,3,4,6,4.1287601481494156e-21,95.31500244140625,101.69999694824219
W_N_0015,19,40,True,1,0,2,1.0,92.7449951171875,94.75
W_N_0015,19,40,True,2,2,4,7.75887427223454e-12,92.22000122070312,93.05999755859375
W_N_0015,19,40,True,3,4,6,9.552249660513627e-19,90.69999694824219,96.56999969482422
W_N_0015,20,26,True,1,0,2,1.0,115.29499816894531,115.75
W_N_0015,20,26,True,2,2,4,9.858290977521762e-19,93.50999450683594,98.3499984741211
W_N_0015,20,26,True,3,4,6,9.33252389725532e-22,99.31500244140625,99.54000091552734
W_N_0015,20,27,True,1,0,2,1.0,99.94499969482422,103.08999633789062
W_N_0015,20,27,True,2,2,4,3.6554050945894153e-16,93.41000366210938,95.7699966430664
W_N_0015,20,27,True,3,4,6,6.990911090488553e-22,100.95999908447266,110.93000030517578
W_N_0015,20,41,True,1,0,2,1.0,104.61000061035156,106.05999755859375
W_N_0015,20,41,True,2,2,4,4.742045133776236e-16,110.20999908447266,112.63999938964844
W_N_0015,20,41,True,3,4,6,2.0906910386212438e-24,104.31999969482422,109.95999908447266
W_N_0015,21,8,True,1,0,2,1.0,94.69499969482422,108.19999694824219
W_N_0015,21,8,True,2,2,4,1.1507344929099616e-14,101.42500305175781,111.02999877929688
W_N_0015,21,8,True,3,4,6,5.709185235368828e-16,124.77000427246094,126.43000030517578
W_N_0015,21,22,True,1,0,2,1.0,104.69000244140625,105.25
W_N_0015,21,22,True,2,2,4,1.8648396067168578e-18,96.01499938964844,104.8499984741211
W_N_0015,21,22,True,3,4,6,7.543439018826138e-25,97.41000366210938,101.63999938964844
W_N_0015,21,24,True,1,0,2,1.0,86.3499984741211,95.98999786376953
W_N_0015,21,24,True,2,2,4,3.0285753831009454e-13,101.61499786376953,115.52999877929688
W_N_0015,21,24,True,3,4,6,1.2784698368053591e-20,102.4949951171875,114.5199966430664
W_N_0015,21,25,True,1,0,2,1.0,104.41000366210938,111.41000366210938
W_N_0015,21,25,True,2,2,4,2.063566181666331e-19,100.21499633789062,106.93000030517578
W_N_0015,21,25,True,3,4,6,2.3779194357319666e-23,115.94499969482422,117.08000183105469
W_N_0015,22,2,True,1,0,2,1.0,106.08500671386719,112.51000213623047
W_N_0015,22,2,True,2,2,4,3.225750067314395e-15,101.94000244140625,106.87999725341797
W_N_0015,22,2,True,3,4,6,1.065322889254233e-23,94.30500030517578,98.30000305175781
W_N_0015,22,3,True,1,0,2,1.0,98.29499816894531,105.37000274658203
W_N_0015,22,3,True,2,2,4,8.953626143455573e-15,103.5999984741211,106.98999786376953
W_N_0015,22,3,True,3,4,6,8.585205795698439e-21,97.2699966430664,102.69999694824219
W_N_0015,22,6,True,1,0,2,1.0,101.12000274658203,101.9800033569336
W_N_0015,22,6,True,2,2,4,5.120549166973132e-13,109.63999938964844,112.44999694824219
W_N_0015,22,6,True,3,4,6,1.751037797639477e-20,102.1199951171875,110.31999969482422
W_N_0015,22,17,True,1,0,2,1.0,116.38999938964844,121.16999816894531
W_N_0015,22,17,True,2,2,4,9.513816160917423e-18,94.30500030517578,103.56999969482422
W_N_0015,22,17,True,3,4,6,6.626098186864527e-26,98.32499694824219,100.05999755859375
W_N_0015,22,24,False,1,0,2,1.0,108.03500366210938,110.62000274658203
W_N_0015,22,24,False,2,2,4,2.2433856205209807e-17,107.57499694824219,115.63999938964844
W_N_0015,22,24,False,3,4,6,3.8576942547256797e-25,102.21499633789062,106.55999755859375
W_N_0015,22,25,True,1,0,2,1.0,106.17500305175781,113.05000305175781
W_N_0015,22,25,True,2,2,4,1.4331109253273118e-16,101.91000366210938,106.68000030517578
W_N_0015,22,25,True,3,1998,2000,1.880090100001458e-25,95.91000366210938,101.08000183105469
W_N_0015,22,30,True,1,0,2,1.0,109.27000427246094,113.55000305175781
W_N_0015,22,30,True,2,2,4,4.0260873587359865e-16,105.15499877929688,108.54000091552734
W_N_0015,22,30,True,3,4,6,5.0398007138952715e-23,98.73999786376953,108.41999816894531
W_N_0015,22,34,True,1,0,2,1.0,103.93000030517578,115.66999816894531
W_N_0015,22,34,True,2,2,4,1.8632800380738446e-13,101.07499694824219,108.08999633789062
W_N_0015,22,34,True,3,4,6,7.793192960758559e-20,98.43000030517578,107.51000213623047
W_N_0015,22,39,True,1,0,2,1.0,90.19000244140625,99.70999908447266
W_N_0015,22,39,True,2,2,4,1.964961769413808e-14,97.55500030517578,101.02999877929688
W_N_0015,22,39,True,3,1998,2000,1.715733972443526e-22,106.60000610351562,108.62000274658203
W_N_0015,23,1,True,1,0,2,1.0,100.04499816894531,110.26000213623047
W_N_0015,23,1,True,2,2,4,2.511161256335586e-16,106.14500427246094,113.18000030517578
W_N_0015,23,1,True,3,4,6,1.521547744822381e-21,109.22999572753906,110.56999969482422
W_N_0015,23,7,True,1,0,2,1.0,106.69000244140625,115.36000061035156
W_N_0015,23,7,True,2,2,4,6.495981699276935e-18,83.97000122070312,85.08999633789062
W_N_0015,23,7,True,3,4,6,5.820524992195472e-23,93.81999969482422,100.26000213623047
W_N_0015,23,13,True,1,0,2,1.0,103.13999938964844,106.81999969482422
W_N_0015,23,13,True,2,2,4,2.0333076720816315e-14,101.41999816894531,110.05000305175781
W_N_0015,23,13,True,3,1998,2000,1.0284552034805776e-21,106.94499969482422,110.58999633789062
W_N_0015,23,16,True,1,0,2,1.0,79.30999755859375,92.27999877929688
W_N_0015,23,16,True,2,2,4,3.553388250310263e-09,101.44000244140625,109.37999725341797
W_N_0015,23,16,True,3,4,6,3.5701439227891e-15,111.99000549316406,123.37000274658203
W_N_0015,23,17,True,1,0,2,1.0,108.26499938964844,117.61000061035156
W_N_0015,23,17,True,2,2,4,5.2733875780998786e-17,98.67500305175781,102.41999816894531
W_N_0015,23,17,True,3,4,6,5.618260480543888e-20,108.11500549316406,115.2300033569336
W_N_0015,23,19,True,1,0,2,1.0,98.93000030517578,110.30999755859375
W_N_0015,23,19,True,2,2,4,2.6133646435040278e-14,105.01499938964844,111.37999725341797
W_N_0015,23,19,True,3,4,6,1.5475353157701396e-17,119.97999572753906,122.56999969482422
W_N_0015,23,24,True,1,0,2,1.0,87.65499877929688,92.2699966430664
W_N_0015,23,24,True,2,2,4,3.582794597025568e-13,93.2449951171875,101.20999908447266
W_N_0015,23,24,True,3,4,6,7.061034979566502e-19,93.43499755859375,96.04000091552734
W_N_0015,23,36,True,1,0,2,1.0,104.61000061035156,106.2699966430664
W_N_0015,23,36,True,2,2,4,1.0879111603549416e-14,97.125,100.86000061035156
W_N_0015,23,36,True,3,4,6,2.964129669897603e-20,97.83000183105469,101.91000366210938
W_N_0015,24,3,True,1,0,2,1.0,102.01499938964844,103.9000015258789
W_N_0015,24,3,True,2,2,4,6.295101430148914e-14,104.7449951171875,109.47000122070312
W_N_0015,24,3,True,3,4,6,1.0627586621719323e-21,112.68499755859375,122.37000274658203
W_N_0015,24,7,True,1,0,2,1.0,107.875,113.23999786376953
W_N_0015,24,7,True,2,2,4,1.1613341176281141e-17,109.26499938964844,119.48999786376953
W_N_0015,24,7,True,3,1998,2000,6.58699486948269e-23,99.3800048828125,100.9000015258789
W_N_0015,24,10,True,1,0,2,1.0,100.83499908447266,102.1500015258789
W_N_0015,24,10,True,2,2,4,1.9526454656684333e-16,95.97999572753906,97.06999969482422
W_N_0015,24,10,True,3,4,6,1.289912737552133e-21,105.96000671386719,109.01000213623047
W_N_0015,24,17,True,1,0,2,1.0,99.75999450683594,105.75
W_N_0015,24,17,True,2,2,4,2.805683643584706e-14,94.05500030517578,95.37999725341797
W_N_0015,24,17,True,3,4,6,6.150855064349904e-19,111.44999694824219,112.37999725341797
W_N_0015,24,37,True,1,0,2,1.0,94.19000244140625,98.55000305175781
W_N_0015,24,37,True,2,2,4,2.3399325012329886e-12,108.19000244140625,111.97000122070312
W_N_0015,24,37,True,3,4,6,5.397877916492167e-20,109.69999694824219,113.2300033569336
W_N_0015,24,40,True,1,0,2,1.0,101.81500244140625,105.23999786376953
W_N_0015,24,40,True,2,2,4,2.3846317393725345e-16,88.66999816894531,90.01000213623047
W_N_0015,24,40,True,3,4,6,9.285583013080069e-21,98.95999908447266,104.5199966430664
W_N_0015,25,3,True,1,0,2,1.0,109.02999877929688,110.87999725341797
W_N_0015,25,3,True,2,2,4,9.027593772030588e-17,97.7449951171875,101.69999694824219
W_N_0015,25,3,True,3,4,6,4.3295242387862044e-23,107.52999877929688,112.12000274658203
W_N_0015,25,28,True,1,0,2,1.0,99.19000244140625,110.06999969482422
W_N_0015,25,28,True,2,2,4,8.917188480130588e-15,99.83999633789062,103.23999786376953
W_N_0015,25,28,True,3,4,6,3.5093286424501105e-22,97.55000305175781,98.97000122070312
W_N_0015,25,36,True,1,0,2,1.0,93.25,96.0999984741211
W_N_0015,25,36,True,2,2,4,1.1152699645622529e-15,77.28500366210938,80.52999877929688
W_N_0015,25,36,True,3,4,6,1.0004634479024937e-19,88.17500305175781,89.05000305175781
W_N_0015,25,38,True,1,0,2,1.0,101.5,102.12999725341797
W_N_0015,25,38,True,2,2,4,3.300494054525127e-16,97.56999969482422,108.0199966430664
W_N_0015,25,38,True,3,4,6,2.1243124876169896e-23,99.69500732421875,102.16000366210938
W_N_0015,25,40,True,1,0,2,1.0,113.8499984741211,113.94999694824219
W_N_0015,25,40,True,2,2,4,3.3181696204310747e-15,105.875,106.7300033569336
W_N_0015,25,40,True,3,4,6,1.3192923978412495e-23,95.16499328613281,108.33999633789062
W_N_0015,26,2,True,1,0,2,1.0,132.70001220703125,138.57000732421875
W_N_0015,26,2,True,2,2,4,2.8934701312898247e-18,117.05000305175781,127.01000213623047
W_N_0015,26,2,True,3,1704,1706,1.0793725691526557e-26,95.15499877929688,99.56999969482422
W_N_0015,26,4,True,1,0,2,1.0,97.83499908447266,105.52999877929688
W_N_0015,26,4,True,2,2,4,1.2434899030605573e-12,98.03999328613281,102.48999786376953
W_N_0015,26,4,True,3,4,6,2.0812203355885323e-18,102.39500427246094,103.9800033569336
W_N_0015,26,13,True,1,0,2,1.0,114.03500366210938,117.73999786376953
W_N_0015,26,13,True,2,2,4,1.286590361429963e-14,116.06999969482422,118.33000183105469
W_N_0015,26,13,True,3,1998,2000,5.75752441460286e-22,94.76000213623047,105.61000061035156
W_N_0015,26,23,True,1,0,2,1.0,92.41000366210938,101.52999877929688
W_N_0015,26,23,True,2,2,4,3.7691102680332406e-16,92.0,103.1500015258789
W_N_0015,26,23,True,3,4,6,4.1996357032777957e-22,102.66000366210938,107.66999816894531
W_N_0015,26,24,True,1,0,2,1.0,96.93499755859375,102.7300033569336
W_N_0015,26,24,True,2,2,4,5.5836403412674006e-15,94.4749984741211,98.02999877929688
W_N_0015,26,24,True,3,4,6,4.990864200956429e-22,106.47999572753906,109.04000091552734
W_N_0015,26,32,True,1,0,2,1.0,103.38999938964844,112.73999786376953
W_N_0015,26,32,True,2,2,4,1.655291775501909e-14,109.48500061035156,114.80999755859375
W_N_0015,26,32,True,3,4,6,3.314770562206551e-20,106.93499755859375,108.62999725341797
W_N_0015,26,36,True,1,0,2,1.0,85.52999877929688,91.9000015258789
W_N_0015,26,36,True,2,2,4,1.9791762673193602e-10,102.77999877929688,105.44999694824219
W_N_0015,26,36,True,3,4,6,1.4505895825428023e-17,114.25,119.66000366210938
W_N_0015,27,11,True,1,0,2,1.0,114.11000061035156,116.47000122070312
W_N_0015,27,11,True,2,2,4,1.4500979063867007e-16,107.2550048828125,112.30000305175781
W_N_0015,27,11,True,3,500,502,1.5504472527927982e-26,105.55000305175781,111.95999908447266
W_N_0015,27,14,True,1,0,2,1.0,106.58999633789062,109.26000213623047
W_N_0015,27,14,True,2,2,4,3.2461626296069815e-14,113.62999725341797,114.98999786376953
W_N_0015,27,14,True,3,1998,2000,5.804551323073748e-26,106.41000366210938,115.62000274658203
W_N_0015,27,20,True,1,0,2,1.0,97.83499908447266,98.62999725341797
W_N_0015,27,20,True,2,2,4,2.905207865540983e-16,104.80500030517578,110.5999984741211
W_N_0015,27,20,True,3,4,6,1.5518476776217538e-21,102.08499908447266,108.11000061035156
W_N_0015,27,31,True,1,0,2,1.0,89.67500305175781,96.75
W_N_0015,27,31,True,2,2,4,1.6402414908071872e-13,106.13999938964844,112.56999969482422
W_N_0015,27,31,True,3,4,6,7.490508818668524e-24,104.35499572753906,112.6500015258789
W_N_0015,27,33,True,1,0,2,1.0,111.29000091552734,112.25
W_N_0015,27,33,True,2,2,4,2.110140810999625e-13,115.0,120.44000244140625
W_N_0015,27,33,True,3,1998,2000,8.616402783253906e-22,113.71499633789062,117.0
W_N_0015,28,15,True,1,0,2,1.0,108.27499389648438,110.44999694824219
W_N_0015,28,15,True,2,2,4,8.120825149660158e-17,95.77000427246094,97.11000061035156
W_N_0015,28,15,True,3,4,6,9.222687474289139e-26,90.44499969482422,94.97000122070312
W_N_0015,28,16,True,1,0,2,1.0,109.48999786376953,119.94999694824219
W_N_0015,28,16,True,2,2,4,1.6330887246906057e-18,90.19000244140625,99.41999816894531
W_N_0015,28,16,True,3,4,6,6.862755398398989e-23,97.3800048828125,98.91000366210938
W_N_0015,28,20,True,1,0,2,1.0,93.6300048828125,98.86000061035156
W_N_0015,28,20,True,2,2,4,2.1219411996823215e-14,86.43499755859375,93.94999694824219
W_N_0015,28,20,True,3,4,6,1.187039648518261e-16,112.60499572753906,115.02999877929688
W_N_0015,28,28,True,1,0,2,1.0,94.8499984741211,96.37999725341797
W_N_0015,28,28,True,2,2,4,8.977854050462586e-12,97.5050048828125,105.13999938964844
W_N_0015,28,28,True,3,4,6,1.1605667111545757e-19,92.41000366210938,102.69999694824219
W_N_0015,28,29,True,1,0,2,1.0,102.21000671386719,102.62000274658203
W_N_0015,28,29,True,2,2,4,7.701286732355382e-19,87.58000183105469,90.0
W_N_0015,28,29,True,3,4,6,5.039937660148418e-22,92.20999908447266,92.43000030517578
W_N_0015,28,30,True,1,0,2,1.0,92.13999938964844,99.19999694824219
W_N_0015,28,30,True,2,2,4,1.6022409093929824e-11,97.05000305175781,97.58999633789062
W_N_0015,28,30,True,3,4,6,1.697890984456199e-18,102.5999984741211,116.41999816894531
W_N_0015,28,41,True,1,0,2,1.0,91.45500183105469,100.37999725341797
W_N_0015,28,41,True,2,2,4,1.3996206401972397e-14,97.18000030517578,97.20999908447266
W_N_0015,28,41,True,3,4,6,1.9941574564670065e-19,107.5,110.61000061035156
W_N_0015,29,4,True,1,0,2,1.0,100.70500183105469,107.62000274658203
W_N_0015,29,4,True,2,2,4,7.173601439635475e-18,95.36500549316406,105.9000015258789
W_N_0015,29,4,True,3,4,6,8.571101720019556e-21,104.0250015258789,104.69000244140625
W_N_0015,29,13,True,1,0,2,1.0,87.0,95.58999633789062
W_N_0015,29,13,True,2,2,4,2.484056890237718e-15,79.47999572753906,80.69999694824219
W_N_0015,29,13,True,3,4,6,4.33516854588369e-19,89.03500366210938,95.54000091552734
W_N_0015,29,20,True,1,0,2,1.0,100.48500061035156,103.62000274658203
W_N_0015,29,20,True,2,2,4,3.5441044359246082e-15,97.30999755859375,98.1500015258789
W_N_0015,29,20,True,3,4,6,4.111910786033266e-21,100.45500183105469,104.44000244140625
W_N_0015,29,35,True,1,0,2,1.0,114.1199951171875,118.43000030517578
W_N_0015,29,35,True,2,2,4,3.6911994563466934e-20,103.86000061035156,107.70999908447266
W_N_0015,29,35,True,3,4,6,4.928892668748851e-25,110.61499786376953,120.05999755859375
W_N_0015,29,38,True,1,0,2,1.0,98.51499938964844,102.70999908447266
W_N_0015,29,38,True,2,2,4,1.399678640778303e-15,88.07499694824219,88.73999786376953
W_N_0015,29,38,True,3,4,6,1.0777136675942362e-20,104.36000061035156,107.93000030517578
W_N_0015,29,39,True,1,0,2,1.0,101.53999328613281,103.23999786376953
W_N_0015,29,39,True,2,2,4,6.0104001040495875e-15,105.68000030517578,108.77999877929688
W_N_0015,29,39,True,3,4,6,2.3222414752692865e-23,93.37000274658203,101.94000244140625
W_N_0015,30,10,True,1,0,2,1.0,98.35499572753906,102.8499984741211
W_N_0015,30,10,True,2,2,4,2.643362438659036e-11,106.38499450683594,110.56999969482422
W_N_0015,30,10,True,3,4,6,5.888486936902072e-22,94.61500549316406,96.44000244140625
W_N_0015,30,20,True,1,0,2,1.0,98.5999984741211,100.23999786376953
W_N_0015,30,20,True,2,2,4,1.7874262047681486e-14,104.35000610351562,104.97000122070312
W_N_0015,30,20,True,3,4,6,6.650088595770991e-23,97.49500274658203,102.83000183105469
W_N_0015,30,33,True,1,0,2,1.0,106.51499938964844,108.7699966430664
W_N_0015,30,33,True,2,2,4,3.159862169556209e-14,103.19499969482422,105.8499984741211
W_N_0015,30,33,True,3,4,6,2.681779347864419e-23,89.64500427246094,90.01000213623047
W_N_0015,30,35,True,1,0,2,1.0,107.875,115.51000213623047
W_N_0015,30,35,True,2,2,4,6.8130822142797505e-18,94.7449951171875,97.16999816894531
W_N_0015,30,35,True,3,4,6,1.95245125080554e-24,101.58999633789062,105.48999786376953
W_N_0015,30,37,True,1,0,2,1.0,102.93499755859375,104.91999816894531
W_N_0015,30,37,True,2,2,4,3.462375073876988e-15,102.28500366210938,104.45999908447266
W_N_0015,30,37,True,3,4,6,2.8458412784141745e-18,126.2750015258789,127.05000305175781
W_N_0015,31,2,True,1,0,2,1.0,95.55500030517578,101.23999786376953
W_N_0015,31,2,True,2,2,4,1.1100287152670564e-14,89.99000549316406,91.56999969482422
W_N_0015,31,2,True,3,4,6,2.3478740001638828e-18,104.3800048828125,114.0
W_N_0015,31,6,True,1,0,2,1.0,94.58000183105469,98.0
W_N_0015,31,6,True,2,2,4,2.2038282792647204e-14,95.01000213623047,97.2300033569336
W_N_0015,31,6,True,3,4,6,1.7120874458697462e-20,97.33999633789062,102.26000213623047
W_N_0015,31,11,True,1,0,2,1.0,94.81500244140625,96.11000061035156
W_N_0015,31,11,True,2,2,4,2.1777030726659666e-15,98.7449951171875,107.37999725341797
W_N_0015,31,11,True,3,4,6,5.882803351852136e-23,109.45500183105469,117.75
W_N_0015,31,19,True,1,0,2,1.0,105.02999877929688,107.18000030517578
W_N_0015,31,19,True,2,2,4,2.9345493727074914e-14,112.55000305175781,115.08000183105469
W_N_0015,31,19,True,3,4,6,7.270395547748474e-22,103.24000549316406,113.01000213623047
W_N_0015,31,32,True,1,0,2,1.0,105.30500030517578,111.19999694824219
W_N_0015,31,32,True,2,2,4,7.311109827083922e-15,96.54000091552734,107.91999816894531
W_N_0015,31,32,True,3,4,6,3.767792342101269e-21,92.65499877929688,94.18000030517578
W_N_0015,32,2,True,1,0,2,1.0,107.33499908447266,110.58000183105469
W_N_0015,32,2,True,2,2,4,6.328038136896308e-14,117.52499389648438,118.37999725341797
W_N_0015,32,2,True,3,1998,2000,8.704848100898858e-21,97.875,99.75
W_N_0015,32,5,True,1,0,2,1.0,92.52999877929688,95.70999908447266
W_N_0015,32,5,True,2,2,4,1.4815690449650198e-13,102.62000274658203,109.62000274658203
W_N_0015,32,5,True,3,4,6,4.0216257185395935e-21,103.30500030517578,106.44999694824219
W_N_0015,32,11,True,1,0,2,1.0,116.09500122070312,117.5
W_N_0015,32,11,True,2,2,4,6.566667922214286e-17,95.28999328613281,95.94999694824219
W_N_0015,32,11,True,3,4,6,9.322129613532637e-23,98.43499755859375,104.02999877929688
W_N_0015,32,12,True,1,0,2,1.0,110.56999969482422,112.58999633789062
W_N_0015,32,12,True,2,2,4,1.446319980623269e-15,100.6300048828125,107.27999877929688
W_N_0015,32,12,True,3,4,6,6.132384048570174e-22,98.43000030517578,105.1500015258789
W_N_0015,32,13,True,1,0,2,1.0,101.8949966430664,101.94999694824219
W_N_0015,32,13,True,2,2,4,1.4378529863429558e-16,90.54000091552734,92.01000213623047
W_N_0015,32,13,True,3,4,6,2.4474680952633287e-22,83.43499755859375,89.7699966430664
W_N_0015,32,19,True,1,0,2,1.0,104.80500030517578,107.27999877929688
W_N_0015,32,19,True,2,2,4,1.3844435885516319e-15,106.92999267578125,116.0199966430664
W_N_0015,32,19,True,3,4,6,9.869855303778035e-24,98.23999786376953,104.88999938964844
W_N_0015,32,34,True,1,0,2,1.0,102.45500183105469,107.58000183105469
W_N_0015,32,34,True,2,2,4,6.7560766653189646e-15,118.5050048828125,118.91000366210938
W_N_0015,32,34,True,3,1998,2000,2.0565188414541372e-25,101.30000305175781,112.4800033569336
W_N_0015,32,37,True,1,0,2,1.0,101.90499877929688,109.97000122070312
W_N_0015,32,37,True,2,2,4,1.1016257249138201e-14,101.56500244140625,104.70999908447266
W_N_0015,32,37,True,3,4,6,5.1568643047406375e-20,112.79499816894531,122.94999694824219
W_N_0015,32,39,True,1,0,2,1.0,106.88999938964844,109.94000244140625
W_N_0015,32,39,True,2,2,4,4.28809602366877e-19,88.72500610351562,93.30000305175781
W_N_0015,32,39,True,3,4,6,6.122564055586493e-23,87.74500274658203,93.19000244140625
W_N_0015,33,4,True,1,0,2,1.0,113.86500549316406,116.62000274658203
W_N_0015,33,4,True,2,2,4,3.419542947074943e-16,111.1300048828125,113.93000030517578
W_N_0015,33,4,True,3,4,6,1.252493139445636e-22,107.93499755859375,114.0999984741211
W_N_0015,33,6,True,1,0,2,1.0,101.53500366210938,105.4800033569336
W_N_0015,33,6,True,2,2,4,5.823444591129823e-12,107.19999694824219,107.6500015258789
W_N_0015,33,6,True,3,4,6,2.232336876021291e-19,103.26499938964844,106.23999786376953
W_N_0015,33,9,True,1,0,2,1.0,105.83999633789062,105.91999816894531
W_N_0015,33,9,True,2,2,4,5.978712533730168e-13,98.30999755859375,110.12999725341797
W_N_0015,33,9,True,3,4,6,1.3341362357226123e-23,95.125,97.26000213623047
W_N_0015,33,15,True,1,0,2,1.0,84.50499725341797,96.69999694824219
W_N_0015,33,15,True,2,2,4,1.4078343525680825e-11,85.03500366210938,86.68000030517578
W_N_0015,33,15,True,3,4,6,1.1176635737920751e-15,99.45500183105469,106.37999725341797
W_N_0015,33,25,True,1,0,2,1.0,103.02000427246094,111.95999908447266
W_N_0015,33,25,True,2,2,4,1.2087273659733798e-14,100.7300033569336,105.91000366210938
W_N_0015,33,25,True,3,4,6,1.1599391028847127e-25,85.10499572753906,93.3499984741211
W_N_0015,33,30,True,1,0,2,1.0,100.99500274658203,112.91000366210938
W_N_0015,33,30,True,2,2,4,1.4370977823550957e-14,105.19000244140625,106.87999725341797
W_N_0015,33,30,True,3,4,6,7.085729595665263e-25,86.23999786376953,90.08999633789062
W_N_0015,33,31,True,1,0,2,1.0,112.55499267578125,113.83999633789062
W_N_0015,33,31,True,2,2,4,4.4448573376594094e-17,96.69000244140625,99.7300033569336
W_N_0015,33,31,True,3,4,6,5.499886229490022e-22,98.625,105.16999816894531
W_N_0015,33,37,True,1,0,2,1.0,97.11499786376953,102.44999694824219
W_N_0015,33,37,True,2,2,4,1.9648492834384128e-14,96.80500030517578,103.37000274658203
W_N_0015,33,37,True,3,4,6,2.267350324673474e-21,93.73500061035156,94.0199966430664
W_N_0015,34,11,True,1,0,2,1.0,106.66999816894531,108.5
W_N_0015,34,11,True,2,2,4,1.9462563887915227e-17,103.38499450683594,108.68000030517578
W_N_0015,34,11,True,3,4,6,8.482231301009999e-23,119.63500213623047,134.86000061035156
W_N_0015,34,14,True,1,0,2,1.0,100.58000183105469,103.98999786376953
W_N_0015,34,14,True,2,2,4,1.4988260707159053e-15,99.06500244140625,100.66999816894531
W_N_0015,34,14,True,3,4,6,1.2444016984774755e-22,109.16999816894531,120.88999938964844
W_N_0015,34,15,True,1,0,2,1.0,99.80999755859375,107.11000061035156
W_N_0015,34,15,True,2,2,4,1.112045627769411e-15,103.30500030517578,109.68000030517578
W_N_0015,34,15,True,3,4,6,1.2667235058389879e-25,104.83999633789062,110.69000244140625
W_N_0015,34,19,True,1,0,2,1.0,100.95500183105469,103.5199966430664
W_N_0015,34,19,True,2,2,4,5.214727955005216e-12,95.44999694824219,97.98999786376953
W_N_0015,34,19,True,3,4,6,2.0124379929080635e-18,96.13500213623047,115.05000305175781
W_N_0015,34,31,True,1,0,2,1.0,105.44500732421875,108.66000366210938
W_N_0015,34,31,True,2,2,4,4.3071175381627943e-17,93.33999633789062,104.01000213623047
W_N_0015,34,31,True,3,4,6,5.7893428983338956e-24,84.83999633789062,88.91999816894531
W_N_0015,34,32,True,1,0,2,1.0,101.69499969482422,111.63999938964844
W_N_0015,34,32,True,2,2,4,4.1710678340937477e-17,99.61499786376953,102.94999694824219
W_N_0015,34,32,True,3,4,6,6.7256617734137516e-21,111.75999450683594,112.5199966430664
W_N_0015,34,34,True,1,0,2,1.0,90.58999633789062,92.80999755859375
W_N_0015,34,34,True,2,2,4,4.67060201278513e-12,106.70999908447266,112.33999633789062
W_N_0015,34,34,True,3,4,6,8.47855200326095e-21,114.41500091552734,115.4000015258789
W_N_0015,34,38,True,1,0,2,1.0,113.52999877929688,125.62000274658203
W_N_0015,34,38,True,2,2,4,2.8393272310903194e-16,105.41499328613281,107.05999755859375
W_N_0015,34,38,True,3,1998,2000,1.5305818808831678e-22,107.03500366210938,112.68000030517578
W_N_0015,35,5,True,1,0,2,1.0,101.86499786376953,115.87999725341797
W_N_0015,35,5,True,2,2,4,3.567625270320439e-15,94.09500122070312,97.80000305175781
W_N_0015,35,5,True,3,4,6,2.0422653761642956e-19,120.61499786376953,131.89999389648438
W_N_0015,35,21,True,1,0,2,1.0,108.97999572753906,112.87000274658203
W_N_0015,35,21,True,2,2,4,4.627583520205843e-17,113.05500030517578,125.3499984741211
W_N_0015,35,21,True,3,4,6,4.240201834032391e-22,103.91499328613281,107.69999694824219
W_N_0015,35,27,True,1,0,2,1.0,106.14999389648438,109.44999694824219
W_N_0015,35,27,True,2,2,4,4.3709788460672035e-15,102.20999908447266,103.98999786376953
W_N_0015,35,27,True,3,4,6,8.22067731638655e-20,105.52999877929688,108.87999725341797
W_N_0015,35,31,True,1,0,2,1.0,108.71000671386719,121.19000244140625
W_N_0015,35,31,True,2,2,4,3.4807776719843656e-18,100.59500122070312,111.08000183105469
W_N_0015,35,31,True,3,4,6,1.9595633051826505e-23,103.8699951171875,111.86000061035156
W_N_0015,36,7,True,1,0,2,1.0,100.98500061035156,106.61000061035156
W_N_0015,36,7,True,2,2,4,1.2541709800551045e-15,99.31999969482422,112.9000015258789
W_N_0015,36,7,True,3,4,6,8.512125519490373e-21,103.06500244140625,110.69000244140625
W_N_0015,36,8,True,1,0,2,1.0,95.37999725341797,107.73999786376953
W_N_0015,36,8,True,2,2,4,1.762516998668473e-13,110.43499755859375,113.2699966430664
W_N_0015,36,8,True,3,1998,2000,1.6400893113809778e-23,94.80999755859375,96.98999786376953
W_N_0015,36,11,True,1,0,2,1.0,103.59500122070312,108.25
W_N_0015,36,11,True,2,2,4,8.17438547813477e-15,110.69999694824219,118.08999633789062
W_N_0015,36,11,True,3,4,6,3.402370210863687e-22,114.45999908447266,117.5999984741211
W_N_0015,36,15,True,1,0,2,1.0,89.85499572753906,90.2699966430664
W_N_0015,36,15,True,2,2,4,1.4605746980926116e-15,85.46499633789062,93.20999908447266
W_N_0015,36,15,True,3,4,6,4.0401300234922174e-18,114.89999389648438,119.8499984741211
W_N_0015,36,23,True,1,0,2,1.0,94.66499328613281,99.5199966430664
W_N_0015,36,23,True,2,2,4,2.4972564164130184e-13,103.18499755859375,115.33999633789062
W_N_0015,36,23,True,3,4,6,1.0563240815402255e-21,112.6050033569336,119.9800033569336
W_N_0015,36,27,True,1,0,2,1.0,119.43499755859375,127.95999908447266
W_N_0015,36,27,True,2,2,4,3.0930092560947665e-19,97.55999755859375,98.0
W_N_0015,36,27,True,3,4,6,1.0453076737086939e-23,94.16500091552734,95.13999938964844
W_N_0015,36,28,True,1,0,2,1.0,98.625,103.51000213623047
W_N_0015,36,28,True,2,2,4,3.4042127095208242e-15,92.55499267578125,102.5199966430664
W_N_0015,36,28,True,3,4,6,4.35661649906188e-21,110.88499450683594,119.33999633789062
W_N_0015,37,7,True,1,0,2,1.0,108.83499908447266,111.1500015258789
W_N_0015,37,7,True,2,2,4,6.603922151770205e-17,112.03500366210938,115.62999725341797
W_N_0015,37,7,True,3,1998,2000,3.304638122875329e-24,82.30999755859375,82.33000183105469
W_N_0015,37,8,True,1,0,2,1.0,96.40499877929688,103.30000305175781
W_N_0015,37,8,True,2,2,4,6.903481997481368e-15,86.97999572753906,87.37999725341797
W_N_0015,37,8,True,3,4,6,6.254420972173687e-18,97.50499725341797,103.0199966430664
W_N_0015,37,14,True,1,0,2,1.0,95.2249984741211,100.18000030517578
W_N_0015,37,14,True,2,2,4,3.9872109520305843e-13,107.30999755859375,113.41000366210938
W_N_0015,37,14,True,3,1998,2000,3.936385321871501e-21,84.41000366210938,86.9800033569336
W_N_0015,37,30,True,1,0,2,1.0,91.39500427246094,103.55000305175781
W_N_0015,37,30,True,2,2,4,7.2575196720381374e-12,107.59500122070312,123.44999694824219
W_N_0015,37,30,True,3,4,6,4.2893676846135995e-21,95.67500305175781,97.31999969482422
W_N_0015,37,32,True,1,0,2,1.0,110.3499984741211,116.86000061035156
W_N_0015,37,32,True,2,2,4,9.758619436021879e-18,95.61500549316406,108.4000015258789
W_N_0015,37,32,True,3,4,6,6.445578831839727e-25,94.79000091552734,98.41000366210938
W_N_0015,38,10,True,1,0,2,1.0,108.44499969482422,110.54000091552734
W_N_0015,38,10,True,2,2,4,4.1814069300061705e-17,89.13999938964844,95.8499984741211
W_N_0015,38,10,True,3,4,6,9.605845697393007e-21,110.91000366210938,117.97000122070312
W_N_0015,38,13,True,1,0,2,1.0,97.28500366210938,98.56999969482422
W_N_0015,38,13,True,2,2,4,2.9298611300477336e-15,100.72000122070312,106.12000274658203
W_N_0015,38,13,True,3,4,6,1.4074332719747716e-20,92.6500015258789,102.6500015258789
W_N_0015,38,33,True,1,0,2,1.0,96.68000030517578,99.75
W_N_0015,38,33,True,2,2,4,4.501976726524817e-15,95.13499450683594,99.70999908447266
W_N_0015,38,33,True,3,4,6,2.5792649552260977e-18,117.24500274658203,120.76000213623047
W_N_0015,39,7,True,1,0,2,1.0,112.9749984741211,113.73999786376953
W_N_0015,39,7,True,2,2,4,4.403559518397087e-17,96.70500183105469,98.29000091552734
W_N_0015,39,7,True,3,4,6,6.273976124468441e-23,91.68499755859375,94.51000213623047
W_N_0015,39,24,True,1,0,2,1.0,98.9000015258789,101.63999938964844
W_N_0015,39,24,True,2,2,4,6.570931144916936e-16,101.2249984741211,110.02999877929688
W_N_0015,39,24,True,3,4,6,2.2800122363998677e-22,88.31999969482422,90.18000030517578
W_N_0015,39,26,True,1,0,2,1.0,93.33000183105469,102.88999938964844
W_N_0015,39,26,True,2,2,4,1.6461422950122574e-14,83.22999572753906,84.69999694824219
W_N_0015,39,26,True,3,4,6,4.63197620081026e-19,97.57499694824219,108.18000030517578
W_N_0015,39,32,True,1,0,2,1.0,89.86000061035156,94.91999816894531
W_N_0015,39,32,True,2,2,4,7.3931481867507e-14,91.7750015258789,95.37000274658203
W_N_0015,39,32,True,3,4,6,1.4608836798299022e-19,97.63499450683594,98.06999969482422
W_N_0015,40,8,True,1,0,2,1.0,103.90499877929688,109.62000274658203
W_N_0015,40,8,True,2,2,4,4.602398242245856e-14,103.21499633789062,116.29000091552734
W_N_0015,40,8,True,3,4,6,4.0176062387246645e-22,106.60499572753906,110.01000213623047
W_N_0015,40,21,True,1,0,2,1.0,106.01499938964844,106.48999786376953
W_N_0015,40,21,True,2,2,4,9.504285650597383e-16,107.74000549316406,112.69000244140625
W_N_0015,40,21,True,3,4,6,1.3025195978313951e-24,96.23500061035156,106.19000244140625
W_N_0015,40,27,True,1,0,2,1.0,82.56999969482422,85.75
W_N_0015,40,27,True,2,2,4,1.4718851137907052e-10,106.58000183105469,107.97000122070312
W_N_0015,40,27,True,3,4,6,1.3520600730922386e-20,101.95999908447266,106.83999633789062
W_N_0015,40,28,True,1,0,2,1.0,118.04499816894531,128.1300048828125
W_N_0015,40,28,True,2,2,4,4.0811588927331865e-20,99.83999633789062,107.86000061035156
W_N_0015,40,28,True,3,1998,2000,1.3034129951325096e-26,99.84500122070312,110.66000366210938
W_N_0015,40,32,True,1,0,2,1.0,98.67500305175781,106.44000244140625
W_N_0015,40,32,True,2,2,4,1.9728320607465162e-15,100.21499633789062,106.87999725341797
W_N_0015,40,32,True,3,4,6,1.720251977009586e-19,103.60499572753906,108.02999877929688
W_N_0015,41,13,True,1,0,2,1.0,107.52000427246094,109.7300033569336
W_N_0015,41,13,True,2,2,4,3.517445926794351e-17,92.6300048828125,113.68000030517578
W_N_0015,41,13,True,3,4,6,1.0945061287315302e-19,106.69499969482422,118.25
W_N_0015,41,15,True,1,0,2,1.0,111.63499450683594,114.23999786376953
W_N_0015,41,15,True,2,2,4,2.9037659242971803e-17,96.84500122070312,97.16000366210938
W_N_0015,41,15,True,3,4,6,1.60760815293512e-21,105.2750015258789,117.22000122070312
W_N_0015,41,24,True,1,0,2,1.0,88.01499938964844,98.08000183105469
W_N_0015,41,24,True,2,2,4,4.6559391948418e-14,83.11000061035156,90.41000366210938
W_N_0015,41,24,True,3,4,6,2.886358084081882e-19,95.5,96.76000213623047
W_N_0015,41,25,True,1,0,2,1.0,107.51499938964844,120.08999633789062
W_N_0015,41,25,True,2,2,4,1.0600232695902732e-18,90.1500015258789,98.66000366210938
W_N_0015,41,25,True,3,4,6,2.3443431490230447e-22,106.44000244140625,110.93000030517578
W_N_0015,41,28,True,1,0,2,1.0,107.27499389648438,116.94999694824219
W_N_0015,41,28,True,2,2,4,3.3747149194815912e-18,90.48500061035156,95.44999694824219
W_N_0015,41,28,True,3,4,6,7.278400490118377e-26,85.48500061035156,103.72000122070312
W_N_0015,42,12,True,1,0,2,1.0,101.54499816894531,115.62000274658203
W_N_0015,42,12,True,2,2,4,1.3123710451701243e-11,107.52000427246094,112.6500015258789
W_N_0015,42,12,True,3,4,6,1.0389084561336464e-21,93.80500030517578,94.6500015258789
W_N_0015,42,16,True,1,0,2,1.0,99.07499694824219,101.68000030517578
W_N_0015,42,16,True,2,2,4,7.0425686190687866e-15,95.27000427246094,102.55999755859375
W_N_0015,42,16,True,3,4,6,9.867380173801814e-22,90.33499908447266,96.08999633789062
W_N_0015,42,25,True,1,0,2,1.0,104.61000061035156,105.30999755859375
W_N_0015,42,25,True,2,2,4,4.164700539727867e-13,106.93499755859375,116.04000091552734
W_N_0015,42,25,True,3,4,6,4.1155939965324045e-23,94.1500015258789,96.62000274658203
W_N_0015,42,26,True,1,0,2,1.0,102.34500122070312,108.94000244140625
W_N_0015,42,26,True,2,2,4,5.103101609631091e-15,106.0,107.18000030517578
W_N_0015,42,26,True,3,4,6,2.3722532697168936e-26,92.77999877929688,93.8499984741211
W_N_0015,42,27,True,1,0,2,1.0,112.79000091552734,123.76000213623047
W_N_0015,42,27,True,2,2,4,5.5042689071867e-16,112.53500366210938,119.87999725341797
W_N_0015,42,27,True,3,1998,2000,5.903868462376434e-23,88.59500122070312,89.62999725341797
W_N_0015,42,28,True,1,0,2,1.0,84.79499816894531,96.16999816894531
W_N_0015,42,28,True,2,2,4,4.1601870738464455e-15,83.30500030517578,95.08000183105469
W_N_0015,42,28,True,3,4,6,5.818940985347182e-18,100.02999877929688,105.16000366210938
W_N_0015,43,13,True,1,0,2,1.0,86.5,88.08999633789062
W_N_0015,43,13,True,2,2,4,7.883460594396152e-13,85.08999633789062,90.19999694824219
W_N_0015,43,13,True,3,4,6,1.2066241793603165e-18,89.70500183105469,90.45999908447266
W_N_0015,43,14,True,1,0,2,1.0,95.2750015258789,98.81999969482422
W_N_0015,43,14,True,2,2,4,8.315978893729589e-16,91.40499877929688,92.70999908447266
W_N_0015,43,14,True,3,4,6,8.568944103402243e-21,97.55500030517578,99.08000183105469
W_N_0015,43,15,True,1,0,2,1.0,78.68499755859375,88.1500015258789
W_N_0015,43,15,True,2,2,4,6.110464998571041e-12,74.16999816894531,79.2300033569336
W_N_0015,43,15,True,3,4,6,3.6380578598296472e-16,87.19499969482422,88.08000183105469
W_N_0015,43,22,True,1,0,2,1.0,104.11500549316406,111.72000122070312
W_N_0015,43,22,True,2,2,4,5.543689191894649e-18,88.11000061035156,90.62000274658203
W_N_0015,43,22,True,3,4,6,7.135218766410502e-21,89.24000549316406,96.6500015258789
W_N_0015,43,23,True,1,0,2,1.0,96.5,103.6500015258789
W_N_0015,43,23,True,2,2,4,6.481366008129208e-14,95.23500061035156,96.83000183105469
W_N_0015,43,23,True,3,4,6,1.339728474213821e-19,110.41000366210938,126.98999786376953
W_N_0015,43,25,True,1,0,2,1.0,105.67500305175781,115.63999938964844
W_N_0015,43,25,True,2,2,4,2.946853669760839e-15,101.30000305175781,108.62999725341797
W_N_0015,43,25,True,3,4,6,6.637467452376179e-23,108.23500061035156,121.1500015258789
W_N_0015,43,26,True,1,0,2,1.0,85.95999908447266,96.70999908447266
W_N_0015,43,26,True,2,2,4,9.11809486963712e-14,84.05999755859375,88.88999938964844
W_N_0015,43,26,True,3,4,6,4.040151493792197e-15,106.71000671386719,114.2300033569336
W_N_0015,44,21,True,1,0,2,1.0,91.01499938964844,94.19000244140625
W_N_0015,44,21,True,2,2,4,1.0912185831389752e-16,102.52999877929688,108.56999969482422
W_N_0015,44,21,True,3,4,6,6.591494532086071e-23,101.98500061035156,103.75
W_N_0066,0,18,True,1,0,2,1.0,86.46499633789062,90.6500015258789
W_N_0066,0,18,True,2,2,4,4.040126740101346e-12,112.19999694824219,112.43000030517578
W_N_0066,0,18,True,3,4,6,1.5008051900558972e-23,91.7550048828125,98.87000274658203
W_N_0066,0,19,True,1,0,2,1.0,107.01000213623047,114.04000091552734
W_N_0066,0,19,True,2,2,4,2.9227680414058404e-18,97.68499755859375,97.9000015258789
W_N_0066,0,19,True,3,4,6,9.204907289042556e-25,104.5250015258789,118.29000091552734
W_N_0066,2,10,True,1,0,2,1.0,87.2449951171875,90.47000122070312
W_N_0066,2,10,True,2,2,4,2.4140257934984755e-12,97.93499755859375,110.97000122070312
W_N_0066,2,10,True,3,4,6,6.095500137757855e-18,114.39999389648438,118.98999786376953
W_N_0066,2,11,True,1,0,2,1.0,107.44999694824219,114.33999633789062
W_N_0066,2,11,True,2,2,4,2.1539561466476676e-17,90.0250015258789,103.16000366210938
W_N_0066,2,11,True,3,4,6,1.903206678216878e-21,95.91999816894531,106.52999877929688
W_N_0066,2,13,True,1,0,2,1.0,94.47999572753906,100.70999908447266
W_N_0066,2,13,True,2,2,4,3.82565317315689e-13,112.31999969482422,114.38999938964844
W_N_0066,2,13,True,3,4,6,9.521021516360283e-22,100.625,109.5
W_N_0066,2,20,True,1,0,2,1.0,109.30500030517578,110.05000305175781
W_N_0066,2,20,True,2,2,4,1.0083501735355348e-16,100.375,101.88999938964844
W_N_0066,2,20,True,3,4,6,2.431083416396565e-21,98.34500122070312,110.61000061035156
W_N_0066,2,22,True,1,0,2,1.0,133.989990234375,136.2899932861328
W_N_0066,2,22,True,2,2,4,5.830575206345732e-21,105.86000061035156,108.26000213623047
W_N_0066,2,22,True,3,4,6,2.716245311902249e-26,98.32499694824219,105.95999908447266
W_N_0066,2,26,True,1,0,2,1.0,102.19499969482422,111.88999938964844
W_N_0066,2,26,True,2,2,4,4.0157533873728946e-14,93.81500244140625,97.4800033569336
W_N_0066,2,26,True,3,4,6,5.911829949554512e-21,98.50499725341797,105.48999786376953
W_N_0066,3,12,True,1,0,2,1.0,99.71499633789062,100.43000030517578
W_N_0066,3,12,True,2,2,4,9.634788016780853e-16,97.43499755859375,110.12000274658203
W_N_0066,3,12,True,3,4,6,1.8932689335435966e-24,92.88500213623047,96.6500015258789
W_N_0066,3,19,True,1,0,2,1.0,99.51499938964844,100.1500015258789
W_N_0066,3,19,True,2,2,4,1.973601810407663e-13,113.17500305175781,115.22000122070312
W_N_0066,3,19,True,3,4,6,1.6227598560909753e-20,105.3699951171875,112.62999725341797
W_N_0066,3,22,True,1,0,2,1.0,95.27999877929688,96.11000061035156
W_N_0066,3,22,True,2,2,4,9.99215494417241e-14,98.70999908447266,110.48999786376953
W_N_0066,3,22,True,3,4,6,5.295245360820615e-22,91.23500061035156,99.73999786376953
W_N_0066,3,23,True,1,0,2,1.0,106.21000671386719,121.9800033569336
W_N_0066,3,23,True,2,2,4,2.34257925557646e-13,112.32499694824219,115.48999786376953
W_N_0066,3,23,True,3,4,6,8.88279795550342e-22,111.35000610351562,111.91000366210938
W_N_0066,4,27,True,1,0,2,1.0,105.53500366210938,117.68000030517578
W_N_0066,4,27,True,2,2,4,2.985547947971318e-17,95.46499633789062,101.01000213623047
W_N_0066,4,27,True,3,4,6,1.2672461754925033e-24,93.02499389648438,93.98999786376953
W_N_0066,5,25,True,1,0,2,1.0,94.06999969482422,100.94999694824219
W_N_0066,5,25,True,2,2,4,1.67079332546961e-14,109.41500091552734,116.77999877929688
W_N_0066,5,25,True,3,4,6,2.81580172750863e-24,90.00999450683594,91.27999877929688
W_N_0066,6,12,True,1,0,2,1.0,90.56500244140625,93.51000213623047
W_N_0066,6,12,True,2,2,4,2.0887189547402762e-12,98.85000610351562,112.44000244140625
W_N_0066,6,12,True,3,4,6,1.812066561232593e-21,99.86500549316406,101.0
W_N_0066,6,14,True,1,0,2,1.0,99.83000183105469,106.19999694824219
W_N_0066,6,14,True,2,2,4,8.430711624017552e-16,102.69000244140625,107.6500015258789
W_N_0066,6,14,True,3,4,6,8.370704615048941e-20,114.5199966430664,120.2699966430664
W_N_0066,6,25,True,1,0,2,1.0,99.36500549316406,107.19000244140625
W_N_0066,6,25,True,2,2,4,2.5164656413490883e-15,108.97000122070312,111.16000366210938
W_N_0066,6,25,True,3,4,6,2.930005475744883e-23,114.96000671386719,115.66000366210938
W_N_0066,6,29,True,1,0,2,1.0,97.91000366210938,101.62999725341797
W_N_0066,6,29,True,2,2,4,6.081739251746418e-14,101.05999755859375,116.0999984741211
W_N_0066,6,29,True,3,4,6,2.176303661326949e-19,107.74000549316406,113.11000061035156
W_N_0066,6,30,True,1,0,2,1.0,108.1500015258789,115.19000244140625
W_N_0066,6,30,True,2,2,4,8.317882070882951e-16,100.94999694824219,109.63999938964844
W_N_0066,6,30,True,3,4,6,2.353294259051279e-22,108.02999877929688,112.4000015258789
W_N_0066,6,31,True,1,0,2,1.0,114.79499816894531,123.80999755859375
W_N_0066,6,31,True,2,2,4,1.4347033472681498e-15,104.39999389648438,104.41999816894531
W_N_0066,6,31,True,3,4,6,1.0904948096511113e-23,100.78500366210938,102.80999755859375
W_N_0066,7,6,True,1,0,2,1.0,97.26000213623047,99.47000122070312
W_N_0066,7,6,True,2,2,4,1.7203530326310459e-16,88.52999877929688,95.44999694824219
W_N_0066,7,6,True,3,4,6,4.983216415361365e-22,92.69000244140625,94.06999969482422
W_N_0066,7,8,True,1,0,2,1.0,102.58999633789062,108.30000305175781
W_N_0066,7,8,True,2,2,4,2.297375699102317e-16,96.3699951171875,100.6500015258789
W_N_0066,7,8,True,3,4,6,1.2090557317008787e-20,111.6199951171875,115.47000122070312
W_N_0066,7,19,True,1,0,2,1.0,104.375,109.19000244140625
W_N_0066,7,19,True,2,2,4,5.361605794858618e-16,114.55999755859375,114.80999755859375
W_N_0066,7,19,True,3,4,6,9.508561742352243e-24,109.66000366210938,116.2300033569336
W_N_0066,7,22,True,1,0,2,1.0,105.79499816894531,107.27999877929688
W_N_0066,7,22,True,2,2,4,2.0041335131483374e-18,91.78500366210938,92.08000183105469
W_N_0066,7,22,True,3,4,6,1.4369329842718882e-22,104.19999694824219,104.33999633789062
W_N_0066,7,30,True,1,0,2,1.0,110.54000091552734,119.33000183105469
W_N_0066,7,30,True,2,2,4,1.8607341852596652e-16,101.8499984741211,105.77999877929688
W_N_0066,7,30,True,3,4,6,7.755897404402977e-24,88.56999969482422,89.31999969482422
W_N_0066,8,6,True,1,0,2,1.0,102.61000061035156,106.62000274658203
W_N_0066,8,6,True,2,2,4,1.695879603806909e-16,100.9749984741211,111.86000061035156
W_N_0066,8,6,True,3,4,6,2.5282050427956957e-22,95.78500366210938,98.16000366210938
W_N_0066,8,7,True,1,0,2,1.0,104.20500183105469,105.91999816894531
W_N_0066,8,7,True,2,2,4,2.8005402901223886e-14,108.78500366210938,109.9800033569336
W_N_0066,8,7,True,3,4,6,2.7827276044715316e-19,113.65499877929688,117.8499984741211
W_N_0066,8,14,True,1,0,2,1.0,101.19499969482422,113.45999908447266
W_N_0066,8,14,True,2,2,4,9.921351968331191e-15,97.58499908447266,100.25
W_N_0066,8,14,True,3,4,6,3.6320619232863193e-19,116.8499984741211,117.0
W_N_0066,8,22,True,1,0,2,1.0,110.01499938964844,123.66000366210938
W_N_0066,8,22,True,2,2,4,2.2992082019441422e-16,101.88500213623047,105.54000091552734
W_N_0066,8,22,True,3,4,6,2.4658052458912817e-24,94.89500427246094,100.45999908447266
W_N_0066,8,32,True,1,0,2,1.0,97.125,103.87000274658203
W_N_0066,8,32,True,2,2,4,2.530994416328515e-14,96.73500061035156,102.33999633789062
W_N_0066,8,32,True,3,4,6,2.7690992868918376e-19,100.3499984741211,102.20999908447266
W_N_0066,9,4,True,1,0,2,1.0,109.98500061035156,111.27999877929688
W_N_0066,9,4,True,2,2,4,3.9681490345943714e-15,110.76499938964844,116.76000213623047
W_N_0066,9,4,True,3,4,6,2.2998281348978272e-26,88.55999755859375,97.73999786376953
W_N_0066,9,5,True,1,0,2,1.0,116.44499969482422,124.73999786376953
W_N_0066,9,5,True,2,2,4,5.670606408410804e-19,96.79499816894531,100.22000122070312
W_N_0066,9,5,True,3,4,6,1.2971310546486205e-22,100.46000671386719,106.19000244140625
W_N_0066,9,7,True,1,0,2,1.0,108.89500427246094,112.83000183105469
W_N_0066,9,7,True,2,2,4,7.071184356642352e-15,102.89500427246094,104.05000305175781
W_N_0066,9,7,True,3,4,6,2.0381052945778943e-23,90.10499572753906,101.4000015258789
W_N_0066,10,11,True,1,0,2,1.0,94.30999755859375,101.30000305175781
W_N_0066,10,11,True,2,2,4,1.2141307924318223e-12,101.95500183105469,103.66000366210938
W_N_0066,10,11,True,3,4,6,7.579249965463821e-21,96.91999816894531,104.4000015258789
W_N_0066,10,14,True,1,0,2,1.0,97.73500061035156,111.87999725341797
W_N_0066,10,14,True,2,2,4,1.1385814230014345e-16,99.0999984741211,102.02999877929688
W_N_0066,10,14,True,3,4,6,2.8744647455252754e-22,110.60499572753906,112.37999725341797
W_N_0066,10,22,True,1,0,2,1.0,100.33999633789062,119.83999633789062
W_N_0066,10,22,True,2,2,4,1.581151320441919e-14,95.06500244140625,98.52999877929688
W_N_0066,10,22,True,3,4,6,1.9155033077117826e-19,103.2249984741211,111.45999908447266
W_N_0066,11,14,True,1,0,2,1.0,95.02000427246094,95.27999877929688
W_N_0066,11,14,True,2,2,4,2.6590301471307087e-17,80.28500366210938,85.2300033569336
W_N_0066,11,14,True,3,4,6,1.277444872986649e-22,100.8699951171875,114.18000030517578
W_N_0066,11,23,True,1,0,2,1.0,106.2550048828125,112.26000213623047
W_N_0066,11,23,True,2,2,4,5.666155349534656e-18,100.95500183105469,106.58999633789062
W_N_0066,11,23,True,3,4,6,1.3654631455137253e-21,109.66999816894531,110.37999725341797
W_N_0066,11,24,True,1,0,2,1.0,99.80999755859375,104.7699966430664
W_N_0066,11,24,True,2,2,4,1.4806797662495212e-16,92.42500305175781,94.37999725341797
W_N_0066,11,24,True,3,4,6,1.3313979253401023e-20,100.95500183105469,101.05999755859375
W_N_0066,12,4,True,1,0,2,1.0,80.95999908447266,86.6500015258789
W_N_0066,12,4,True,2,2,4,9.948734891462863e-11,89.68499755859375,89.94000244140625
W_N_0066,12,4,True,3,4,6,3.5212588985459757e-17,93.51499938964844,98.16000366210938
W_N_0066,12,20,True,1,0,2,1.0,99.42500305175781,101.47000122070312
W_N_0066,12,20,True,2,2,4,1.4476226114170277e-15,91.83499908447266,101.13999938964844
W_N_0066,12,20,True,3,4,6,5.3033570218714983e-20,108.3800048828125,108.83000183105469
W_N_0066,12,32,True,1,0,2,1.0,89.75,91.91000366210938
W_N_0066,12,32,True,2,2,4,3.855286553053946e-15,87.36500549316406,100.51000213623047
W_N_0066,12,32,True,3,4,6,1.341462787615009e-18,99.86000061035156,103.22000122070312
W_N_0066,13,4,True,1,0,2,1.0,88.33499908447266,89.0199966430664
W_N_0066,13,4,True,2,2,4,2.280203456606067e-11,99.93499755859375,104.56999969482422
W_N_0066,13,4,True,3,4,6,3.457883628734613e-17,104.28500366210938,106.33999633789062
W_N_0066,13,7,True,1,0,2,1.0,116.74000549316406,127.76000213623047
W_N_0066,13,7,True,2,2,4,2.6611030815981013e-15,117.0,128.61000061035156
W_N_0066,13,7,True,3,4,6,1.0074876962015887e-26,90.20500183105469,91.97000122070312
W_N_0066,13,16,True,1,0,2,1.0,106.88499450683594,108.06999969482422
W_N_0066,13,16,True,2,2,4,1.3926689402139612e-16,98.14500427246094,99.0
W_N_0066,13,16,True,3,4,6,4.140605229118333e-21,99.2249984741211,111.8499984741211
W_N_0066,13,29,True,1,0,2,1.0,96.20999908447266,96.33999633789062
W_N_0066,13,29,True,2,2,4,9.987653472277522e-15,90.20500183105469,92.08999633789062
W_N_0066,13,29,True,3,4,6,8.65574653049074e-20,103.33999633789062,106.13999938964844
W_N_0066,13,33,True,1,0,2,1.0,110.05000305175781,131.30999755859375
W_N_0066,13,33,True,2,2,4,3.47780610835183e-17,94.6300048828125,105.04000091552734
W_N_0066,13,33,True,3,4,6,5.283257704287132e-23,93.59500122070312,105.5199966430664
W_N_0066,14,7,True,1,0,2,1.0,101.33999633789062,106.2699966430664
W_N_0066,14,7,True,2,2,4,6.26832960537449e-12,113.9949951171875,114.98999786376953
W_N_0066,14,7,True,3,4,6,1.864979988314096e-20,109.40499877929688,111.27999877929688
W_N_0066,14,13,True,1,0,2,1.0,110.1199951171875,111.73999786376953
W_N_0066,14,13,True,2,2,4,8.017096700846008e-17,103.88500213623047,110.08000183105469
W_N_0066,14,13,True,3,4,6,5.581022529967048e-22,115.75,118.52999877929688
W_N_0066,14,25,True,1,0,2,1.0,97.02999877929688,104.13999938964844
W_N_0066,14,25,True,2,2,4,5.6555883023654e-13,89.83999633789062,93.44999694824219
W_N_0066,14,25,True,3,4,6,7.871596499637574e-19,108.61500549316406,115.83000183105469
W_N_0066,15,3,True,1,0,2,1.0,103.66000366210938,107.87000274658203
W_N_0066,15,3,True,2,2,4,3.9317281531096534e-16,101.12000274658203,109.9800033569336
W_N_0066,15,3,True,3,4,6,1.426919688811992e-23,94.3699951171875,94.4000015258789
W_N_0066,15,7,True,1,0,2,1.0,112.31500244140625,117.0
W_N_0066,15,7,True,2,2,4,1.0435111332158815e-15,113.55999755859375,115.16999816894531
W_N_0066,15,7,True,3,1998,2000,8.36525656051502e-25,95.27999877929688,103.5199966430664
W_N_0066,15,19,True,1,0,2,1.0,94.83999633789062,105.97000122070312
W_N_0066,15,19,True,2,2,4,9.418037367776161e-14,99.31500244140625,100.37000274658203
W_N_0066,15,19,True,3,4,6,1.7584812922414606e-20,95.94999694824219,101.02999877929688
W_N_0066,15,27,True,1,0,2,1.0,95.52000427246094,103.62000274658203
W_N_0066,15,27,True,2,2,4,1.7463420032975963e-12,112.81999969482422,118.66999816894531
W_N_0066,15,27,True,3,4,6,1.101332953724507e-19,104.65499877929688,117.12999725341797
W_N_0066,15,30,True,1,0,2,1.0,103.55000305175781,110.97000122070312
W_N_0066,15,30,True,2,2,4,3.566618148146154e-15,103.16999816894531,119.87999725341797
W_N_0066,15,30,True,3,4,6,6.85596307628874e-20,100.5250015258789,103.18000030517578
W_N_0066,16,19,True,1,0,2,1.0,99.53500366210938,104.54000091552734
W_N_0066,16,19,True,2,2,4,1.151061423639364e-18,90.6500015258789,93.68000030517578
W_N_0066,16,19,True,3,4,6,1.2432832376021012e-20,103.17500305175781,112.66999816894531
W_N_0066,16,31,True,1,0,2,1.0,108.25,111.97000122070312
W_N_0066,16,31,True,2,2,4,3.0009657343214695e-15,96.44000244140625,107.56999969482422
W_N_0066,16,31,True,3,4,6,1.4464320913585192e-20,88.25,92.69000244140625
W_N_0066,16,34,True,1,0,2,1.0,100.54499816894531,100.95999908447266
W_N_0066,16,34,True,2,2,4,2.179082677578807e-15,99.88499450683594,100.55999755859375
W_N_0066,16,34,True,3,4,6,4.772099566639945e-22,103.3499984741211,115.05999755859375
W_N_0066,17,33,True,1,0,2,1.0,101.41000366210938,104.37000274658203
W_N_0066,17,33,True,2,2,4,3.535352467997103e-16,88.76499938964844,92.95999908447266
W_N_0066,17,33,True,3,4,6,2.8263709253598263e-23,93.06500244140625,102.55000305175781
W_N_0066,18,21,True,1,0,2,1.0,105.24000549316406,108.0
W_N_0066,18,21,True,2,2,4,3.03675578801872e-16,92.4000015258789,96.22000122070312
W_N_0066,18,21,True,3,4,6,2.7709985065029565e-21,103.83499908447266,108.0199966430664
W_N_0066,18,30,True,1,0,2,1.0,106.27999877929688,109.77999877929688
W_N_0066,18,30,True,2,2,4,4.091861055277059e-16,98.41000366210938,104.77999877929688
W_N_0066,18,30,True,3,4,6,9.154945375256062e-23,96.82499694824219,103.26000213623047
W_N_0066,19,7,True,1,0,2,1.0,104.52000427246094,109.0
W_N_0066,19,7,True,2,2,4,1.962908010978248e-15,101.66999816894531,109.19999694824219
W_N_0066,19,7,True,3,4,6,5.213562789943942e-24,99.61499786376953,103.23999786376953
W_N_0066,19,10,True,1,0,2,1.0,102.5,105.26000213623047
W_N_0066,19,10,True,2,2,4,1.841353404388041e-14,96.36000061035156,98.5
W_N_0066,19,10,True,3,4,6,3.9742114673341125e-21,99.20999908447266,108.86000061035156
W_N_0066,19,14,True,1,0,2,1.0,102.63999938964844,110.41000366210938
W_N_0066,19,14,True,2,2,4,6.917476146440311e-16,112.78500366210938,121.27999877929688
W_N_0066,19,14,True,3,4,6,2.8964127491746964e-22,104.68499755859375,105.86000061035156
W_N_0066,19,25,True,1,0,2,1.0,108.54000091552734,109.20999908447266
W_N_0066,19,25,True,2,2,4,5.713791527590939e-13,111.77000427246094,114.56999969482422
W_N_0066,19,25,True,3,4,6,2.2781368325625864e-20,105.29000091552734,113.77999877929688
W_N_0066,19,33,True,1,0,2,1.0,100.0250015258789,103.08000183105469
W_N_0066,19,33,True,2,2,4,1.3253080924369165e-11,105.88999938964844,119.33000183105469
W_N_0066,19,33,True,3,4,6,2.6953183466996735e-22,85.3699951171875,87.95999908447266
W_N_0066,19,35,True,1,0,2,1.0,87.7449951171875,91.37999725341797
W_N_0066,19,35,True,2,2,4,1.0224680130344055e-10,102.18499755859375,108.27999877929688
W_N_0066,19,35,True,3,4,6,2.490427825389434e-19,98.52000427246094,105.27999877929688
W_N_0066,20,0,True,1,0,2,1.0,90.92500305175781,91.62000274658203
W_N_0066,20,0,True,2,2,4,2.6544548894016917e-13,102.91999816894531,106.26000213623047
W_N_0066,20,0,True,3,4,6,8.351080966706471e-22,100.38999938964844,102.37000274658203
W_N_0066,20,3,True,1,0,2,1.0,99.89500427246094,106.70999908447266
W_N_0066,20,3,True,2,2,4,1.236109522032014e-12,105.1500015258789,108.44000244140625
W_N_0066,20,3,True,3,4,6,5.285243640537662e-19,98.79499816894531,99.69000244140625
W_N_0066,20,26,True,1,0,2,1.0,95.41999816894531,99.5999984741211
W_N_0066,20,26,True,2,2,4,3.403153410116988e-12,108.81999969482422,113.44999694824219
W_N_0066,20,26,True,3,4,6,4.6681782773065263e-20,102.61000061035156,112.0199966430664
W_N_0066,20,31,True,1,0,2,1.0,105.54499816894531,105.69000244140625
W_N_0066,20,31,True,2,2,4,9.799578938413667e-18,100.18000030517578,102.37000274658203
W_N_0066,20,31,True,3,4,6,1.570307275239415e-22,102.9949951171875,108.83999633789062
W_N_0066,21,9,True,1,0,2,1.0,118.52999877929688,120.2699966430664
W_N_0066,21,9,True,2,2,4,3.97685238684253e-20,111.55000305175781,113.52999877929688
W_N_0066,21,9,True,3,4,6,7.207424209285314e-25,112.41000366210938,112.77999877929688
W_N_0066,21,11,True,1,0,2,1.0,90.3499984741211,96.73999786376953
W_N_0066,21,11,True,2,2,4,3.4396138162766073e-15,91.86499786376953,95.2699966430664
W_N_0066,21,11,True,3,4,6,5.368372190171945e-19,109.78500366210938,112.8499984741211
W_N_0066,21,15,True,1,0,2,1.0,100.94499969482422,106.56999969482422
W_N_0066,21,15,True,2,2,4,8.267268675910954e-16,90.11000061035156,93.48999786376953
W_N_0066,21,15,True,3,4,6,1.0021071656269399e-24,89.58000183105469,94.79000091552734
W_N_0066,21,16,True,1,0,2,1.0,95.78500366210938,106.25
W_N_0066,21,16,True,2,2,4,9.778762272583813e-14,103.70500183105469,110.91000366210938
W_N_0066,21,16,True,3,4,6,8.325475425247211e-22,91.18000030517578,93.11000061035156
W_N_0066,21,26,True,1,0,2,1.0,95.85499572753906,100.30999755859375
W_N_0066,21,26,True,2,2,4,1.6818954540719078e-13,111.25999450683594,113.5999984741211
W_N_0066,21,26,True,3,4,6,1.844790038815873e-23,99.44999694824219,103.7300033569336
W_N_0066,22,7,True,1,0,2,1.0,87.95500183105469,97.80999755859375
W_N_0066,22,7,True,2,2,4,7.62108800546335e-13,80.52499389648438,85.91999816894531
W_N_0066,22,7,True,3,4,6,2.0023691782607924e-17,94.91000366210938,96.95999908447266
W_N_0066,22,18,True,1,0,2,1.0,95.94000244140625,97.56999969482422
W_N_0066,22,18,True,2,2,4,7.093524003593237e-16,92.68000030517578,94.91999816894531
W_N_0066,22,18,True,3,4,6,1.3212442186975285e-19,93.3699951171875,95.83999633789062
W_N_0066,22,26,True,1,0,2,1.0,97.29499816894531,98.43000030517578
W_N_0066,22,26,True,2,2,4,1.4638224172299624e-13,94.78500366210938,105.16999816894531
W_N_0066,22,26,True,3,4,6,1.1458917516060607e-18,107.05500030517578,107.98999786376953
W_N_0066,22,33,True,1,0,2,1.0,98.02999877929688,101.7699966430664
W_N_0066,22,33,True,2,2,4,3.043019226086751e-15,88.81500244140625,89.83999633789062
W_N_0066,22,33,True,3,4,6,1.2821481732800632e-19,91.21499633789062,92.47000122070312
W_N_0066,23,4,True,1,0,2,1.0,103.14500427246094,112.37000274658203
W_N_0066,23,4,True,2,2,4,7.413683382473391e-13,102.21499633789062,118.19000244140625
W_N_0066,23,4,True,3,4,6,2.1879334588479264e-18,118.05500793457031,129.32000732421875
W_N_0066,23,25,True,1,0,2,1.0,103.61500549316406,106.4000015258789
W_N_0066,23,25,True,2,2,4,1.8338519535522147e-15,102.85000610351562,114.2300033569336
W_N_0066,23,25,True,3,4,6,1.5616894668953547e-19,110.82499694824219,114.5
W_N_0066,24,7,True,1,0,2,1.0,105.86500549316406,107.86000061035156
W_N_0066,24,7,True,2,2,4,1.4683447166062325e-16,100.74500274658203,104.37000274658203
W_N_0066,24,7,True,3,4,6,2.7475625968014573e-25,91.55000305175781,101.75
W_N_0066,24,27,True,1,0,2,1.0,105.69000244140625,107.81999969482422
W_N_0066,24,27,True,2,2,4,2.262655818594363e-16,105.625,110.44999694824219
W_N_0066,24,27,True,3,1998,2000,6.647400157805998e-23,98.31999969482422,102.73999786376953
W_N_0066,25,18,True,1,0,2,1.0,109.4949951171875,114.1500015258789
W_N_0066,25,18,True,2,2,4,1.7648094509885694e-15,106.88999938964844,111.70999908447266
W_N_0066,25,18,True,3,4,6,6.074943867508538e-22,96.67500305175781,103.2699966430664
W_N_0066,25,32,True,1,0,2,1.0,108.5050048828125,116.61000061035156
W_N_0066,25,32,True,2,2,4,1.2071503282684462e-16,107.69000244140625,109.3499984741211
W_N_0066,25,32,True,3,1652,1654,2.2966367919427798e-26,93.50999450683594,104.91999816894531
W_N_0066,26,4,True,1,0,2,1.0,101.11000061035156,109.33000183105469
W_N_0066,26,4,True,2,2,4,6.60801149449065e-15,109.18000030517578,113.94999694824219
W_N_0066,26,4,True,3,4,6,7.011338296530453e-23,102.30000305175781,110.9800033569336
W_N_0066,26,14,True,1,0,2,1.0,111.66000366210938,115.11000061035156
W_N_0066,26,14,True,2,2,4,3.526809032302023e-18,104.3800048828125,112.19000244140625
W_N_0066,26,14,True,3,1998,2000,1.6828406075506345e-26,102.38500213623047,111.54000091552734
W_N_0066,26,31,True,1,0,2,1.0,86.16999816894531,96.37999725341797
W_N_0066,26,31,True,2,2,4,5.058875952694553e-13,101.94000244140625,103.5999984741211
W_N_0066,26,31,True,3,4,6,2.5966645378524373e-22,103.61499786376953,109.2699966430664
W_N_0066,26,33,True,1,0,2,1.0,96.18499755859375,100.08999633789062
W_N_0066,26,33,True,2,2,4,4.494450818459672e-12,87.39500427246094,89.93000030517578
W_N_0066,26,33,True,3,4,6,1.2637626422545552e-21,92.54000091552734,98.2300033569336
W_N_0066,27,26,True,1,0,2,1.0,97.125,110.37000274658203
W_N_0066,27,26,True,2,2,4,6.329755513137525e-13,101.46000671386719,102.94000244140625
W_N_0066,27,26,True,3,4,6,3.0898253862182616e-19,111.19499969482422,119.19999694824219
W_N_0066,28,10,True,1,0,2,1.0,107.93499755859375,109.31999969482422
W_N_0066,28,10,True,2,2,4,1.0000757866064934e-16,112.68499755859375,116.76000213623047
W_N_0066,28,10,True,3,4,6,7.712412866952298e-23,116.30500030517578,117.79000091552734
W_N_0066,28,12,True,1,0,2,1.0,107.26499938964844,107.63999938964844
W_N_0066,28,12,True,2,2,4,8.152889317180673e-17,85.48999786376953,86.5199966430664
W_N_0066,28,12,True,3,4,6,5.730854226465913e-23,96.04499816894531,98.6500015258789
W_N_0066,28,21,True,1,0,2,1.0,94.77000427246094,99.58000183105469
W_N_0066,28,21,True,2,2,4,1.5206081836402485e-13,101.59500122070312,106.33000183105469
W_N_0066,28,21,True,3,4,6,7.791498532972533e-20,103.53999328613281,107.23999786376953
W_N_0066,28,25,True,1,0,2,1.0,95.94499969482422,103.38999938964844
W_N_0066,28,25,True,2,2,4,2.76215394279895e-14,102.91000366210938,106.9000015258789
W_N_0066,28,25,True,3,4,6,1.537483577232639e-19,116.65499877929688,126.11000061035156
W_N_0066,28,28,True,1,0,2,1.0,101.8699951171875,109.5
W_N_0066,28,28,True,2,2,4,9.139000998028071e-15,103.5050048828125,111.13999938964844
W_N_0066,28,28,True,3,4,6,7.545260183111931e-23,99.82499694824219,108.41000366210938
W_N_0066,28,29,True,1,0,2,1.0,101.38999938964844,102.4800033569336
W_N_0066,28,29,True,2,2,4,9.110518959311274e-17,93.97000122070312,96.36000061035156
W_N_0066,28,29,True,3,4,6,1.5285229412987665e-21,101.19000244140625,103.63999938964844
W_N_0066,29,3,True,1,0,2,1.0,103.61000061035156,110.75
W_N_0066,29,3,True,2,2,4,1.9670735469592773e-17,95.32499694824219,100.68000030517578
W_N_0066,29,3,True,3,4,6,5.128025024269017e-21,97.14500427246094,111.0
W_N_0066,29,8,True,1,0,2,1.0,110.76499938964844,119.58999633789062
W_N_0066,29,8,True,2,2,4,1.557549453778921e-18,99.45999908447266,102.79000091552734
W_N_0066,29,8,True,3,4,6,1.1817447171407414e-23,92.61000061035156,99.4000015258789
W_N_0066,29,14,True,1,0,2,1.0,109.05999755859375,115.6500015258789
W_N_0066,29,14,True,2,2,4,2.2022029447999256e-17,92.15499877929688,103.69999694824219
W_N_0066,29,14,True,3,4,6,9.155936830787873e-20,98.7249984741211,105.5999984741211
W_N_0066,29,22,True,1,0,2,1.0,115.85499572753906,127.94999694824219
W_N_0066,29,22,True,2,2,4,1.867454068207148e-16,101.23500061035156,115.91999816894531
W_N_0066,29,22,True,3,4,6,6.79621845203158e-23,95.3499984741211,97.87999725341797
W_N_0066,29,23,True,1,0,2,1.0,99.25,103.91000366210938
W_N_0066,29,23,True,2,2,4,2.430728966428008e-15,98.19499969482422,105.80000305175781
W_N_0066,29,23,True,3,4,6,3.043476000804472e-20,101.70999908447266,113.5
W_N_0066,29,25,True,1,0,2,1.0,103.65499877929688,106.30000305175781
W_N_0066,29,25,True,2,2,4,4.692589824749038e-18,85.9800033569336,96.2300033569336
W_N_0066,29,25,True,3,4,6,1.7189375050251922e-22,90.99000549316406,99.4000015258789
W_N_0066,29,26,True,1,0,2,1.0,117.46499633789062,133.11000061035156
W_N_0066,29,26,True,2,2,4,6.2752192375362505e-16,98.6500015258789,100.4800033569336
W_N_0066,29,26,True,3,4,6,1.2168272548620923e-23,87.1500015258789,95.36000061035156
W_N_0066,31,10,True,1,0,2,1.0,106.81999969482422,108.51000213623047
W_N_0066,31,10,True,2,2,4,1.5780886875326638e-16,97.63999938964844,105.68000030517578
W_N_0066,31,10,True,3,4,6,1.541346058328864e-21,99.04499816894531,105.5
W_N_0066,31,18,True,1,0,2,1.0,95.09500122070312,95.55000305175781
W_N_0066,31,18,True,2,2,4,3.474019235802893e-14,91.47999572753906,91.58999633789062
W_N_0066,31,18,True,3,4,6,4.767839339098517e-23,78.2449951171875,86.88999938964844
W_N_0066,31,23,True,1,0,2,1.0,91.80500030517578,103.80000305175781
W_N_0066,31,23,True,2,2,4,3.5475387818312276e-12,100.9949951171875,114.83999633789062
W_N_0066,31,23,True,3,4,6,7.09280621141284e-20,104.55999755859375,110.73999786376953
W_N_0066,32,11,True,1,0,2,1.0,104.27999877929688,106.08000183105469
W_N_0066,32,11,True,2,2,4,3.507786839519896e-16,100.94499969482422,112.76000213623047
W_N_0066,32,11,True,3,4,6,4.336192751188974e-27,87.83499908447266,93.27999877929688
W_N_0066,32,29,True,1,0,2,1.0,86.82000732421875,87.16000366210938
W_N_0066,32,29,True,2,2,4,9.851465129773196e-12,105.30999755859375,107.55999755859375
W_N_0066,32,29,True,3,4,6,8.51439865058776e-21,103.93499755859375,116.04000091552734
W_N_0066,33,6,True,1,0,2,1.0,94.66000366210938,95.79000091552734
W_N_0066,33,6,True,2,2,4,5.4234882643916515e-14,98.57499694824219,101.91000366210938
W_N_0066,33,6,True,3,4,6,4.829048950000788e-23,91.58999633789062,94.08999633789062
W_N_0066,33,11,True,1,0,2,1.0,125.875,139.24000549316406
W_N_0066,33,11,True,2,2,4,9.3202286006198e-19,106.13499450683594,117.91999816894531
W_N_0066,33,11,True,3,4,6,3.409681657723201e-24,94.13500213623047,96.44000244140625
W_N_0066,33,17,True,1,0,2,1.0,96.32499694824219,99.66999816894531
W_N_0066,33,17,True,2,2,4,1.6037871985313812e-12,102.36500549316406,113.19000244140625
W_N_0066,33,17,True,3,4,6,1.5471241047390352e-22,85.02000427246094,98.41999816894531
W_N_0066,33,22,True,1,0,2,1.0,84.33499908447266,88.97000122070312
W_N_0066,33,22,True,2,2,4,1.257731982798327e-13,101.58499908447266,108.0999984741211
W_N_0066,33,22,True,3,4,6,1.5292111814178048e-21,96.40499877929688,106.25
W_N_0066,33,24,True,1,0,2,1.0,90.81500244140625,99.36000061035156
W_N_0066,33,24,True,2,2,4,7.45907918764388e-11,106.98500061035156,110.52999877929688
W_N_0066,33,24,True,3,4,6,8.258705329461541e-21,96.64500427246094,103.55000305175781
W_N_0066,33,30,True,1,0,2,1.0,98.58000183105469,102.0
W_N_0066,33,30,True,2,2,4,9.216167054775654e-14,91.36500549316406,102.36000061035156
W_N_0066,33,30,True,3,4,6,3.936145407182118e-21,96.23500061035156,100.2699966430664
W_N_0066,34,11,True,1,0,2,1.0,97.25499725341797,113.87999725341797
W_N_0066,34,11,True,2,2,4,9.47468882864233e-13,97.20999908447266,100.05999755859375
W_N_0066,34,11,True,3,4,6,2.829196452343362e-16,105.87999725341797,118.08999633789062
W_N_0066,34,21,True,1,0,2,1.0,94.82499694824219,100.23999786376953
W_N_0066,34,21,True,2,2,4,8.173298734863443e-14,90.23500061035156,93.16999816894531
W_N_0066,34,21,True,3,4,6,4.410601472387873e-18,109.94000244140625,111.98999786376953
W_N_0066,34,25,True,1,0,2,1.0,100.18499755859375,104.5
W_N_0066,34,25,True,2,2,4,1.9581236046679884e-13,110.45500183105469,112.51000213623047
W_N_0066,34,25,True,3,656,658,9.042657336285093e-24,99.20999908447266,103.04000091552734
W_N_0066,34,26,True,1,0,2,1.0,93.8800048828125,95.4800033569336
W_N_0066,34,26,True,2,2,4,1.6466510230003784e-14,81.80999755859375,86.87999725341797
W_N_0066,34,26,True,3,4,6,1.719360664050166e-18,97.3949966430664,101.58999633789062
W_N_0066,35,18,True,1,0,2,1.0,91.05999755859375,94.19000244140625
W_N_0066,35,18,True,2,2,4,1.996467879864937e-15,89.41999816894531,92.75
W_N_0066,35,18,True,3,4,6,1.0883349211143906e-21,89.61000061035156,90.80999755859375
W_N_0066,35,22,True,1,0,2,1.0,112.33000183105469,116.61000061035156
W_N_0066,35,22,True,2,2,4,8.627245634744313e-17,115.375,117.68000030517578
W_N_0066,35,22,True,3,4,6,2.308724698645732e-25,105.9800033569336,107.41000366210938
W_N_0066,35,26,True,1,0,2,1.0,91.44000244140625,97.76000213623047
W_N_0066,35,26,True,2,2,4,1.1256097443013147e-10,97.17500305175781,99.6500015258789
W_N_0066,35,26,True,3,4,6,2.7002197957258336e-20,94.05999755859375,103.8499984741211
W_N_0066,36,16,True,1,0,2,1.0,120.1300048828125,122.08000183105469
W_N_0066,36,16,True,2,2,4,7.444458299708891e-21,100.45500183105469,103.05999755859375
W_N_0066,36,16,True,3,1998,2000,6.768136906932645e-26,90.02000427246094,96.05999755859375
W_N_0066,37,19,True,1,0,2,1.0,97.27000427246094,107.31999969482422
W_N_0066,37,19,True,2,2,4,1.4751963756456932e-13,113.1199951171875,123.4000015258789
W_N_0066,37,19,True,3,4,6,9.924453313661468e-23,96.32000732421875,98.2300033569336
W_N_0066,38,16,True,1,0,2,1.0,103.19000244140625,108.25
W_N_0066,38,16,True,2,2,4,4.3528067600354873e-16,101.15499877929688,111.23999786376953
W_N_0066,38,16,True,3,4,6,7.163937443302578e-21,108.58000183105469,116.54000091552734
W_N_0066,38,17,True,1,0,2,1.0,92.88500213623047,100.1500015258789
W_N_0066,38,17,True,2,2,4,9.557810792815147e-11,108.52000427246094,119.68000030517578
W_N_0066,38,17,True,3,4,6,2.3402109989691915e-18,108.59500122070312,116.95999908447266
W_N_0066,38,21,True,1,0,2,1.0,104.4949951171875,110.27999877929688
W_N_0066,38,21,True,2,2,4,7.384575535698129e-15,101.94000244140625,110.22000122070312
W_N_0066,38,21,True,3,4,6,8.510331157542695e-23,95.77999877929688,102.6500015258789
W_N_0038,1,13,True,1,0,2,1.0,103.54000091552734,106.04000091552734
W_N_0038,1,13,True,2,2,4,2.8223407794265225e-16,97.22000122070312,97.95999908447266
W_N_0038,1,13,True,3,4,6,7.674971887559826e-21,104.69499969482422,105.2699966430664
W_N_0038,3,8,True,1,0,2,1.0,100.05999755859375,100.87000274658203
W_N_0038,3,8,True,2,2,4,1.632312745730789e-15,90.93000030517578,97.87999725341797
W_N_0038,3,8,True,3,4,6,1.1255283622656916e-21,94.07499694824219,109.94000244140625
W_N_0038,3,11,True,1,0,2,1.0,97.54000091552734,104.51000213623047
W_N_0038,3,11,True,2,2,4,1.3866879717519716e-14,92.62000274658203,99.80000305175781
W_N_0038,3,11,True,3,4,6,2.4404225601621013e-20,91.64500427246094,93.05000305175781
W_N_0038,5,19,True,1,0,2,1.0,99.5250015258789,107.5
W_N_0038,5,19,True,2,2,4,5.606985548675574e-17,93.79000091552734,97.01000213623047
W_N_0038,5,19,True,3,1350,1352,1.1005700228034583e-24,103.6500015258789,118.97000122070312
W_N_0038,5,21,True,1,0,2,1.0,98.55999755859375,99.7300033569336
W_N_0038,5,21,True,2,2,4,1.4808677016846933e-14,103.7449951171875,117.68000030517578
W_N_0038,5,21,True,3,4,6,3.490262063697536e-23,92.64999389648438,92.98999786376953
W_N_0038,5,22,True,1,0,2,1.0,72.21500396728516,83.44000244140625
W_N_0038,5,22,True,2,2,4,1.9370808956864494e-08,90.29000091552734,92.8499984741211
W_N_0038,5,22,True,3,4,6,7.316400110322341e-18,92.01499938964844,98.79000091552734
W_N_0038,6,2,True,1,0,2,1.0,98.31999969482422,104.55999755859375
W_N_0038,6,2,True,2,2,4,1.617900353078315e-14,93.38500213623047,101.08000183105469
W_N_0038,6,2,True,3,4,6,1.600890331606067e-19,107.69999694824219,111.3499984741211
W_N_0038,6,6,True,1,0,2,1.0,84.97500610351562,85.41000366210938
W_N_0038,6,6,True,2,2,4,3.341884711668963e-12,93.97999572753906,97.55999755859375
W_N_0038,6,6,True,3,4,6,3.4272723212419855e-17,94.07000732421875,97.2300033569336
W_N_0038,7,10,True,1,0,2,1.0,109.57499694824219,110.33999633789062
W_N_0038,7,10,True,2,2,4,6.23746274391239e-16,107.14500427246094,116.2300033569336
W_N_0038,7,10,True,3,4,6,4.0958577222029515e-24,104.25999450683594,111.0199966430664
W_N_0038,7,19,True,1,0,2,1.0,93.51499938964844,97.12000274658203
W_N_0038,7,19,True,2,2,4,2.375093936628214e-13,107.83999633789062,112.95999908447266
W_N_0038,7,19,True,3,4,6,7.029368728572125e-21,106.52499389648438,116.80999755859375
W_N_0038,9,18,True,1,0,2,1.0,109.27000427246094,110.0999984741211
W_N_0038,9,18,True,2,2,4,1.3431590703535593e-16,98.16499328613281,103.73999786376953
W_N_0038,9,18,True,3,4,6,7.704577877217578e-19,106.30999755859375,109.97000122070312
W_N_0038,9,20,True,1,0,2,1.0,95.65499877929688,105.58000183105469
W_N_0038,9,20,True,2,2,4,1.7453653199934243e-17,94.28500366210938,94.69999694824219
W_N_0038,9,20,True,3,4,6,1.3182882435421305e-20,103.02999877929688,103.80999755859375
W_N_0038,10,22,True,1,0,2,1.0,78.54000091552734,84.37000274658203
W_N_0038,10,22,True,2,2,4,1.3117979792698353e-11,103.46499633789062,107.5
W_N_0038,10,22,True,3,4,6,1.4751968124839106e-20,99.63999938964844,106.37000274658203
W_N_0038,11,1,True,1,0,2,1.0,113.70500183105469,121.18000030517578
W_N_0038,11,1,True,2,2,4,7.718080049753857e-19,103.69500732421875,106.41000366210938
W_N_0038,11,1,True,3,1998,2000,1.3750469271155426e-25,101.22500610351562,112.97000122070312
W_N_0038,11,17,True,1,0,2,1.0,91.58500671386719,102.41000366210938
W_N_0038,11,17,True,2,2,4,1.6054207117345565e-13,88.92999267578125,90.7699966430664
W_N_0038,11,17,True,3,4,6,3.972866539512761e-19,95.55000305175781,97.12999725341797
W_N_0038,12,22,True,1,0,2,1.0,86.04000091552734,90.33000183105469
W_N_0038,12,22,True,2,2,4,1.5901414299884786e-12,92.04499816894531,99.43000030517578
W_N_0038,12,22,True,3,4,6,5.2177873295904814e-14,116.95500183105469,117.9800033569336
W_N_0038,12,23,True,1,0,2,1.0,86.0050048828125,95.1500015258789
W_N_0038,12,23,True,2,2,4,5.1448354311620786e-14,83.27000427246094,87.80000305175781
W_N_0038,12,23,True,3,4,6,5.887145232177053e-20,85.62000274658203,87.37000274658203
W_N_0038,13,4,True,1,0,2,1.0,101.2449951171875,106.38999938964844
W_N_0038,13,4,True,2,2,4,2.562939925121032e-14,105.24000549316406,108.61000061035156
W_N_0038,13,4,True,3,4,6,3.0735334953673586e-18,108.68499755859375,118.70999908447266
W_N_0038,15,15,True,1,0,2,1.0,109.91500091552734,112.86000061035156
W_N_0038,15,15,True,2,2,4,2.161924708360636e-17,97.10499572753906,102.9000015258789
W_N_0038,15,15,True,3,4,6,3.056582191735166e-24,96.46499633789062,101.81999969482422
W_N_0038,16,1,True,1,0,2,1.0,85.27000427246094,93.55000305175781
W_N_0038,16,1,True,2,2,4,2.9071315667261732e-12,93.92500305175781,100.0199966430664
W_N_0038,16,1,True,3,4,6,6.407672931056539e-19,106.35000610351562,111.51000213623047
W_N_0038,16,3,True,1,0,2,1.0,87.36499786376953,89.7699966430664
W_N_0038,16,3,True,2,2,4,1.3111393481340938e-12,88.26499938964844,96.2699966430664
W_N_0038,16,3,True,3,4,6,6.253541679182543e-17,106.94000244140625,109.19000244140625
W_N_0038,17,2,True,1,0,2,1.0,96.1300048828125,99.36000061035156
W_N_0038,17,2,True,2,2,4,3.228409206634808e-11,109.82499694824219,115.44999694824219
W_N_0038,17,2,True,3,4,6,3.3769119402691005e-21,98.94000244140625,105.94999694824219
W_N_0038,19,18,True,1,0,2,1.0,106.59500122070312,112.08999633789062
W_N_0038,19,18,True,2,2,4,9.846461550299702e-17,97.97000122070312,104.61000061035156
W_N_0038,19,18,True,3,4,6,4.794469894863585e-22,101.0050048828125,103.41000366210938
W_N_0038,21,11,True,1,0,2,1.0,93.20500183105469,94.69000244140625
W_N_0038,21,11,True,2,2,4,1.4112722492368168e-12,96.10000610351562,102.94000244140625
W_N_0038,21,11,True,3,4,6,2.0094089815819862e-17,109.55999755859375,111.36000061035156
W_N_0038,21,16,True,1,0,2,1.0,93.18000030517578,95.95999908447266
W_N_0038,21,16,True,2,2,4,1.491654300078693e-10,106.65499877929688,108.06999969482422
W_N_0038,21,16,True,3,4,6,5.267591606265781e-19,100.4000015258789,112.11000061035156
W_N_0038,22,6,True,1,0,2,1.0,105.58499908447266,127.33000183105469
W_N_0038,22,6,True,2,2,4,1.0038914212179458e-14,88.80500030517578,96.44999694824219
W_N_0038,22,6,True,3,4,6,9.373854719731613e-19,94.69499969482422,96.52999877929688
W_N_0038,22,16,True,1,0,2,1.0,86.77000427246094,88.27999877929688
W_N_0038,22,16,True,2,2,4,3.594591411229227e-15,93.6199951171875,109.25
W_N_0038,22,16,True,3,4,6,1.723511704518141e-17,102.85499572753906,105.58999633789062
W_N_0038,24,17,True,1,0,2,1.0,107.2449951171875,114.55999755859375
W_N_0038,24,17,True,2,2,4,3.451561639514103e-15,103.85499572753906,106.95999908447266
W_N_0038,24,17,True,3,4,6,3.1789384229964257e-23,100.25499725341797,103.08999633789062
W_N_0038,24,18,True,1,0,2,1.0,91.0050048828125,98.22000122070312
W_N_0038,24,18,True,2,2,4,2.2708086430605837e-17,75.55000305175781,78.38999938964844
W_N_0038,24,18,True,3,4,6,2.5201975386473345e-19,91.57499694824219,96.55000305175781
W_N_0038,25,13,True,1,0,2,1.0,122.19999694824219,130.9499969482422
W_N_0038,25,13,True,2,2,4,1.7229191950453691e-18,106.53500366210938,109.05000305175781
W_N_0038,25,13,True,3,4,6,2.65752725160898e-26,91.44000244140625,94.91000366210938
W_N_0142,1,12,True,1,0,2,1.0,89.02499389648438,95.83999633789062
W_N_0142,1,12,True,2,2,4,5.3655193623606406e-14,87.32499694824219,93.12000274658203
W_N_0142,1,12,True,3,4,6,9.503359796643534e-20,98.41999816894531,101.69000244140625
W_N_0142,1,17,True,1,0,2,1.0,101.7750015258789,106.80000305175781
W_N_0142,1,17,True,2,2,4,9.730128351257902e-14,100.74000549316406,103.44000244140625
W_N_0142,1,17,True,3,4,6,2.3069751234870874e-23,92.625,98.36000061035156
W_N_0142,3,11,True,1,0,2,1.0,87.40499877929688,101.05000305175781
W_N_0142,3,11,True,2,2,4,1.0361540591459148e-13,104.06500244140625,111.80999755859375
W_N_0142,3,11,True,3,4,6,4.2344634704811964e-22,104.62999725341797,108.05999755859375
W_N_0142,4,3,True,1,0,2,1.0,87.125,87.98999786376953
W_N_0142,4,3,True,2,2,4,1.3910106573533643e-11,101.35499572753906,107.83999633789062
W_N_0142,4,3,True,3,4,6,3.28313671989008e-18,107.80500030517578,114.55000305175781
W_N_0142,4,22,True,1,0,2,1.0,116.41999816894531,118.1500015258789
W_N_0142,4,22,True,2,2,4,8.361275039375196e-16,111.10499572753906,111.83000183105469
W_N_0142,4,22,True,3,4,6,2.451081551525784e-24,95.27999877929688,99.62999725341797
W_N_0142,5,12,True,1,0,2,1.0,96.06999969482422,98.94999694824219
W_N_0142,5,12,True,2,2,4,1.9056117632216402e-13,92.47000122070312,100.69999694824219
W_N_0142,5,12,True,3,4,6,8.05948364491019e-22,100.44000244140625,103.08000183105469
W_N_0142,5,18,True,1,0,2,1.0,97.16500091552734,105.26000213623047
W_N_0142,5,18,True,2,2,4,2.2473954612583927e-16,91.9000015258789,92.12000274658203
W_N_0142,5,18,True,3,4,6,2.3498824774092228e-17,117.56500244140625,123.5999984741211
W_N_0142,5,20,True,1,0,2,1.0,85.81999969482422,89.5
W_N_0142,5,20,True,2,2,4,2.0207813200556757e-10,88.17500305175781,93.47000122070312
W_N_0142,5,20,True,3,4,6,4.109790307550709e-15,93.3699951171875,94.8499984741211
W_N_0142,5,21,True,1,0,2,1.0,93.9800033569336,99.66000366210938
W_N_0142,5,21,True,2,2,4,2.7605977399869364e-12,102.38499450683594,102.7699966430664
W_N_0142,5,21,True,3,4,6,5.287747102661554e-18,109.18499755859375,120.05000305175781
W_N_0142,5,23,True,1,0,2,1.0,108.17500305175781,111.97000122070312
W_N_0142,5,23,True,2,2,4,1.0935474108919448e-17,94.42500305175781,97.52999877929688
W_N_0142,5,23,True,3,4,6,1.2966765950365663e-21,97.46000671386719,97.69000244140625
W_N_0142,6,4,True,1,0,2,1.0,101.78500366210938,110.63999938964844
W_N_0142,6,4,True,2,2,4,1.5315810888961133e-14,111.3699951171875,115.2699966430664
W_N_0142,6,4,True,3,4,6,4.6372885390829574e-23,101.125,105.23999786376953
W_N_0142,6,15,True,1,0,2,1.0,98.69999694824219,100.55999755859375
W_N_0142,6,15,True,2,2,4,4.430551181467367e-14,94.3699951171875,95.61000061035156
W_N_0142,6,15,True,3,4,6,6.406105423795751e-20,103.08000183105469,107.33000183105469
W_N_0142,9,0,True,1,0,2,1.0,118.2699966430664,122.44999694824219
W_N_0142,9,0,True,2,2,4,3.211357005541964e-17,112.49500274658203,123.2300033569336
W_N_0142,9,0,True,3,1998,2000,3.862820716622065e-24,86.05999755859375,90.95999908447266
W_N_0142,9,10,True,1,0,2,1.0,96.5050048828125,99.8499984741211
W_N_0142,9,10,True,2,2,4,6.739168955955527e-14,99.3550033569336,111.2300033569336
W_N_0142,9,10,True,3,4,6,6.462561534578261e-19,88.47999572753906,90.29000091552734
W_N_0142,9,11,True,1,0,2,1.0,96.4000015258789,100.37000274658203
W_N_0142,9,11,True,2,2,4,4.048562022738664e-14,99.05999755859375,101.5
W_N_0142,9,11,True,3,4,6,1.5128489188225236e-21,102.3699951171875,113.3499984741211
W_N_0142,9,25,True,1,0,2,1.0,97.99000549316406,103.12000274658203
W_N_0142,9,25,True,2,2,4,3.752164526890471e-14,91.63999938964844,99.4000015258789
W_N_0142,9,25,True,3,4,6,3.881915963211024e-19,118.86000061035156,129.88999938964844
W_N_0142,10,0,True,1,0,2,1.0,115.80000305175781,120.72000122070312
W_N_0142,10,0,True,2,2,4,1.5263621338968634e-20,93.40499877929688,101.36000061035156
W_N_0142,10,0,True,3,4,6,6.691990875461023e-26,89.55500030517578,102.62999725341797
W_N_0142,10,3,True,1,0,2,1.0,93.63999938964844,107.08000183105469
W_N_0142,10,3,True,2,2,4,7.240308884121777e-15,99.04499816894531,107.54000091552734
W_N_0142,10,3,True,3,4,6,7.018007919846592e-21,101.65499877929688,114.70999908447266
W_N_0142,10,4,True,1,0,2,1.0,104.79000091552734,108.2300033569336
W_N_0142,10,4,True,2,2,4,7.538640876166556e-16,96.97000122070312,104.16000366210938
W_N_0142,10,4,True,3,4,6,1.5207650938302058e-20,99.80999755859375,105.7699966430664
W_N_0142,11,0,True,1,0,2,1.0,98.58500671386719,101.44000244140625
W_N_0142,11,0,True,2,2,4,1.3229730353760127e-13,97.82499694824219,100.97000122070312
W_N_0142,11,0,True,3,4,6,2.5275904330602846e-20,105.71499633789062,114.88999938964844
W_N_0142,11,10,True,1,0,2,1.0,105.91999816894531,110.47000122070312
W_N_0142,11,10,True,2,2,4,7.168193134267256e-16,102.7249984741211,113.20999908447266
W_N_0142,11,10,True,3,4,6,4.881365771361548e-25,86.90499877929688,93.72000122070312
W_N_0142,11,23,True,1,0,2,1.0,94.7249984741211,95.80999755859375
W_N_0142,11,23,True,2,2,4,1.5564767212928091e-15,91.68000030517578,102.72000122070312
W_N_0142,11,23,True,3,4,6,1.8913949187325972e-21,86.20500183105469,87.87000274658203
W_N_0142,11,25,True,1,0,2,1.0,102.70999908447266,107.12999725341797
W_N_0142,11,25,True,2,2,4,2.5463618809806656e-15,105.02999877929688,105.16999816894531
W_N_0142,11,25,True,3,4,6,2.17376971186215e-22,92.40499877929688,95.56999969482422
W_N_0142,14,22,True,1,0,2,1.0,84.0050048828125,91.0999984741211
W_N_0142,14,22,True,2,2,4,1.1668835385794663e-12,101.08000183105469,104.11000061035156
W_N_0142,14,22,True,3,4,6,5.877499272258919e-19,102.28500366210938,114.13999938964844
W_N_0142,15,12,True,1,0,2,1.0,86.75,93.26000213623047
W_N_0142,15,12,True,2,2,4,2.922843824609833e-12,102.62000274658203,112.26000213623047
W_N_0142,15,12,True,3,4,6,3.0957612859927304e-18,107.98999786376953,116.0199966430664
W_N_0142,15,21,True,1,0,2,1.0,72.70999908447266,77.94999694824219
W_N_0142,15,21,True,2,2,4,2.767677198534102e-09,98.21499633789062,113.69000244140625
W_N_0142,15,21,True,3,4,6,5.0814536345648106e-18,113.36000061035156,114.41999816894531
W_N_0142,15,25,True,1,0,2,1.0,89.43000030517578,95.18000030517578
W_N_0142,15,25,True,2,2,4,1.4822354904879195e-14,93.2449951171875,101.37999725341797
W_N_0142,15,25,True,3,4,6,2.0125740511941314e-20,110.97000122070312,116.44000244140625
W_N_0142,16,3,True,1,0,2,1.0,110.4800033569336,114.05000305175781
W_N_0142,16,3,True,2,2,4,6.110102869963233e-16,112.35499572753906,119.48999786376953
W_N_0142,16,3,True,3,1998,2000,1.0051896790571362e-23,103.06999969482422,103.38999938964844
W_N_0142,17,22,True,1,0,2,1.0,79.55000305175781,85.52999877929688
W_N_0142,17,22,True,2,2,4,5.861978458199246e-09,103.08999633789062,110.83999633789062
W_N_0142,17,22,True,3,4,6,1.9730577950269595e-15,102.47500610351562,105.72000122070312
W_N_0142,18,11,True,1,0,2,1.0,111.49000549316406,124.87000274658203
W_N_0142,18,11,True,2,2,4,5.3792804277048345e-18,97.29000091552734,103.19000244140625
W_N_0142,18,11,True,3,4,6,1.2533636127446676e-21,107.5,118.54000091552734
W_N_0142,19,11,True,1,0,2,1.0,92.34500122070312,97.79000091552734
W_N_0142,19,11,True,2,2,4,3.943858694482882e-12,105.58999633789062,105.62000274658203
W_N_0142,19,11,True,3,4,6,1.6689846110742886e-21,101.60499572753906,105.06999969482422
W_N_0142,19,17,True,1,0,2,1.0,85.375,87.7300033569336
W_N_0142,19,17,True,2,2,4,1.7049009426450823e-10,99.64999389648438,110.91999816894531
W_N_0142,19,17,True,3,4,6,8.61951066883633e-18,109.63499450683594,123.73999786376953
W_N_0142,20,2,True,1,0,2,1.0,84.13500213623047,85.9000015258789
W_N_0142,20,2,True,2,2,4,5.079157851684696e-14,94.36499786376953,115.0199966430664
W_N_0142,20,2,True,3,4,6,1.221705315608868e-17,98.27000427246094,101.62999725341797
W_N_0142,20,5,True,1,0,2,1.0,107.98500061035156,111.12000274658203
W_N_0142,20,5,True,2,2,4,1.157382092183308e-14,101.27000427246094,102.9800033569336
W_N_0142,20,5,True,3,4,6,1.0679020108192852e-24,87.80999755859375,90.91000366210938
W_N_0142,22,14,True,1,0,2,1.0,91.33499908447266,91.83000183105469
W_N_0142,22,14,True,2,2,4,1.0810408557909712e-12,106.73500061035156,109.13999938964844
W_N_0142,22,14,True,3,4,6,3.0454153515999966e-20,96.39999389648438,103.94999694824219
W_N_0142,23,12,True,1,0,2,1.0,97.33499908447266,104.29000091552734
W_N_0142,23,12,True,2,2,4,1.9287502638857396e-14,100.69000244140625,104.66000366210938
W_N_0142,23,12,True,3,4,6,5.318633044457307e-20,108.29499816894531,111.0999984741211
W_N_0142,24,8,True,1,0,2,1.0,98.50999450683594,106.70999908447266
W_N_0142,24,8,True,2,2,4,1.4987189549293956e-13,106.59500122070312,112.05999755859375
W_N_0142,24,8,True,3,4,6,3.4369197287261915e-18,109.77000427246094,119.83000183105469
W_N_0142,24,11,True,1,0,2,1.0,107.51000213623047,114.30000305175781
W_N_0142,24,11,True,2,2,4,5.689748476207302e-16,106.08999633789062,112.3499984741211
W_N_0142,24,11,True,3,1998,2000,3.2626760475286813e-24,111.125,120.19999694824219
W_N_0016,3,24,True,1,0,2,1.0,95.30000305175781,96.05000305175781
W_N_0016,3,24,True,2,2,4,1.26197499105969e-14,100.33000183105469,104.7300033569336
W_N_0016,3,24,True,3,4,6,1.3189888073598261e-18,107.24000549316406,113.58000183105469
W_N_0016,3,28,True,1,0,2,1.0,103.94499969482422,124.06999969482422
W_N_0016,3,28,True,2,2,4,1.2800060355177764e-14,90.77000427246094,92.81999969482422
W_N_0016,3,28,True,3,4,6,7.649280013163098e-21,90.45999908447266,96.23999786376953
W_N_0016,5,12,True,1,0,2,1.0,87.05500030517578,90.16000366210938
W_N_0016,5,12,True,2,2,4,9.272342279837559e-14,80.73500061035156,83.81999969482422
W_N_0016,5,12,True,3,4,6,1.1869529765336777e-17,98.85499572753906,101.47000122070312
W_N_0016,5,23,True,1,0,2,1.0,101.55500030517578,112.12999725341797
W_N_0016,5,23,True,2,2,4,1.3751260059032683e-13,108.98500061035156,115.43000030517578
W_N_0016,5,23,True,3,4,6,1.5013392741322808e-21,107.38499450683594,109.30999755859375
W_N_0016,9,7,True,1,0,2,1.0,110.71000671386719,114.7300033569336
W_N_0016,9,7,True,2,2,4,1.5954554834595575e-15,107.63500213623047,116.62000274658203
W_N_0016,9,7,True,3,4,6,1.241594615832337e-22,119.41999816894531,126.19000244140625
W_N_0016,10,9,True,1,0,2,1.0,86.4949951171875,90.6500015258789
W_N_0016,10,9,True,2,2,4,2.5755625063239584e-11,110.18000030517578,118.86000061035156
W_N_0016,10,9,True,3,4,6,1.0542796569964802e-20,105.05999755859375,108.91000366210938
W_N_0016,10,21,True,1,0,2,1.0,102.91000366210938,107.62000274658203
W_N_0016,10,21,True,2,2,4,2.56085825694986e-14,97.0,100.61000061035156
W_N_0016,10,21,True,3,4,6,1.2816829972766015e-20,93.41999816894531,95.37000274658203
W_N_0016,11,11,True,1,0,2,1.0,89.5050048828125,100.95999908447266
W_N_0016,11,11,True,2,2,4,2.406148874979988e-14,91.8699951171875,100.31999969482422
W_N_0016,11,11,True,3,4,6,1.1097374318654725e-20,99.58499908447266,102.97000122070312
W_N_0016,11,22,True,1,0,2,1.0,99.94000244140625,107.66999816894531
W_N_0016,11,22,True,2,2,4,4.987327825028975e-13,117.96499633789062,117.97000122070312
W_N_0016,11,22,True,3,1998,2000,2.5241204346244316e-21,102.93499755859375,109.55000305175781
W_N_0016,12,19,True,1,0,2,1.0,99.6300048828125,103.94000244140625
W_N_0016,12,19,True,2,2,4,6.490962976124894e-15,103.14500427246094,112.23999786376953
W_N_0016,12,19,True,3,4,6,1.4521313173113955e-21,107.80999755859375,114.31999969482422
W_N_0016,13,8,True,1,0,2,1.0,114.58999633789062,117.16999816894531
W_N_0016,13,8,True,2,2,4,8.447116716603234e-19,95.09500122070312,99.63999938964844
W_N_0016,13,8,True,3,4,6,1.4068720905262936e-24,99.88499450683594,101.25
W_N_0016,13,28,True,1,0,2,1.0,95.72000122070312,99.33999633789062
W_N_0016,13,28,True,2,2,4,9.965080044233195e-16,99.58999633789062,105.19999694824219
W_N_0016,13,28,True,3,4,6,8.63693790546764e-22,95.875,104.13999938964844
W_N_0016,13,30,True,1,0,2,1.0,81.69000244140625,83.12000274658203
W_N_0016,13,30,True,2,2,4,1.4248797454430306e-12,94.72000122070312,103.0199966430664
W_N_0016,13,30,True,3,4,6,3.6167876713840097e-17,112.29000091552734,119.81999969482422
W_N_0016,14,13,True,1,0,2,1.0,105.03500366210938,109.16000366210938
W_N_0016,14,13,True,2,2,4,2.7583962674757045e-13,110.45500183105469,111.68000030517578
W_N_0016,14,13,True,3,4,6,9.615629289179077e-22,115.375,124.79000091552734
W_N_0016,15,24,True,1,0,2,1.0,111.08000183105469,114.7300033569336
W_N_0016,15,24,True,2,2,4,2.2412346772308217e-13,114.64999389648438,115.94999694824219
W_N_0016,15,24,True,3,4,6,6.836566892675075e-25,93.22000122070312,103.91000366210938
W_N_0016,15,27,True,1,0,2,1.0,105.38999938964844,111.94000244140625
W_N_0016,15,27,True,2,2,4,4.564872734506712e-15,88.6300048828125,94.7300033569336
W_N_0016,15,27,True,3,4,6,3.0005673797773474e-21,97.59500122070312,106.58999633789062
W_N_0016,15,33,True,1,0,2,1.0,114.44499969482422,119.54000091552734
W_N_0016,15,33,True,2,2,4,1.8587568821355066e-14,108.02000427246094,112.1500015258789
W_N_0016,15,33,True,3,4,6,8.363027634027319e-24,97.14500427246094,107.87000274658203
W_N_0016,17,21,True,1,0,2,1.0,97.43000030517578,108.87000274658203
W_N_0016,17,21,True,2,2,4,2.095637303013015e-13,88.8699951171875,94.25
W_N_0016,17,21,True,3,4,6,7.45520114635571e-21,89.7449951171875,95.45999908447266
W_N_0016,19,22,True,1,0,2,1.0,113.52000427246094,114.02999877929688
W_N_0016,19,22,True,2,2,4,2.346918391489425e-16,106.05999755859375,108.05000305175781
W_N_0016,19,22,True,3,4,6,6.697817599322212e-25,97.01499938964844,99.58000183105469
W_N_0016,20,29,True,1,0,2,1.0,103.61499786376953,106.95999908447266
W_N_0016,20,29,True,2,2,4,6.91130773488105e-15,97.74500274658203,112.76000213623047
W_N_0016,20,29,True,3,4,6,3.9247801555919666e-21,96.70500183105469,103.54000091552734
W_N_0016,22,0,True,1,0,2,1.0,97.06500244140625,99.25
W_N_0016,22,0,True,2,2,4,3.967603968892813e-15,100.29000091552734,103.22000122070312
W_N_0016,22,0,True,3,4,6,1.4402468627169768e-23,97.29499816894531,105.31999969482422
W_N_0016,23,5,True,1,0,2,1.0,98.20500183105469,104.79000091552734
W_N_0016,23,5,True,2,2,4,4.3155568979932034e-16,90.9800033569336,91.66000366210938
W_N_0016,23,5,True,3,4,6,3.23213457277765e-20,97.2750015258789,104.58000183105469
W_N_0016,23,13,True,1,0,2,1.0,99.17500305175781,107.68000030517578
W_N_0016,23,13,True,2,2,4,2.916805523240501e-13,105.54000091552734,109.83000183105469
W_N_0016,23,13,True,3,4,6,6.184227734825809e-23,84.73999786376953,89.70999908447266
W_N_0016,23,18,True,1,0,2,1.0,112.94999694824219,113.55000305175781
W_N_0016,23,18,True,2,2,4,7.347085036889486e-17,109.66000366210938,116.31999969482422
W_N_0016,23,18,True,3,1998,2000,1.0111541183108539e-24,82.86499786376953,88.38999938964844
W_N_0016,23,25,True,1,0,2,1.0,91.72999572753906,99.33999633789062
W_N_0016,23,25,True,2,2,4,6.243872877498974e-14,102.47000122070312,108.86000061035156
W_N_0016,23,25,True,3,4,6,1.5334237037003948e-20,93.1500015258789,95.38999938964844
W_N_0016,23,30,True,1,0,2,1.0,100.4000015258789,102.72000122070312
W_N_0016,23,30,True,2,2,4,8.222956041396227e-15,92.55000305175781,96.87999725341797
W_N_0016,23,30,True,3,4,6,3.375049720834522e-18,102.77499389648438,110.33999633789062
W_N_0016,24,30,True,1,0,2,1.0,115.19499969482422,120.5
W_N_0016,24,30,True,2,2,4,1.125912237885608e-18,105.2550048828125,117.8499984741211
W_N_0016,24,30,True,3,4,6,2.2533697372806945e-24,89.57499694824219,101.0999984741211
W_N_0016,24,31,True,1,0,2,1.0,95.41000366210938,98.62999725341797
W_N_0016,24,31,True,2,2,4,2.2042857122928083e-11,109.95500183105469,123.7300033569336
W_N_0016,24,31,True,3,4,6,2.8874312837788293e-23,90.98500061035156,102.47000122070312
W_N_0016,25,10,True,1,0,2,1.0,113.5,118.4800033569336
W_N_0016,25,10,True,2,2,4,2.782964136767691e-17,96.82499694824219,99.75
W_N_0016,25,10,True,3,4,6,6.730971198580898e-22,107.61500549316406,109.04000091552734
W_N_0016,27,13,True,1,0,2,1.0,90.16500091552734,94.38999938964844
W_N_0016,27,13,True,2,2,4,1.449240304585847e-13,96.08499908447266,100.81999969482422
W_N_0016,27,13,True,3,1998,2000,2.2982577424689974e-19,76.5999984741211,77.06999969482422
W_N_0016,27,33,True,1,0,2,1.0,85.92500305175781,90.48999786376953
W_N_0016,27,33,True,2,2,4,3.932505154846666e-10,93.76499938964844,95.2300033569336
W_N_0016,27,33,True,3,4,6,1.3001159579013928e-18,89.85499572753906,89.98999786376953
W_N_0016,28,2,True,1,0,2,1.0,102.2750015258789,104.97000122070312
W_N_0016,28,2,True,2,2,4,2.879471563532049e-13,106.59500122070312,109.9000015258789
W_N_0016,28,2,True,3,1998,2000,6.2781625304063586e-24,90.57499694824219,96.12000274658203
W_N_0016,28,15,True,1,0,2,1.0,102.23500061035156,107.0
W_N_0016,28,15,True,2,2,4,8.744813887232548e-15,92.02999877929688,94.29000091552734
W_N_0016,28,15,True,3,4,6,3.6561505859466e-20,91.13999938964844,96.52999877929688
W_N_0016,28,32,True,1,0,2,1.0,106.95999908447266,112.3499984741211
W_N_0016,28,32,True,2,2,4,4.537441996026355e-15,112.36000061035156,128.47999572753906
W_N_0016,28,32,True,3,4,6,3.046210840198999e-24,117.55999755859375,121.51000213623047
W_N_0016,29,32,True,1,0,2,1.0,103.74000549316406,112.16000366210938
W_N_0016,29,32,True,2,2,4,6.5301789075168735e-15,104.64999389648438,119.23999786376953
W_N_0016,29,32,True,3,4,6,3.4101198006625094e-19,114.84500122070312,115.8499984741211
W_N_0016,30,2,True,1,0,2,1.0,70.61000061035156,77.2699966430664
W_N_0016,30,2,True,2,2,4,1.1219915968530003e-10,91.28999328613281,94.98999786376953
W_N_0016,30,2,True,3,4,6,6.312842323470918e-16,101.25999450683594,102.81999969482422
W_N_0016,30,36,True,1,0,2,1.0,108.04499816894531,110.5999984741211
W_N_0016,30,36,True,2,2,4,4.153132644648533e-14,105.83000183105469,112.0999984741211
W_N_0016,30,36,True,3,4,6,1.9844355316418368e-20,104.19000244140625,104.87999725341797
W_N_0016,31,17,True,1,0,2,1.0,96.86000061035156,106.87999725341797
W_N_0016,31,17,True,2,2,4,2.171239398126787e-13,104.75499725341797,119.66999816894531
W_N_0016,31,17,True,3,4,6,3.3300122283222154e-23,85.29499816894531,87.70999908447266
W_N_0016,34,16,True,1,0,2,1.0,96.26000213623047,104.86000061035156
W_N_0016,34,16,True,2,2,4,1.8073069203671102e-17,73.65499877929688,74.83999633789062
W_N_0016,34,16,True,3,4,6,2.0453517292013987e-20,91.95500183105469,95.63999938964844
W_N_0016,34,25,True,1,0,2,1.0,105.82499694824219,108.2300033569336
W_N_0016,34,25,True,2,2,4,7.169549185212154e-19,95.38999938964844,96.5199966430664
W_N_0016,34,25,True,3,4,6,3.047655181407586e-22,102.39500427246094,117.33000183105469
W_N_0016,35,33,True,1,0,2,1.0,110.94999694824219,116.86000061035156
W_N_0016,35,33,True,2,2,4,7.01342327414495e-16,113.45500183105469,125.83999633789062
W_N_0016,35,33,True,3,1998,2000,4.868372088404245e-23,95.34500122070312,98.61000061035156
W_N_0016,36,15,True,1,0,2,1.0,86.10499572753906,95.13999938964844
W_N_0016,36,15,True,2,2,4,8.002916107585634e-10,104.7699966430664,108.2699966430664
W_N_0016,36,15,True,3,4,6,9.690173755850719e-19,100.13999938964844,103.8499984741211
W_N_0016,37,7,True,1,0,2,1.0,88.6500015258789,91.06999969482422
W_N_0016,37,7,True,2,2,4,4.113782925418974e-11,106.71499633789062,108.62000274658203
W_N_0016,37,7,True,3,4,6,6.139616830220219e-22,97.16500091552734,105.62000274658203
W_N_0016,37,19,True,1,0,2,1.0,86.125,95.2300033569336
W_N_0016,37,19,True,2,2,4,4.875368771889432e-12,99.22500610351562,106.37000274658203
W_N_0016,37,19,True,3,4,6,1.5813764947210875e-19,103.14500427246094,104.5
W_N_0016,39,18,True,1,0,2,1.0,84.45500183105469,88.01000213623047
W_N_0016,39,18,True,2,2,4,2.611712929256882e-12,95.6500015258789,96.97000122070312
W_N_0016,39,18,True,3,4,6,7.33313728283674e-18,109.06500244140625,110.76000213623047
W_N_0016,39,32,True,1,0,2,1.0,92.15499877929688,100.08999633789062
W_N_0016,39,32,True,2,2,4,1.0729125921038474e-12,98.09500122070312,103.01000213623047
W_N_0016,39,32,True,3,4,6,2.971379667567265e-17,111.29499816894531,126.18000030517578
W_N_0016,40,11,True,1,0,2,1.0,114.30000305175781,114.69000244140625
W_N_0016,40,11,True,2,2,4,8.183019867301285e-17,107.39500427246094,113.05000305175781
W_N_0016,40,11,True,3,4,6,1.45796426844057e-22,98.61000061035156,108.70999908447266
W_N_0016,40,21,True,1,0,2,1.0,99.55500030517578,99.81999969482422
W_N_0016,40,21,True,2,2,4,8.668007284162726e-12,102.21499633789062,102.56999969482422
W_N_0016,40,21,True,3,4,6,9.707001969931286e-20,103.21499633789062,111.01000213623047
W_N_0068,1,15,True,1,0,2,1.0,92.56999969482422,105.8499984741211
W_N_0068,1,15,True,2,2,4,3.1910162012760424e-11,117.22000122070312,118.04000091552734
W_N_0068,1,15,True,3,4,6,6.09535744910219e-19,110.69999694824219,117.0999984741211
W_N_0068,2,16,True,1,0,2,1.0,89.18499755859375,90.62999725341797
W_N_0068,2,16,True,2,2,4,1.008773888532509e-15,90.66500091552734,100.01000213623047
W_N_0068,2,16,True,3,4,6,3.3306253688830766e-21,95.72000122070312,99.66999816894531
W_N_0068,2,17,True,1,0,2,1.0,92.6500015258789,102.86000061035156
W_N_0068,2,17,True,2,2,4,3.5858406521871444e-11,104.84500122070312,114.18000030517578
W_N_0068,2,17,True,3,4,6,1.0532275672678438e-18,104.58000183105469,105.8499984741211
W_N_0068,3,14,True,1,0,2,1.0,100.35000610351562,104.04000091552734
W_N_0068,3,14,True,2,2,4,4.634010189463744e-11,112.36500549316406,114.55000305175781
W_N_0068,3,14,True,3,1998,2000,1.548465143034362e-21,78.83999633789062,89.41000366210938
W_N_0068,5,6,True,1,0,2,1.0,91.0050048828125,93.20999908447266
W_N_0068,5,6,True,2,2,4,3.057115324778259e-11,105.9749984741211,113.5999984741211
W_N_0068,5,6,True,3,4,6,4.556408598962596e-19,107.43499755859375,109.7699966430664
W_N_0068,6,3,True,1,0,2,1.0,98.61000061035156,100.3499984741211
W_N_0068,6,3,True,2,2,4,5.736986406768008e-13,95.87999725341797,96.58999633789062
W_N_0068,6,3,True,3,4,6,2.812597613378704e-20,95.13500213623047,95.69000244140625
W_N_0068,6,4,True,1,0,2,1.0,107.53500366210938,112.16999816894531
W_N_0068,6,4,True,2,2,4,7.815954698537286e-16,115.69999694824219,119.0999984741211
W_N_0068,6,4,True,3,1020,1022,8.614253602715113e-25,88.42500305175781,88.51000213623047
W_N_0068,6,9,True,1,0,2,1.0,97.30999755859375,103.19999694824219
W_N_0068,6,9,True,2,2,4,3.2737046580522122e-12,116.10000610351562,122.30000305175781
W_N_0068,6,9,True,3,1998,2000,6.301703638653874e-23,110.44999694824219,112.43000030517578
W_N_0068,6,11,True,1,0,2,1.0,86.00499725341797,88.55999755859375
W_N_0068,6,11,True,2,2,4,1.965808971767652e-14,86.91999816894531,96.05999755859375
W_N_0068,6,11,True,3,4,6,2.8924975736846155e-19,90.63999938964844,91.66999816894531
W_N_0068,6,13,True,1,0,2,1.0,104.93499755859375,108.0
W_N_0068,6,13,True,2,2,4,1.5985852635822172e-17,98.65499877929688,98.80999755859375
W_N_0068,6,13,True,3,4,6,2.7055152258694327e-23,96.54499816894531,96.98999786376953
W_N_0068,7,6,True,1,0,2,1.0,95.91500091552734,98.86000061035156
W_N_0068,7,6,True,2,2,4,4.8561686356168865e-15,87.05500030517578,97.47000122070312
W_N_0068,7,6,True,3,4,6,9.227778113222957e-21,97.86000061035156,112.41000366210938
W_N_0068,7,9,True,1,0,2,1.0,113.51499938964844,116.5
W_N_0068,7,9,True,2,2,4,1.0604676465249731e-19,95.55000305175781,103.69999694824219
W_N_0068,7,9,True,3,4,6,2.852953644599602e-23,99.77499389648438,106.55999755859375
W_N_0068,8,13,True,1,0,2,1.0,90.1300048828125,97.58000183105469
W_N_0068,8,13,True,2,2,4,1.1738661258309246e-12,96.39500427246094,102.68000030517578
W_N_0068,8,13,True,3,4,6,2.809016502937718e-20,97.34500122070312,101.48999786376953
W_N_0068,8,14,True,1,0,2,1.0,93.81999969482422,94.4000015258789
W_N_0068,8,14,True,2,2,4,1.595025869195743e-12,101.99500274658203,113.2300033569336
W_N_0068,8,14,True,3,4,6,3.7317316294792186e-21,94.44499969482422,96.73999786376953
W_N_0068,10,4,True,1,0,2,1.0,108.30000305175781,108.76000213623047
W_N_0068,10,4,True,2,2,4,2.0990963290112626e-18,89.72000122070312,93.38999938964844
W_N_0068,10,4,True,3,4,6,2.5410090151182566e-20,108.81500244140625,109.26000213623047
W_N_0068,10,21,True,1,0,2,1.0,93.88499450683594,94.68000030517578
W_N_0068,10,21,True,2,2,4,1.3799933833258762e-15,83.89500427246094,84.25
W_N_0068,10,21,True,3,4,6,3.901456585238214e-17,107.39500427246094,114.6500015258789
W_N_0068,12,2,True,1,0,2,1.0,86.5,88.06999969482422
W_N_0068,12,2,True,2,2,4,6.240370720167476e-11,102.31999969482422,110.62000274658203
W_N_0068,12,2,True,3,4,6,5.7048603130057945e-21,108.02000427246094,110.79000091552734
W_N_0068,14,15,True,1,0,2,1.0,97.30500030517578,102.5999984741211
W_N_0068,14,15,True,2,2,4,9.844390620918115e-18,97.59500122070312,107.9800033569336
W_N_0068,14,15,True,3,4,6,3.08662819178687e-22,92.83000183105469,93.2699966430664
W_N_0068,16,9,True,1,0,2,1.0,104.23500061035156,106.56999969482422
W_N_0068,16,9,True,2,2,4,1.430440759840211e-15,95.76499938964844,103.68000030517578
W_N_0068,16,9,True,3,4,6,3.8214182986446265e-23,93.3800048828125,94.68000030517578
W_N_0068,17,15,True,1,0,2,1.0,103.5,110.02999877929688
W_N_0068,17,15,True,2,2,4,6.826728445779098e-14,102.75,107.01000213623047
W_N_0068,17,15,True,3,4,6,1.954107543162142e-22,91.41499328613281,103.12999725341797
W_N_0068,17,23,True,1,0,2,1.0,99.53500366210938,106.54000091552734
W_N_0068,17,23,True,2,2,4,4.6909328363983066e-15,94.39500427246094,99.66999816894531
W_N_0068,17,23,True,3,4,6,1.6478845193020098e-23,78.08999633789062,78.22000122070312
W_N_0068,18,21,True,1,0,2,1.0,99.29499816894531,107.1500015258789
W_N_0068,18,21,True,2,2,4,2.3255611845962587e-12,105.1300048828125,105.25
W_N_0068,18,21,True,3,4,6,2.0320309547885125e-19,92.41999816894531,94.61000061035156
W_N_0068,19,2,True,1,0,2,1.0,94.06999969482422,96.18000030517578
W_N_0068,19,2,True,2,2,4,5.286925546877166e-16,94.98999786376953,102.19999694824219
W_N_0068,19,2,True,3,4,6,1.9637182923684348e-21,108.13999938964844,108.97000122070312
W_N_0068,19,22,True,1,0,2,1.0,90.27000427246094,93.26000213623047
W_N_0068,19,22,True,2,2,4,3.958641005058147e-14,110.12999725341797,112.19999694824219
W_N_0068,19,22,True,3,4,6,1.2007987056732687e-23,102.79499816894531,109.37999725341797
W_N_0068,20,7,True,1,0,2,1.0,97.61000061035156,104.05999755859375
W_N_0068,20,7,True,2,2,4,1.3174972807742042e-15,84.08499908447266,89.48999786376953
W_N_0068,20,7,True,3,4,6,3.967124613591936e-20,95.41000366210938,104.8499984741211
W_N_0068,20,9,True,1,0,2,1.0,103.83999633789062,107.47000122070312
W_N_0068,20,9,True,2,2,4,6.573115854646141e-15,100.03500366210938,107.2699966430664
W_N_0068,20,9,True,3,4,6,1.5953151441224437e-23,95.56500244140625,105.4800033569336
W_N_0068,20,13,True,1,0,2,1.0,96.95999908447266,98.04000091552734
W_N_0068,20,13,True,2,2,4,6.99374369181327e-13,107.41500091552734,111.75
W_N_0068,20,13,True,3,4,6,5.293894931925073e-21,90.51499938964844,94.62999725341797
W_N_0068,20,22,True,1,0,2,1.0,106.55000305175781,114.08999633789062
W_N_0068,20,22,True,2,2,4,8.639321029402236e-12,121.2750015258789,124.37000274658203
W_N_0068,20,22,True,3,4,6,1.6818299929145752e-22,106.39500427246094,111.37999725341797
W_N_0068,21,13,True,1,0,2,1.0,103.46499633789062,107.0199966430664
W_N_0068,21,13,True,2,2,4,7.429498563330471e-16,99.33500671386719,103.41000366210938
W_N_0068,21,13,True,3,4,6,6.075447760300357e-24,92.89999389648438,100.0199966430664
W_N_0068,21,19,True,1,0,2,1.0,92.55500030517578,98.43000030517578
W_N_0068,21,19,True,2,2,4,2.057715265269943e-14,103.54000091552734,105.36000061035156
W_N_0068,21,19,True,3,4,6,1.5083541534676426e-21,104.70999908447266,109.56999969482422
W_N_0068,22,13,True,1,0,2,1.0,106.29000091552734,107.33000183105469
W_N_0068,22,13,True,2,2,4,2.4524620615556936e-12,111.02999877929688,118.56999969482422
W_N_0068,22,13,True,3,4,6,4.144492735659262e-21,102.60499572753906,106.5
W_N_0068,25,17,True,1,0,2,1.0,82.93000030517578,91.12000274658203
W_N_0068,25,17,True,2,2,4,2.3274804306083752e-10,107.3499984741211,108.8499984741211
W_N_0068,25,17,True,3,4,6,2.0734918643408272e-20,106.57499694824219,110.80999755859375
W_N_0125,1,16,True,1,0,2,1.0,99.83999633789062,100.33000183105469
W_N_0125,1,16,True,2,2,4,4.717113354248516e-15,99.41999816894531,101.2300033569336
W_N_0125,1,16,True,3,4,6,7.653701065777274e-25,92.625,103.58000183105469
W_N_0125,3,16,True,1,0,2,1.0,109.10499572753906,111.80999755859375
W_N_0125,3,16,True,2,2,4,1.9710244924370755e-17,106.26499938964844,115.81999969482422
W_N_0125,3,16,True,3,4,6,1.0597456426543204e-23,101.83000183105469,103.30999755859375
W_N_0125,3,17,True,1,0,2,1.0,92.58000183105469,95.16000366210938
W_N_0125,3,17,True,2,2,4,4.166101057884175e-12,106.69000244140625,112.69000244140625
W_N_0125,3,17,True,3,4,6,7.58051469251062e-23,94.84500122070312,97.20999908447266
W_N_0125,5,9,True,1,0,2,1.0,116.69000244140625,126.31999969482422
W_N_0125,5,9,True,2,2,4,1.6364126465845735e-18,95.09500122070312,99.18000030517578
W_N_0125,5,9,True,3,4,6,8.803271085100922e-26,93.4949951171875,97.70999908447266
W_N_0125,5,17,True,1,0,2,1.0,105.50999450683594,112.75
W_N_0125,5,17,True,2,2,4,5.088362457078555e-13,103.46499633789062,109.83999633789062
W_N_0125,5,17,True,3,4,6,2.081431586530986e-21,99.44499969482422,115.63999938964844
W_N_0125,5,21,True,1,0,2,1.0,103.47000122070312,104.72000122070312
W_N_0125,5,21,True,2,2,4,4.0167013866474616e-15,87.53500366210938,95.98999786376953
W_N_0125,5,21,True,3,4,6,2.5575323355949154e-19,82.33000183105469,87.08999633789062
W_N_0125,6,9,True,1,0,2,1.0,90.28500366210938,94.26000213623047
W_N_0125,6,9,True,2,2,4,7.936112704498566e-13,94.27999877929688,96.87000274658203
W_N_0125,6,9,True,3,4,6,4.449244248679054e-20,86.95999908447266,92.20999908447266
W_N_0125,6,10,True,1,0,2,1.0,110.56500244140625,118.61000061035156
W_N_0125,6,10,True,2,2,4,1.5229212331546442e-17,109.1199951171875,109.77999877929688
W_N_0125,6,10,True,3,4,6,2.070980757258618e-25,103.43499755859375,107.01000213623047
W_N_0125,7,19,True,1,0,2,1.0,98.80500030517578,105.95999908447266
W_N_0125,7,19,True,2,2,4,2.268329621357701e-12,103.71499633789062,111.06999969482422
W_N_0125,7,19,True,3,4,6,2.618273758938333e-18,111.33000183105469,117.54000091552734
W_N_0125,7,22,True,1,0,2,1.0,85.625,89.95999908447266
W_N_0125,7,22,True,2,2,4,4.62891964342349e-12,96.68000030517578,98.43000030517578
W_N_0125,7,22,True,3,4,6,9.654751814069667e-19,105.81999969482422,108.30999755859375
W_N_0125,8,12,True,1,0,2,1.0,114.68499755859375,116.36000061035156
W_N_0125,8,12,True,2,2,4,6.723132526519203e-18,96.44999694824219,103.27999877929688
W_N_0125,8,12,True,3,4,6,4.4586775815689266e-26,86.93000030517578,89.02999877929688
W_N_0125,8,19,True,1,0,2,1.0,88.91000366210938,95.55000305175781
W_N_0125,8,19,True,2,2,4,8.093926665508032e-15,97.07499694824219,111.25
W_N_0125,8,19,True,3,1998,2000,5.748414270216133e-23,103.72000122070312,111.91000366210938
W_N_0125,9,15,True,1,0,2,1.0,101.58499908447266,106.54000091552734
W_N_0125,9,15,True,2,2,4,8.926853973091706e-15,98.58999633789062,99.44999694824219
W_N_0125,9,15,True,3,4,6,3.574955558877257e-22,93.88999938964844,105.98999786376953
W_N_0125,9,23,True,1,0,2,1.0,86.85000610351562,95.62000274658203
W_N_0125,9,23,True,2,2,4,1.301694890114627e-13,93.10499572753906,93.18000030517578
W_N_0125,9,23,True,3,4,6,5.199608055100748e-21,104.41000366210938,110.33000183105469
W_N_0125,10,13,True,1,0,2,1.0,93.93499755859375,96.83999633789062
W_N_0125,10,13,True,2,2,4,5.302182304323111e-13,98.60499572753906,107.37000274658203
W_N_0125,10,13,True,3,4,6,4.6694251874564646e-20,99.72999572753906,107.20999908447266
W_N_0125,11,10,True,1,0,2,1.0,96.49000549316406,96.76000213623047
W_N_0125,11,10,True,2,2,4,1.501309571317255e-15,82.25999450683594,90.37999725341797
W_N_0125,11,10,True,3,4,6,2.5689053452344836e-18,88.27000427246094,101.04000091552734
W_N_0125,12,3,True,1,0,2,1.0,106.97000122070312,110.13999938964844
W_N_0125,12,3,True,2,2,4,1.7229638939533776e-12,112.93499755859375,124.5999984741211
W_N_0125,12,3,True,3,4,6,4.9447171001784484e-23,97.17500305175781,106.91000366210938
W_N_0125,13,13,True,1,0,2,1.0,99.83999633789062,102.33999633789062
W_N_0125,13,13,True,2,2,4,3.187958712990799e-17,92.77499389648438,102.41999816894531
W_N_0125,13,13,True,3,4,6,9.319609297603765e-22,91.41999816894531,94.55000305175781
W_N_0125,13,20,True,1,0,2,1.0,99.27999877929688,106.97000122070312
W_N_0125,13,20,True,2,2,4,2.8191909391813916e-14,105.87000274658203,108.87000274658203
W_N_0125,13,20,True,3,4,6,1.8874081545571295e-22,90.19500732421875,93.4800033569336
W_N_0125,14,1,True,1,0,2,1.0,91.50999450683594,99.98999786376953
W_N_0125,14,1,True,2,2,4,5.483312588705491e-12,98.5050048828125,101.55000305175781
W_N_0125,14,1,True,3,4,6,2.3759918143514694e-20,102.21499633789062,106.55999755859375
W_N_0125,14,21,True,1,0,2,1.0,91.43499755859375,91.55000305175781
W_N_0125,14,21,True,2,2,4,6.925510105714253e-14,86.66500091552734,87.70999908447266
W_N_0125,14,21,True,3,4,6,1.4165320131436105e-18,92.33500671386719,93.80000305175781
W_N_0125,15,3,True,1,0,2,1.0,94.52999877929688,102.0999984741211
W_N_0125,15,3,True,2,2,4,4.610481308254914e-14,92.76499938964844,94.48999786376953
W_N_0125,15,3,True,3,4,6,6.374779835504427e-20,96.68000030517578,104.5999984741211
W_N_0125,15,8,True,1,0,2,1.0,99.6500015258789,122.05000305175781
W_N_0125,15,8,True,2,2,4,5.566544675292967e-14,111.55000305175781,112.9800033569336
W_N_0125,15,8,True,3,1998,2000,5.831058494090707e-23,85.05000305175781,89.88999938964844
W_N_0125,16,6,True,1,0,2,1.0,114.41999816894531,114.80000305175781
W_N_0125,16,6,True,2,2,4,1.5655108570708683e-14,117.29499816894531,123.58999633789062
W_N_0125,16,6,True,3,1998,2000,2.8896492450999487e-21,105.2550048828125,107.11000061035156
W_N_0125,16,21,True,1,0,2,1.0,101.8699951171875,102.45999908447266
W_N_0125,16,21,True,2,2,4,8.626126624811651e-17,99.98500061035156,102.66000366210938
W_N_0125,16,21,True,3,4,6,1.4812643115239577e-20,103.70999908447266,105.68000030517578
W_N_0125,17,18,True,1,0,2,1.0,85.7249984741211,90.18000030517578
W_N_0125,17,18,True,2,2,4,1.1549591036157103e-13,81.02000427246094,92.16000366210938
W_N_0125,17,18,True,3,4,6,3.804931039082538e-19,101.1500015258789,101.51000213623047
W_N_0125,18,16,True,1,0,2,1.0,105.22999572753906,107.63999938964844
W_N_0125,18,16,True,2,2,4,7.571871566874118e-16,102.89999389648438,106.87999725341797
W_N_0125,18,16,True,3,4,6,1.267445650805302e-22,97.52999877929688,103.5999984741211
W_N_0125,19,6,True,1,0,2,1.0,103.61000061035156,109.29000091552734
W_N_0125,19,6,True,2,2,4,6.599352141145598e-13,112.13499450683594,117.8499984741211
W_N_0125,19,6,True,3,4,6,7.500377153048477e-23,104.23500061035156,105.08000183105469
W_N_0125,19,23,True,1,0,2,1.0,84.81999969482422,89.95999908447266
W_N_0125,19,23,True,2,2,4,5.425876067888247e-11,99.5,102.9800033569336
W_N_0125,19,23,True,3,4,6,1.463834646665185e-19,87.19999694824219,92.48999786376953
W_N_0125,21,21,True,1,0,2,1.0,109.55999755859375,119.19000244140625
W_N_0125,21,21,True,2,2,4,5.193475578180152e-16,95.78500366210938,96.5
W_N_0125,21,21,True,3,4,6,2.2384999774299862e-21,107.81999969482422,110.9000015258789
W_N_0125,22,21,True,1,0,2,1.0,105.44499969482422,110.30999755859375
W_N_0125,22,21,True,2,2,4,4.534154661158061e-15,98.625,99.66999816894531
W_N_0125,22,21,True,3,4,6,4.95246442108709e-20,97.63999938964844,98.69999694824219
W_N_0125,24,11,True,1,0,2,1.0,101.79499816894531,104.63999938964844
W_N_0125,24,11,True,2,2,4,4.641709448962534e-17,85.36499786376953,93.0999984741211
W_N_0125,24,11,True,3,4,6,1.4495979635943525e-19,94.06999969482422,101.29000091552734
W_N_0125,24,13,True,1,0,2,1.0,115.0999984741211,120.70999908447266
W_N_0125,24,13,True,2,2,4,3.802239844182724e-15,122.55500793457031,130.24000549316406
W_N_0125,24,13,True,3,1998,2000,1.5538771090751344e-24,86.65499877929688,91.7699966430664
W_N_0125,24,19,True,1,0,2,1.0,109.50999450683594,110.16999816894531
W_N_0125,24,19,True,2,2,4,5.535833589966131e-16,99.41500091552734,115.4000015258789
W_N_0125,24,19,True,3,4,6,1.8872805837580695e-20,99.3800048828125,107.11000061035156
W_N_0125,27,11,True,1,0,2,1.0,82.44999694824219,87.44000244140625
W_N_0125,27,11,True,2,2,4,5.5150493061262296e-09,99.2750015258789,105.86000061035156
W_N_0125,27,11,True,3,4,6,8.862415729871099e-16,108.47999572753906,114.29000091552734
W_N_0125,27,15,True,1,0,2,1.0,88.91500091552734,92.5
W_N_0125,27,15,True,2,2,4,2.946588502708569e-12,99.45999908447266,105.0199966430664
W_N_0125,27,15,True,3,4,6,1.4646956382852762e-18,110.98999786376953,114.94999694824219
W_N_0076,2,15,True,1,0,2,1.0,103.31500244140625,124.7699966430664
W_N_0076,2,15,True,2,2,4,6.029567443206416e-14,95.75999450683594,97.58999633789062
W_N_0076,2,15,True,3,4,6,3.4681298477738825e-20,103.54499816894531,103.86000061035156
W_N_0076,3,8,True,1,0,2,1.0,90.80000305175781,103.18000030517578
W_N_0076,3,8,True,2,2,4,4.777733764171899e-12,92.375,92.62999725341797
W_N_0076,3,8,True,3,4,6,5.2980847923669356e-18,86.48500061035156,93.08000183105469
W_N_0076,3,19,True,1,0,2,1.0,105.97000122070312,111.05000305175781
W_N_0076,3,19,True,2,2,4,1.8531316923267822e-18,85.53500366210938,88.5999984741211
W_N_0076,3,19,True,3,4,6,2.0038715295387054e-20,102.06500244140625,107.43000030517578
W_N_0076,4,20,True,1,0,2,1.0,108.95999908447266,112.44999694824219
W_N_0076,4,20,True,2,2,4,2.6696843723867346e-15,100.48500061035156,102.88999938964844
W_N_0076,4,20,True,3,4,6,5.598523361817722e-24,104.36000061035156,113.93000030517578
W_N_0076,5,18,True,1,0,2,1.0,97.89500427246094,102.7300033569336
W_N_0076,5,18,True,2,2,4,8.695117617184191e-15,116.7750015258789,121.08000183105469
W_N_0076,5,18,True,3,1998,2000,1.453738624561227e-21,115.36000061035156,119.88999938964844
W_N_0076,5,22,True,1,0,2,1.0,114.18499755859375,119.55999755859375
W_N_0076,5,22,True,2,2,4,7.655739065900916e-19,95.13999938964844,101.22000122070312
W_N_0076,5,22,True,3,4,6,1.112699893603213e-21,110.80999755859375,119.91999816894531
W_N_0076,6,5,True,1,0,2,1.0,98.08499908447266,98.22000122070312
W_N_0076,6,5,True,2,2,4,3.008532279639292e-14,103.8800048828125,105.47000122070312
W_N_0076,6,5,True,3,4,6,7.937205105404041e-20,106.19499969482422,112.37000274658203
W_N_0076,6,10,True,1,0,2,1.0,93.5,98.62000274658203
W_N_0076,6,10,True,2,2,4,9.112597482152651e-11,111.99000549316406,115.19000244140625
W_N_0076,6,10,True,3,4,6,4.7845334281449705e-21,97.16999816894531,103.08000183105469
W_N_0076,7,11,True,1,0,2,1.0,94.40499877929688,106.33000183105469
W_N_0076,7,11,True,2,2,4,1.0098607334477899e-13,95.51499938964844,106.66999816894531
W_N_0076,7,11,True,3,4,6,2.1293947334652068e-20,95.80000305175781,103.08000183105469
W_N_0076,8,3,True,1,0,2,1.0,116.5,126.30999755859375
W_N_0076,8,3,True,2,2,4,2.4995018478166304e-16,104.27000427246094,118.05000305175781
W_N_0076,8,3,True,3,4,6,1.0825086342821434e-22,102.56999969482422,104.5999984741211
W_N_0076,8,20,True,1,0,2,1.0,112.45500183105469,112.93000030517578
W_N_0076,8,20,True,2,2,4,8.694023250616339e-15,107.85000610351562,113.54000091552734
W_N_0076,8,20,True,3,4,6,3.7610533999996663e-23,102.9949951171875,105.16999816894531
W_N_0076,9,2,True,1,0,2,1.0,97.11000061035156,105.87999725341797
W_N_0076,9,2,True,2,2,4,4.95732090360218e-13,102.67500305175781,107.87999725341797
W_N_0076,9,2,True,3,4,6,3.556909721202521e-19,103.97999572753906,104.61000061035156
W_N_0076,9,7,True,1,0,2,1.0,102.91499328613281,111.19999694824219
W_N_0076,9,7,True,2,2,4,1.6275640503295857e-13,110.19499969482422,121.30999755859375
W_N_0076,9,7,True,3,4,6,5.9328540519335125e-24,104.58500671386719,119.16000366210938
W_N_0076,9,24,True,1,0,2,1.0,96.71499633789062,97.11000061035156
W_N_0076,9,24,True,2,2,4,6.666142095111292e-15,96.80999755859375,103.29000091552734
W_N_0076,9,24,True,3,4,6,6.951086132545954e-19,97.20500183105469,99.44999694824219
W_N_0076,10,13,True,1,0,2,1.0,100.25,118.69999694824219
W_N_0076,10,13,True,2,2,4,2.0412960398071868e-15,108.24500274658203,110.37000274658203
W_N_0076,10,13,True,3,1998,2000,1.875516524483917e-21,98.94999694824219,100.91000366210938
W_N_0076,10,17,True,1,0,2,1.0,96.09500122070312,97.91000366210938
W_N_0076,10,17,True,2,2,4,7.040393014943764e-15,93.67500305175781,101.9000015258789
W_N_0076,10,17,True,3,4,6,1.2468995827060081e-17,98.05999755859375,101.41000366210938
W_N_0076,11,21,True,1,0,2,1.0,83.33999633789062,86.05000305175781
W_N_0076,11,21,True,2,2,4,2.019126402533211e-12,95.71499633789062,103.3499984741211
W_N_0076,11,21,True,3,4,6,2.3886887459484743e-19,93.66999816894531,105.61000061035156
W_N_0076,12,16,True,1,0,2,1.0,108.33000183105469,109.19000244140625
W_N_0076,12,16,True,2,2,4,1.138647120994406e-15,87.38999938964844,95.52999877929688
W_N_0076,12,16,True,3,4,6,1.4986491700930558e-22,78.11000061035156,79.80000305175781
W_N_0076,12,18,True,1,0,2,1.0,106.94000244140625,116.41999816894531
W_N_0076,12,18,True,2,2,4,2.0265841627743433e-16,94.86000061035156,102.98999786376953
W_N_0076,12,18,True,3,4,6,4.831833881431708e-22,108.0,116.37000274658203
W_N_0076,12,25,True,1,0,2,1.0,102.75,107.61000061035156
W_N_0076,12,25,True,2,2,4,8.474397877667784e-17,100.09500122070312,101.18000030517578
W_N_0076,12,25,True,3,4,6,3.9436769512828984e-20,110.8699951171875,122.6500015258789
W_N_0076,15,9,True,1,0,2,1.0,92.77999877929688,101.20999908447266
W_N_0076,15,9,True,2,2,4,9.096333712307891e-13,90.01499938964844,90.52999877929688
W_N_0076,15,9,True,3,4,6,1.735668070999903e-21,84.79499816894531,91.70999908447266
W_N_0076,15,19,True,1,0,2,1.0,96.66000366210938,101.26000213623047
W_N_0076,15,19,True,2,2,4,1.3620486991707182e-16,93.55000305175781,94.7699966430664
W_N_0076,15,19,True,3,4,6,5.77276495485624e-22,95.80000305175781,96.7699966430664
W_N_0076,17,22,True,1,0,2,1.0,99.33000183105469,108.19999694824219
W_N_0076,17,22,True,2,2,4,3.674055807175889e-15,107.50999450683594,109.5999984741211
W_N_0076,17,22,True,3,4,6,1.5876377995937164e-20,103.46499633789062,104.12000274658203
W_N_0076,18,15,True,1,0,2,1.0,104.24000549316406,106.04000091552734
W_N_0076,18,15,True,2,2,4,1.6729527711176747e-17,92.7249984741211,95.5999984741211
W_N_0076,18,15,True,3,4,6,5.329691003801527e-24,92.36500549316406,102.31999969482422
W_N_0076,18,20,True,1,0,2,1.0,78.34500122070312,78.6500015258789
W_N_0076,18,20,True,2,2,4,2.5042228707361502e-11,88.45500183105469,94.11000061035156
W_N_0076,18,20,True,3,4,6,3.88571663520053e-15,107.74000549316406,108.4000015258789
W_N_0076,19,12,True,1,0,2,1.0,110.58000183105469,119.33000183105469
W_N_0076,19,12,True,2,2,4,1.984892837151017e-17,96.52000427246094,103.5
W_N_0076,19,12,True,3,4,6,3.7929820718219437e-23,99.70500183105469,102.87000274658203
W_N_0076,19,19,True,1,0,2,1.0,73.92999267578125,79.0199966430664
W_N_0076,19,19,True,2,2,4,8.346971724915164e-11,96.35000610351562,102.83000183105469
W_N_0076,19,19,True,3,4,6,7.4271706785634e-17,122.02999877929688,123.75
W_N_0076,19,20,True,1,0,2,1.0,99.43499755859375,104.58000183105469
W_N_0076,19,20,True,2,2,4,2.4793977855113456e-16,96.96000671386719,103.51000213623047
W_N_0076,19,20,True,3,4,6,6.804753295937347e-23,93.18000030517578,96.91999816894531
W_N_0076,20,22,True,1,0,2,1.0,105.52999877929688,115.4000015258789
W_N_0076,20,22,True,2,2,4,1.1591444712850127e-15,102.16999816894531,109.45999908447266
W_N_0076,20,22,True,3,1998,2000,1.5672619944662234e-21,108.86000061035156,122.95999908447266
W_N_0076,21,4,True,1,0,2,1.0,102.23999786376953,109.80999755859375
W_N_0076,21,4,True,2,2,4,3.0486659712296218e-15,103.52999877929688,111.31999969482422
W_N_0076,21,4,True,3,4,6,5.962579277475326e-23,109.22999572753906,118.94000244140625
W_N_0076,21,6,True,1,0,2,1.0,93.58499908447266,98.27999877929688
W_N_0076,21,6,True,2,2,4,2.363052780947843e-16,94.39500427246094,99.66999816894531
W_N_0076,21,6,True,3,4,6,2.765454619253004e-21,92.07499694824219,101.0999984741211
W_N_0076,24,10,True,1,0,2,1.0,109.80500030517578,111.1500015258789
W_N_0076,24,10,True,2,2,4,6.76846903177597e-12,125.75,132.07000732421875
W_N_0076,24,10,True,3,338,340,5.688683457966789e-24,86.19000244140625,90.37999725341797
W_N_0111,2,8,True,1,0,2,1.0,91.31500244140625,91.86000061035156
W_N_0111,2,8,True,2,2,4,7.994029049829265e-12,104.77999877929688,111.55999755859375
W_N_0111,2,8,True,3,4,6,3.5677640756733215e-21,114.44000244140625,118.37999725341797
W_N_0111,3,13,True,1,0,2,1.0,106.63499450683594,108.95999908447266
W_N_0111,3,13,True,2,2,4,2.069459038270445e-15,99.44000244140625,103.55999755859375
W_N_0111,3,13,True,3,4,6,1.3352818195291742e-23,94.36000061035156,99.22000122070312
W_N_0111,4,12,True,1,0,2,1.0,86.125,94.83999633789062
W_N_0111,4,12,True,2,2,4,2.1005766570603157e-12,96.45999908447266,103.33999633789062
W_N_0111,4,12,True,3,4,6,1.9218900851396814e-22,98.36000061035156,107.05999755859375
W_N_0111,4,14,True,1,0,2,1.0,97.75,111.37000274658203
W_N_0111,4,14,True,2,2,4,7.74059635832991e-14,101.5050048828125,103.22000122070312
W_N_0111,4,14,True,3,4,6,2.7544146596699135e-18,110.49500274658203,119.51000213623047
W_N_0111,5,3,True,1,0,2,1.0,97.88500213623047,99.55000305175781
W_N_0111,5,3,True,2,2,4,2.9590885948158063e-14,109.10000610351562,118.54000091552734
W_N_0111,5,3,True,3,1998,2000,6.96609302153932e-24,117.16000366210938,119.55000305175781
W_N_0111,5,17,True,1,0,2,1.0,101.82499694824219,105.27999877929688
W_N_0111,5,17,True,2,2,4,4.014770998560669e-15,101.63500213623047,107.01000213623047
W_N_0111,5,17,True,3,4,6,9.932250257076491e-24,92.53999328613281,95.58999633789062
W_N_0111,5,23,True,1,0,2,1.0,106.36000061035156,107.37000274658203
W_N_0111,5,23,True,2,2,4,7.697597726026258e-16,105.03999328613281,108.94999694824219
W_N_0111,5,23,True,3,4,6,3.227660365769048e-21,122.53499603271484,131.39999389648438
W_N_0111,6,13,True,1,0,2,1.0,89.58000183105469,93.66000366210938
W_N_0111,6,13,True,2,2,4,3.5186746094942323e-13,95.82499694824219,110.88999938964844
W_N_0111,6,13,True,3,4,6,3.653350191832196e-19,98.30000305175781,110.1500015258789
W_N_0111,6,24,True,1,0,2,1.0,94.05999755859375,97.91000366210938
W_N_0111,6,24,True,2,2,4,2.3078800657011277e-17,75.28500366210938,78.62000274658203
W_N_0111,6,24,True,3,4,6,3.185303871644931e-20,93.77499389648438,102.33999633789062
W_N_0111,7,1,True,1,0,2,1.0,101.43000030517578,106.11000061035156
W_N_0111,7,1,True,2,2,4,2.494578309992037e-15,94.45999908447266,96.0
W_N_0111,7,1,True,3,4,6,9.518815795636058e-20,92.54499816894531,92.76000213623047
W_N_0111,7,3,True,1,0,2,1.0,108.94499969482422,117.22000122070312
W_N_0111,7,3,True,2,2,4,1.1158093227175844e-17,98.18000030517578,103.7300033569336
W_N_0111,7,3,True,3,4,6,1.7177649421756717e-21,120.84500122070312,121.66000366210938
W_N_0111,7,8,True,1,0,2,1.0,97.34500122070312,97.70999908447266
W_N_0111,7,8,True,2,2,4,4.843015484495448e-15,86.95999908447266,92.55999755859375
W_N_0111,7,8,True,3,4,6,9.088770572842134e-21,95.66500091552734,97.62000274658203
W_N_0111,9,22,True,1,0,2,1.0,87.84500122070312,92.16000366210938
W_N_0111,9,22,True,2,2,4,2.148263595551196e-15,91.83999633789062,102.25
W_N_0111,9,22,True,3,4,6,2.2892113850973878e-18,105.8499984741211,108.41999816894531
W_N_0111,10,2,True,1,0,2,1.0,111.89999389648438,113.44999694824219
W_N_0111,10,2,True,2,2,4,1.2672535423489528e-20,91.04499816894531,95.9000015258789
W_N_0111,10,2,True,3,4,6,2.3293492382430727e-22,120.84500122070312,120.91999816894531
W_N_0111,10,23,True,1,0,2,1.0,119.21499633789062,122.01000213623047
W_N_0111,10,23,True,2,2,4,2.6216333116371863e-17,111.21499633789062,118.66000366210938
W_N_0111,10,23,True,3,1998,2000,3.54310312257286e-23,123.2699966430664,136.75999450683594
W_N_0111,10,26,True,1,0,2,1.0,115.6500015258789,121.87000274658203
W_N_0111,10,26,True,2,2,4,2.1773093578554485e-18,98.26499938964844,102.7699966430664
W_N_0111,10,26,True,3,4,6,2.4283279631199513e-23,103.01000213623047,110.37000274658203
W_N_0111,11,6,True,1,0,2,1.0,103.08000183105469,105.95999908447266
W_N_0111,11,6,True,2,2,4,6.516134300540564e-18,86.70500183105469,103.69000244140625
W_N_0111,11,6,True,3,4,6,9.945644263277366e-22,93.61000061035156,95.06999969482422
W_N_0111,11,26,True,1,0,2,1.0,103.5,112.97000122070312
W_N_0111,11,26,True,2,2,4,7.315267064789046e-15,96.69999694824219,98.08999633789062
W_N_0111,11,26,True,3,4,6,7.541494098041534e-22,100.66999816894531,103.5199966430664
W_N_0111,12,1,True,1,0,2,1.0,101.625,110.69000244140625
W_N_0111,12,1,True,2,2,4,5.0633503534164466e-15,100.54499816894531,104.43000030517578
W_N_0111,12,1,True,3,1998,2000,7.724392666431165e-24,95.87999725341797,96.05999755859375
W_N_0111,12,23,True,1,0,2,1.0,100.75,107.05000305175781
W_N_0111,12,23,True,2,2,4,2.8907163494233234e-15,86.54499816894531,93.5999984741211
W_N_0111,12,23,True,3,4,6,9.37066387051869e-21,88.05000305175781,89.80000305175781
W_N_0111,13,0,True,1,0,2,1.0,92.95999908447266,95.5199966430664
W_N_0111,13,0,True,2,2,4,3.869728295398042e-14,91.38500213623047,92.30000305175781
W_N_0111,13,0,True,3,4,6,1.7264957769956192e-21,102.7249984741211,103.7699966430664
W_N_0111,14,11,True,1,0,2,1.0,106.61000061035156,119.44999694824219
W_N_0111,14,11,True,2,2,4,5.122890833760348e-18,85.07499694824219,106.05999755859375
W_N_0111,14,11,True,3,4,6,5.621250050066687e-24,83.53500366210938,90.62999725341797
W_N_0111,14,12,True,1,0,2,1.0,113.88999938964844,114.12999725341797
W_N_0111,14,12,True,2,2,4,8.522405455186892e-18,88.28999328613281,98.73999786376953
W_N_0111,14,12,True,3,1998,2000,5.39245149552194e-25,97.5,99.19000244140625
W_N_0111,14,14,True,1,0,2,1.0,105.69000244140625,112.08000183105469
W_N_0111,14,14,True,2,2,4,7.434168295673354e-18,105.26499938964844,108.08000183105469
W_N_0111,14,14,True,3,1998,2000,5.723439165684726e-26,103.36000061035156,106.70999908447266
W_N_0111,16,24,True,1,0,2,1.0,86.70999908447266,87.97000122070312
W_N_0111,16,24,True,2,2,4,1.6103236433651254e-14,83.61499786376953,85.16999816894531
W_N_0111,16,24,True,3,4,6,2.693321084860217e-17,97.93499755859375,107.0
W_N_0111,17,2,True,1,0,2,1.0,82.54499816894531,92.08000183105469
W_N_0111,17,2,True,2,2,4,3.860461950111471e-10,100.5999984741211,102.81999969482422
W_N_0111,17,2,True,3,4,6,8.942830258556564e-17,105.66000366210938,111.87999725341797
W_N_0111,17,3,True,1,0,2,1.0,117.75,121.72000122070312
W_N_0111,17,3,True,2,2,4,1.1571210154531406e-15,118.73999786376953,125.69999694824219
W_N_0111,17,3,True,3,1998,2000,1.1656251106004447e-26,111.60499572753906,122.1500015258789
W_N_0111,17,4,True,1,0,2,1.0,106.42999267578125,123.33999633789062
W_N_0111,17,4,True,2,2,4,1.525201829660457e-15,110.4749984741211,111.43000030517578
W_N_0111,17,4,True,3,4,6,9.244333034583955e-22,106.02999877929688,117.83000183105469
W_N_0111,17,5,True,1,0,2,1.0,100.6500015258789,110.7300033569336
W_N_0111,17,5,True,2,2,4,6.0921387834596274e-15,94.51499938964844,103.58999633789062
W_N_0111,17,5,True,3,1998,2000,3.844803341806096e-21,93.8499984741211,99.8499984741211
W_N_0111,17,25,True,1,0,2,1.0,102.18499755859375,107.19000244140625
W_N_0111,17,25,True,2,2,4,6.150586174402542e-15,102.13500213623047,105.76000213623047
W_N_0111,17,25,True,3,4,6,1.3050288775962036e-20,99.39500427246094,101.80999755859375
W_N_0111,20,10,True,1,0,2,1.0,116.99000549316406,125.30000305175781
W_N_0111,20,10,True,2,2,4,2.542468388159493e-16,97.61000061035156,109.41999816894531
W_N_0111,20,10,True,3,4,6,3.839872358458733e-24,102.08499908447266,103.22000122070312
W_N_0111,21,7,True,1,0,2,1.0,101.41999816894531,115.30000305175781
W_N_0111,21,7,True,2,2,4,6.540422717304928e-12,109.69000244140625,111.19000244140625
W_N_0111,21,7,True,3,4,6,5.173424363794939e-24,89.08999633789062,98.69000244140625
W_N_0111,21,16,True,1,0,2,1.0,78.72000122070312,84.29000091552734
W_N_0111,21,16,True,2,2,4,1.2818673206238529e-11,98.47000122070312,102.12000274658203
W_N_0111,21,16,True,3,4,6,1.6489057104723267e-20,105.02499389648438,112.94999694824219
W_N_0111,21,20,True,1,0,2,1.0,113.9949951171875,116.37999725341797
W_N_0111,21,20,True,2,2,4,1.012790119240153e-18,104.83000183105469,106.16000366210938
W_N_0111,21,20,True,3,4,6,2.0851464804450913e-25,104.79000091552734,107.12000274658203
W_N_0111,22,11,True,1,0,2,1.0,84.57499694824219,88.63999938964844
W_N_0111,22,11,True,2,2,4,1.895001169871513e-11,86.05500030517578,93.55999755859375
W_N_0111,22,11,True,3,4,6,5.607905373516733e-17,89.95999908447266,100.55999755859375
W_N_0111,22,17,True,1,0,2,1.0,106.44000244140625,115.20999908447266
W_N_0111,22,17,True,2,2,4,1.2556891595581158e-14,97.23999786376953,98.08999633789062
W_N_0111,22,17,True,3,4,6,1.5687864776318938e-22,100.61499786376953,101.73999786376953
W_N_0111,23,13,True,1,0,2,1.0,102.97999572753906,113.73999786376953
W_N_0111,23,13,True,2,2,4,1.023812992392327e-13,90.49500274658203,96.55000305175781
W_N_0111,23,13,True,3,4,6,1.1698004104592678e-16,106.73500061035156,119.93000030517578
W_N_0111,24,10,True,1,0,2,1.0,108.6199951171875,118.86000061035156
W_N_0111,24,10,True,2,2,4,8.070214401666121e-16,111.49500274658203,112.51000213623047
W_N_0111,24,10,True,3,4,6,4.6191920699171874e-23,106.97000122070312,116.2699966430664
W_F_0047,1,15,True,1,0,2,1.0,91.63500213623047,96.91000366210938
W_F_0047,1,15,True,2,2,4,3.1324522511456954e-13,90.30999755859375,96.56999969482422
W_F_0047,1,15,True,3,4,6,5.905608727398675e-21,80.96499633789062,90.12999725341797
W_F_0047,1,16,True,1,0,2,1.0,93.7249984741211,97.36000061035156
W_F_0047,1,16,True,2,2,4,2.0121253103647124e-16,96.10499572753906,99.91999816894531
W_F_0047,1,16,True,3,4,6,2.257459902188175e-21,101.06999969482422,105.86000061035156
W_F_0047,2,15,True,1,0,2,1.0,95.3699951171875,105.23999786376953
W_F_0047,2,15,True,2,2,4,1.5511726221529264e-14,101.70500183105469,108.05000305175781
W_F_0047,2,15,True,3,4,6,1.7204668097087154e-21,97.25,97.37000274658203
W_F_0047,2,24,True,1,0,2,1.0,112.0,116.30000305175781
W_F_0047,2,24,True,2,2,4,6.213829730590607e-17,95.01000213623047,98.16000366210938
W_F_0047,2,24,True,3,4,6,7.42565044208968e-22,105.94999694824219,106.66999816894531
W_F_0047,3,20,True,1,0,2,1.0,116.2550048828125,121.77999877929688
W_F_0047,3,20,True,2,2,4,9.533402143461453e-17,109.02499389648438,117.2699966430664
W_F_0047,3,20,True,3,1998,2000,3.994996974393594e-25,86.85499572753906,89.6500015258789
W_F_0047,3,24,True,1,0,2,1.0,101.66000366210938,103.9800033569336
W_F_0047,3,24,True,2,2,4,2.4026404645124608e-14,95.47000122070312,100.41000366210938
W_F_0047,3,24,True,3,4,6,4.698657297939691e-20,94.54499816894531,101.83000183105469
W_F_0047,3,25,True,1,0,2,1.0,93.29000091552734,97.29000091552734
W_F_0047,3,25,True,2,2,4,1.1590344840568118e-14,91.3699951171875,91.95999908447266
W_F_0047,3,25,True,3,4,6,1.3758304281483581e-15,111.94499969482422,118.19000244140625
W_F_0047,4,10,True,1,0,2,1.0,90.05999755859375,91.6500015258789
W_F_0047,4,10,True,2,2,4,4.9988081369015634e-15,101.1300048828125,108.22000122070312
W_F_0047,4,10,True,3,4,6,7.924343416231122e-21,109.2550048828125,120.5999984741211
W_F_0047,4,16,True,1,0,2,1.0,85.72000122070312,92.97000122070312
W_F_0047,4,16,True,2,2,4,2.045172841844134e-12,107.40499877929688,112.5999984741211
W_F_0047,4,16,True,3,4,6,3.4137621095441276e-20,96.4949951171875,96.66999816894531
W_F_0047,4,22,True,1,0,2,1.0,101.06999969482422,111.88999938964844
W_F_0047,4,22,True,2,2,4,1.3714622970270596e-12,116.00499725341797,125.23999786376953
W_F_0047,4,22,True,3,4,6,1.6223134289762024e-21,106.11500549316406,110.75
W_F_0047,4,27,True,1,0,2,1.0,116.63999938964844,119.54000091552734
W_F_0047,4,27,True,2,2,4,5.986237218679738e-15,110.5050048828125,113.7300033569336
W_F_0047,4,27,True,3,4,6,1.6892563925851982e-22,88.91500091552734,89.97000122070312
W_F_0047,5,11,True,1,0,2,1.0,124.6050033569336,139.24000549316406
W_F_0047,5,11,True,2,2,4,2.1861958690360308e-20,90.16500091552734,91.54000091552734
W_F_0047,5,11,True,3,4,6,4.4172705191729085e-25,91.41999816894531,97.3499984741211
W_F_0047,5,26,True,1,0,2,1.0,110.55000305175781,111.06999969482422
W_F_0047,5,26,True,2,2,4,1.1279731294304624e-15,101.79499816894531,105.56999969482422
W_F_0047,5,26,True,3,4,6,4.846453935251478e-22,102.53500366210938,113.4000015258789
W_F_0047,7,20,True,1,0,2,1.0,113.01499938964844,115.7300033569336
W_F_0047,7,20,True,2,2,4,4.2351752394800476e-14,98.79499816894531,109.18000030517578
W_F_0047,7,20,True,3,4,6,1.593280076100123e-20,91.96499633789062,92.0
W_F_0047,11,6,True,1,0,2,1.0,97.25,98.9000015258789
W_F_0047,11,6,True,2,2,4,5.388679953644004e-13,105.44499969482422,113.06999969482422
W_F_0047,11,6,True,3,4,6,1.2625874843682008e-20,95.76499938964844,116.19999694824219
W_F_0047,11,13,True,1,0,2,1.0,113.35000610351562,124.22000122070312
W_F_0047,11,13,True,2,2,4,2.013631308475151e-15,118.39500427246094,119.12000274658203
W_F_0047,11,13,True,3,1998,2000,3.872233404943162e-24,102.18499755859375,103.75
W_F_0047,11,22,True,1,0,2,1.0,122.94499969482422,124.08999633789062
W_F_0047,11,22,True,2,2,4,7.391762610255582e-15,119.73999786376953,127.41999816894531
W_F_0047,11,22,True,3,724,726,2.0249067444435058e-24,96.30000305175781,96.37999725341797
W_F_0047,11,27,True,1,0,2,1.0,96.0999984741211,99.56999969482422
W_F_0047,11,27,True,2,2,4,2.5144627048903634e-13,102.98500061035156,109.5999984741211
W_F_0047,11,27,True,3,4,6,1.1621117173255564e-21,104.5,115.44000244140625
W_F_0047,11,32,True,1,0,2,1.0,108.17500305175781,108.19999694824219
W_F_0047,11,32,True,2,2,4,9.982320552841609e-15,97.33999633789062,106.72000122070312
W_F_0047,11,32,True,3,1998,2000,4.6445092984928074e-24,108.08999633789062,110.48999786376953
W_F_0047,12,3,True,1,0,2,1.0,101.53500366210938,108.68000030517578
W_F_0047,12,3,True,2,2,4,2.922953762710123e-13,106.17500305175781,112.16999816894531
W_F_0047,12,3,True,3,4,6,1.0976917757538824e-20,102.25499725341797,117.12999725341797
W_F_0047,12,21,True,1,0,2,1.0,85.58000183105469,90.11000061035156
W_F_0047,12,21,True,2,2,4,7.32276045356528e-12,100.36000061035156,108.1500015258789
W_F_0047,12,21,True,3,4,6,5.202526936375552e-20,96.75,102.05000305175781
W_F_0047,12,24,True,1,0,2,1.0,92.72500610351562,93.30000305175781
W_F_0047,12,24,True,2,2,4,1.350951902429065e-12,90.09500122070312,93.75
W_F_0047,12,24,True,3,4,6,2.2387777282006928e-17,98.0250015258789,98.18000030517578
W_F_0047,13,1,True,1,0,2,1.0,90.55999755859375,91.80999755859375
W_F_0047,13,1,True,2,2,4,2.927071020460137e-13,109.51000213623047,116.61000061035156
W_F_0047,13,1,True,3,4,6,1.2089577362437885e-22,96.2550048828125,109.25
W_F_0047,13,3,True,1,0,2,1.0,110.36000061035156,112.54000091552734
W_F_0047,13,3,True,2,2,4,2.028340882637169e-15,101.02499389648438,102.8499984741211
W_F_0047,13,3,True,3,4,6,6.109361931912204e-22,103.17500305175781,115.12999725341797
W_F_0047,13,9,True,1,0,2,1.0,95.7449951171875,95.86000061035156
W_F_0047,13,9,True,2,2,4,3.503138534463601e-13,105.50499725341797,107.80999755859375
W_F_0047,13,9,True,3,4,6,3.8653561155714454e-24,96.58000183105469,102.41999816894531
W_F_0047,13,25,True,1,0,2,1.0,100.20999908447266,102.3499984741211
W_F_0047,13,25,True,2,2,4,1.5972579695713147e-15,86.22000122070312,92.58000183105469
W_F_0047,13,25,True,3,4,6,2.032695583101589e-21,99.22999572753906,107.37999725341797
W_F_0047,14,3,True,1,0,2,1.0,94.94999694824219,100.63999938964844
W_F_0047,14,3,True,2,2,4,1.4918122076199025e-12,103.06500244140625,110.7300033569336
W_F_0047,14,3,True,3,4,6,1.4538946498886826e-20,86.68000030517578,90.95999908447266
W_F_0047,14,7,True,1,0,2,1.0,106.60499572753906,110.05999755859375
W_F_0047,14,7,True,2,2,4,1.2285192159047736e-17,99.60499572753906,106.77999877929688
W_F_0047,14,7,True,3,1998,2000,1.028211464393526e-22,100.13999938964844,105.69000244140625
W_F_0047,14,25,True,1,0,2,1.0,104.82499694824219,109.36000061035156
W_F_0047,14,25,True,2,2,4,4.80777886095011e-17,94.7550048828125,99.06999969482422
W_F_0047,14,25,True,3,4,6,1.618923857749536e-23,94.61499786376953,109.44999694824219
W_F_0047,15,3,True,1,0,2,1.0,94.75,96.12999725341797
W_F_0047,15,3,True,2,2,4,9.923509361247848e-15,97.80500030517578,100.30000305175781
W_F_0047,15,3,True,3,4,6,4.887787944473393e-20,114.63999938964844,121.05999755859375
W_F_0047,15,7,True,1,0,2,1.0,97.9000015258789,104.44000244140625
W_F_0047,15,7,True,2,2,4,3.075844632704876e-14,102.33499908447266,105.30999755859375
W_F_0047,15,7,True,3,4,6,4.393437474677398e-19,110.74000549316406,114.43000030517578
W_F_0047,15,24,True,1,0,2,1.0,99.98999786376953,104.0999984741211
W_F_0047,15,24,True,2,2,4,5.178095799363014e-12,106.75499725341797,114.41999816894531
W_F_0047,15,24,True,3,4,6,6.164261400257401e-21,98.79499816894531,99.86000061035156
W_F_0047,15,26,True,1,0,2,1.0,89.23500061035156,91.98999786376953
W_F_0047,15,26,True,2,2,4,1.8204564239529195e-14,75.58000183105469,76.98999786376953
W_F_0047,15,26,True,3,4,6,2.3627876530179076e-19,79.3949966430664,84.2699966430664
W_F_0047,16,21,True,1,0,2,1.0,102.13999938964844,111.58000183105469
W_F_0047,16,21,True,2,2,4,2.7127205917774205e-14,101.51499938964844,103.80999755859375
W_F_0047,16,21,True,3,4,6,4.9798198655555866e-20,105.4949951171875,107.02999877929688
W_F_0047,17,14,True,1,0,2,1.0,95.75999450683594,112.83999633789062
W_F_0047,17,14,True,2,2,4,1.0094822198346504e-15,101.04499816894531,112.48999786376953
W_F_0047,17,14,True,3,4,6,1.6508930139134693e-22,91.55999755859375,93.29000091552734
W_F_0047,18,0,True,1,0,2,1.0,106.21000671386719,113.94000244140625
W_F_0047,18,0,True,2,2,4,8.549886493236514e-11,108.23500061035156,112.7699966430664
W_F_0047,18,0,True,3,4,6,1.902694079884275e-18,107.53500366210938,109.76000213623047
W_F_0047,18,11,True,1,0,2,1.0,81.34500122070312,91.95999908447266
W_F_0047,18,11,True,2,2,4,8.331308420927996e-10,100.95999908447266,113.80999755859375
W_F_0047,18,11,True,3,4,6,2.6607057172667206e-16,106.9749984741211,110.98999786376953
W_F_0047,18,15,True,1,0,2,1.0,90.32499694824219,95.91999816894531
W_F_0047,18,15,True,2,2,4,2.939019334976742e-14,91.63500213623047,101.83000183105469
W_F_0047,18,15,True,3,4,6,6.369626758782163e-20,96.33000183105469,98.37000274658203
W_F_0047,18,25,True,1,0,2,1.0,113.34500122070312,116.55000305175781
W_F_0047,18,25,True,2,2,4,2.0548264911670678e-16,107.14999389648438,108.66999816894531
W_F_0047,18,25,True,3,4,6,6.004214472528678e-22,109.48999786376953,115.38999938964844
W_F_0047,18,26,True,1,0,2,1.0,106.02999877929688,114.19999694824219
W_F_0047,18,26,True,2,2,4,5.023577709619884e-17,91.2550048828125,107.08000183105469
W_F_0047,18,26,True,3,4,6,2.3114314776267714e-24,85.58499908447266,90.87999725341797
W_F_0047,18,32,True,1,0,2,1.0,113.05999755859375,120.43000030517578
W_F_0047,18,32,True,2,2,4,9.183169107546173e-16,109.44000244140625,122.37000274658203
W_F_0047,18,32,True,3,4,6,1.3631762961251966e-24,99.89999389648438,102.66999816894531
W_F_0047,19,6,True,1,0,2,1.0,107.13499450683594,115.27999877929688
W_F_0047,19,6,True,2,2,4,4.2834757898137427e-16,107.52000427246094,109.91999816894531
W_F_0047,19,6,True,3,4,6,1.2705292765293748e-22,112.29000091552734,112.81999969482422
W_F_0047,19,9,True,1,0,2,1.0,110.83999633789062,112.66999816894531
W_F_0047,19,9,True,2,2,4,2.2227574327567806e-14,106.48500061035156,125.69000244140625
W_F_0047,19,9,True,3,4,6,1.0809699642419535e-21,90.44499969482422,93.02999877929688
W_F_0047,19,23,True,1,0,2,1.0,105.86499786376953,110.0199966430664
W_F_0047,19,23,True,2,2,4,3.321067955418342e-16,95.625,106.16000366210938
W_F_0047,19,23,True,3,4,6,8.052587103388081e-25,84.27999877929688,90.3499984741211
W_F_0047,20,6,True,1,0,2,1.0,100.48999786376953,116.33999633789062
W_F_0047,20,6,True,2,2,4,1.6882059088212586e-15,104.56999969482422,111.52999877929688
W_F_0047,20,6,True,3,4,6,2.733806933374279e-23,98.2449951171875,101.52999877929688
W_F_0047,20,12,True,1,0,2,1.0,91.37999725341797,94.23999786376953
W_F_0047,20,12,True,2,2,4,1.3836643419570804e-12,100.18499755859375,105.87999725341797
W_F_0047,20,12,True,3,4,6,2.935661409011281e-19,99.12000274658203,100.55000305175781
W_F_0047,20,24,True,1,0,2,1.0,124.94500732421875,128.24000549316406
W_F_0047,20,24,True,2,2,4,5.205867388957074e-18,105.36000061035156,111.58999633789062
W_F_0047,20,24,True,3,4,6,8.776627248862514e-23,106.79499816894531,114.43000030517578
W_F_0047,21,31,True,1,0,2,1.0,107.70999908447266,112.27999877929688
W_F_0047,21,31,True,2,2,4,1.6723666309356196e-16,101.33000183105469,109.0199966430664
W_F_0047,21,31,True,3,4,6,2.3774205600955048e-23,91.15499877929688,93.83000183105469
W_F_0047,22,7,True,1,0,2,1.0,113.68499755859375,118.4000015258789
W_F_0047,22,7,True,2,2,4,6.62475717703919e-19,98.30500030517578,99.55999755859375
W_F_0047,22,7,True,3,4,6,1.431095287355508e-23,100.67500305175781,103.88999938964844
W_F_0047,22,9,True,1,0,2,1.0,118.53999328613281,119.12999725341797
W_F_0047,22,9,True,2,2,4,5.95933948808915e-19,105.57499694824219,111.81999969482422
W_F_0047,22,9,True,3,4,6,1.849362907711258e-23,106.13500213623047,116.36000061035156
W_F_0047,22,13,True,1,0,2,1.0,81.44000244140625,102.58999633789062
W_F_0047,22,13,True,2,2,4,8.748476660984383e-13,106.84500122070312,114.08000183105469
W_F_0047,22,13,True,3,4,6,4.06355771714428e-20,110.40499877929688,114.73999786376953
W_F_0047,22,30,True,1,0,2,1.0,106.71000671386719,111.30000305175781
W_F_0047,22,30,True,2,2,4,1.0208480255582638e-15,99.05999755859375,105.33000183105469
W_F_0047,22,30,True,3,4,6,6.216184553205184e-22,106.69000244140625,111.95999908447266
W_F_0047,23,15,True,1,0,2,1.0,120.6300048828125,122.12000274658203
W_F_0047,23,15,True,2,2,4,1.9188299308674382e-20,112.55000305175781,117.0999984741211
W_F_0047,23,15,True,3,4,6,1.6660623989131986e-24,118.30500030517578,119.1500015258789
W_F_0047,23,22,True,1,0,2,1.0,92.6500015258789,94.51000213623047
W_F_0047,23,22,True,2,2,4,5.357885576179333e-12,102.00999450683594,103.69999694824219
W_F_0047,23,22,True,3,4,6,9.656183353517267e-20,101.41500091552734,107.83000183105469
W_F_0047,23,26,True,1,0,2,1.0,96.70500183105469,109.62000274658203
W_F_0047,23,26,True,2,2,4,5.850082245885402e-13,100.6199951171875,114.12999725341797
W_F_0047,23,26,True,3,4,6,8.549777585439307e-21,100.46499633789062,103.81999969482422
W_F_0047,23,29,True,1,0,2,1.0,103.69999694824219,107.56999969482422
W_F_0047,23,29,True,2,2,4,2.1006054985321697e-15,94.68000030517578,95.1500015258789
W_F_0047,23,29,True,3,4,6,5.1639630027559896e-23,94.15499877929688,97.87000274658203
W_F_0047,24,9,True,1,0,2,1.0,82.4949951171875,84.41999816894531
W_F_0047,24,9,True,2,2,4,1.200963106740005e-09,104.06999969482422,107.37000274658203
W_F_0047,24,9,True,3,4,6,2.298109780536927e-18,107.14500427246094,115.62999725341797
W_F_0047,24,17,True,1,0,2,1.0,101.56500244140625,109.54000091552734
W_F_0047,24,17,True,2,2,4,8.05849358325849e-16,96.92500305175781,100.16999816894531
W_F_0047,24,17,True,3,4,6,2.3319412607951927e-18,118.2249984741211,122.16999816894531
W_F_0047,24,22,True,1,0,2,1.0,103.42500305175781,118.9000015258789
W_F_0047,24,22,True,2,2,4,3.15983496921069e-16,99.56500244140625,103.37000274658203
W_F_0047,24,22,True,3,4,6,2.735121175642377e-23,100.85000610351562,104.33000183105469
W_F_0047,24,28,True,1,0,2,1.0,91.67500305175781,95.81999969482422
W_F_0047,24,28,True,2,2,4,2.44297550938688e-12,99.7449951171875,103.72000122070312
W_F_0047,24,28,True,3,4,6,1.0376891119391801e-20,90.36500549316406,94.81999969482422
W_F_0047,25,22,True,1,0,2,1.0,93.7449951171875,98.0999984741211
W_F_0047,25,22,True,2,2,4,3.252888952122446e-13,94.69000244140625,97.38999938964844
W_F_0047,25,22,True,3,4,6,4.6752713510591685e-20,102.86499786376953,106.5199966430664
W_F_0047,25,24,True,1,0,2,1.0,110.53500366210938,111.44999694824219
W_F_0047,25,24,True,2,2,4,6.011687594129414e-14,112.9749984741211,116.75
W_F_0047,25,24,True,3,1998,2000,1.4662061649048789e-24,99.96499633789062,103.81999969482422
W_F_0047,26,12,True,1,0,2,1.0,96.29000091552734,97.25
W_F_0047,26,12,True,2,2,4,5.368268329863923e-12,108.14500427246094,113.33000183105469
W_F_0047,26,12,True,3,1998,2000,1.6324937483778392e-22,104.90499877929688,105.62999725341797
W_F_0047,26,16,True,1,0,2,1.0,120.38499450683594,127.68000030517578
W_F_0047,26,16,True,2,2,4,1.2183085315106435e-16,116.08999633789062,127.44999694824219
W_F_0047,26,16,True,3,4,6,3.435491707427835e-25,99.54000091552734,104.06999969482422
W_F_0047,27,17,True,1,0,2,1.0,118.19499206542969,128.14999389648438
W_F_0047,27,17,True,2,2,4,3.55517727412759e-17,109.33999633789062,111.55000305175781
W_F_0047,27,17,True,3,1998,2000,1.6708596284781948e-26,114.3800048828125,117.41000366210938
W_F_0047,28,13,True,1,0,2,1.0,89.36000061035156,90.0999984741211
W_F_0047,28,13,True,2,2,4,1.0327259880593687e-11,89.0,89.69000244140625
W_F_0047,28,13,True,3,4,6,2.2523292627400265e-17,95.52000427246094,97.26000213623047
W_F_0047,28,22,True,1,0,2,1.0,98.27999877929688,98.4000015258789
W_F_0047,28,22,True,2,2,4,1.0289724479509718e-15,99.66000366210938,104.52999877929688
W_F_0047,28,22,True,3,4,6,1.8361554197828135e-22,88.26499938964844,90.37999725341797
W_F_0047,29,13,True,1,0,2,1.0,80.1500015258789,84.86000061035156
W_F_0047,29,13,True,2,2,4,2.0997146243928455e-09,99.96499633789062,112.44999694824219
W_F_0047,29,13,True,3,4,6,2.7768876679878766e-17,101.60499572753906,110.79000091552734
W_N_0144,3,14,True,1,0,2,1.0,100.58500671386719,102.30000305175781
W_N_0144,3,14,True,2,2,4,2.8114569354498967e-15,102.81500244140625,103.43000030517578
W_N_0144,3,14,True,3,4,6,1.702110104796644e-21,90.0999984741211,96.66999816894531
W_N_0144,4,26,True,1,0,2,1.0,100.88999938964844,108.48999786376953
W_N_0144,4,26,True,2,2,4,7.325906645639507e-15,114.625,117.30000305175781
W_N_0144,4,26,True,3,4,6,1.2406571966414449e-22,102.91000366210938,103.81999969482422
W_N_0144,4,27,True,1,0,2,1.0,99.96499633789062,103.94000244140625
W_N_0144,4,27,True,2,2,4,9.599235132308834e-17,106.54000091552734,110.9000015258789
W_N_0144,4,27,True,3,4,6,1.0727009853939075e-21,106.0,109.5
W_N_0144,6,22,True,1,0,2,1.0,104.23999786376953,116.95999908447266
W_N_0144,6,22,True,2,2,4,5.986722619380491e-13,115.68499755859375,123.4000015258789
W_N_0144,6,22,True,3,4,6,1.3061103031560173e-19,116.10499572753906,118.04000091552734
W_N_0144,7,29,True,1,0,2,1.0,100.55000305175781,106.33999633789062
W_N_0144,7,29,True,2,2,4,4.699492097554048e-12,115.30500030517578,116.58000183105469
W_N_0144,7,29,True,3,4,6,1.0598038340833993e-20,106.62999725341797,116.41999816894531
W_N_0144,10,1,True,1,0,2,1.0,97.83000183105469,101.93000030517578
W_N_0144,10,1,True,2,2,4,1.3655201101803183e-14,104.51499938964844,104.56999969482422
W_N_0144,10,1,True,3,4,6,1.9240311167453236e-23,99.56999969482422,103.79000091552734
W_N_0144,10,30,True,1,0,2,1.0,87.88499450683594,87.93000030517578
W_N_0144,10,30,True,2,2,4,1.4049470798311063e-16,93.02999877929688,96.44000244140625
W_N_0144,10,30,True,3,4,6,4.4455562116133526e-23,100.14500427246094,105.6500015258789
W_N_0144,11,2,True,1,0,2,1.0,82.60000610351562,90.37000274658203
W_N_0144,11,2,True,2,2,4,3.262778588974946e-11,80.84500122070312,80.88999938964844
W_N_0144,11,2,True,3,4,6,7.839057489086422e-18,83.02999877929688,90.69999694824219
W_N_0144,11,18,True,1,0,2,1.0,100.66000366210938,105.04000091552734
W_N_0144,11,18,True,2,2,4,5.274494491343262e-13,106.43499755859375,112.1500015258789
W_N_0144,11,18,True,3,4,6,1.954375882087662e-22,97.97999572753906,102.62000274658203
W_N_0144,11,31,True,1,0,2,1.0,102.72000122070312,106.22000122070312
W_N_0144,11,31,True,2,2,4,4.871975223324717e-16,87.30000305175781,88.58000183105469
W_N_0144,11,31,True,3,4,6,7.08723098177249e-21,94.69499969482422,100.95999908447266
W_N_0144,12,33,True,1,0,2,1.0,113.54499816894531,114.54000091552734
W_N_0144,12,33,True,2,2,4,8.449320937868729e-16,96.07499694824219,104.52999877929688
W_N_0144,12,33,True,3,4,6,1.153323226239768e-21,98.66000366210938,99.77999877929688
W_N_0144,13,2,True,1,0,2,1.0,93.24000549316406,97.55000305175781
W_N_0144,13,2,True,2,2,4,4.388153709622205e-15,95.08000183105469,97.3499984741211
W_N_0144,13,2,True,3,4,6,4.1483247306262706e-19,118.52499389648438,120.8499984741211
W_N_0144,14,3,True,1,0,2,1.0,92.47999572753906,94.31999969482422
W_N_0144,14,3,True,2,2,4,3.1441563762280023e-12,104.43499755859375,110.9800033569336
W_N_0144,14,3,True,3,4,6,2.2321153467134916e-19,103.79499816894531,116.52999877929688
W_N_0144,14,32,True,1,0,2,1.0,102.71499633789062,104.93000030517578
W_N_0144,14,32,True,2,2,4,3.6383271612497325e-13,113.87000274658203,118.80000305175781
W_N_0144,14,32,True,3,1998,2000,1.4252456249969172e-21,97.01000213623047,97.1500015258789
W_N_0144,14,33,True,1,0,2,1.0,111.99000549316406,120.22000122070312
W_N_0144,14,33,True,2,2,4,2.0860459418460442e-17,97.94499969482422,99.62000274658203
W_N_0144,14,33,True,3,4,6,4.2680862015336854e-20,113.11000061035156,116.29000091552734
W_N_0144,15,1,True,1,0,2,1.0,103.46499633789062,110.37000274658203
W_N_0144,15,1,True,2,2,4,2.5769045953481776e-18,86.63999938964844,90.4000015258789
W_N_0144,15,1,True,3,4,6,1.1008230814932441e-22,97.50999450683594,101.30999755859375
W_N_0144,16,1,True,1,0,2,1.0,127.23500061035156,135.07000732421875
W_N_0144,16,1,True,2,2,4,2.1875973908746826e-20,100.54000091552734,110.12000274658203
W_N_0144,16,1,True,3,1998,2000,6.152338032732249e-25,110.48500061035156,115.83999633789062
W_N_0144,16,34,True,1,0,2,1.0,105.19499969482422,109.5
W_N_0144,16,34,True,2,2,4,1.3518778187076642e-15,103.86499786376953,104.94999694824219
W_N_0144,16,34,True,3,4,6,1.8520607488982416e-22,109.73500061035156,113.4000015258789
W_N_0144,17,8,True,1,0,2,1.0,107.15499877929688,109.41000366210938
W_N_0144,17,8,True,2,2,4,8.581294097355767e-17,105.88499450683594,110.5199966430664
W_N_0144,17,8,True,3,4,6,5.926220175454863e-26,104.62999725341797,108.08999633789062
W_N_0144,17,23,True,1,0,2,1.0,116.32500457763672,129.07000732421875
W_N_0144,17,23,True,2,2,4,4.5676377412141254e-17,100.70500183105469,109.69000244140625
W_N_0144,17,23,True,3,4,6,2.2941723527574573e-22,107.51000213623047,110.01000213623047
W_N_0144,17,31,True,1,0,2,1.0,101.04000091552734,102.52999877929688
W_N_0144,17,31,True,2,2,4,1.164295168522983e-13,108.11500549316406,112.5
W_N_0144,17,31,True,3,4,6,7.806983247764184e-24,92.97500610351562,94.66000366210938
W_N_0144,17,33,True,1,0,2,1.0,103.45500183105469,111.44999694824219
W_N_0144,17,33,True,2,2,4,3.8101696819316244e-14,105.86000061035156,113.58999633789062
W_N_0144,17,33,True,3,1998,2000,1.0949293715082886e-24,96.91000366210938,101.94000244140625
W_N_0144,20,18,True,1,0,2,1.0,93.2750015258789,95.6500015258789
W_N_0144,20,18,True,2,2,4,3.241542505336842e-13,100.76499938964844,104.02999877929688
W_N_0144,20,18,True,3,4,6,2.730544520214647e-23,85.43499755859375,86.23999786376953
W_N_0144,20,25,True,1,0,2,1.0,98.97000122070312,107.87999725341797
W_N_0144,20,25,True,2,2,4,5.211521318659873e-14,100.52999877929688,101.16000366210938
W_N_0144,20,25,True,3,4,6,5.250250754270726e-22,110.76000213623047,115.12000274658203
W_N_0144,20,26,True,1,0,2,1.0,94.4749984741211,97.37999725341797
W_N_0144,20,26,True,2,2,4,2.447881036326399e-13,79.34500122070312,82.30999755859375
W_N_0144,20,26,True,3,4,6,4.260363966452317e-18,93.82499694824219,95.44000244140625
W_N_0144,22,13,True,1,0,2,1.0,104.4749984741211,111.7699966430664
W_N_0144,22,13,True,2,2,4,1.505650429883476e-16,99.53500366210938,101.47000122070312
W_N_0144,22,13,True,3,4,6,1.1374888567404864e-21,101.91999816894531,102.2300033569336
W_N_0144,22,27,True,1,0,2,1.0,109.45500183105469,113.61000061035156
W_N_0144,22,27,True,2,2,4,3.545323146929118e-14,117.79499816894531,127.80000305175781
W_N_0144,22,27,True,3,4,6,2.7994168104058727e-23,100.4749984741211,112.25
W_N_0144,24,6,True,1,0,2,1.0,107.18000030517578,114.02999877929688
W_N_0144,24,6,True,2,2,4,4.846235717413661e-13,120.41499328613281,122.55999755859375
W_N_0144,24,6,True,3,4,6,5.081770322863564e-23,104.81500244140625,105.58999633789062
W_N_0144,24,23,True,1,0,2,1.0,103.75999450683594,108.5999984741211
W_N_0144,24,23,True,2,2,4,3.8295477628857294e-15,108.91499328613281,108.94999694824219
W_N_0144,24,23,True,3,1998,2000,2.79772700132156e-25,97.77000427246094,109.48999786376953
W_N_0144,26,9,True,1,0,2,1.0,113.86000061035156,115.58000183105469
W_N_0144,26,9,True,2,2,4,1.290413137587952e-16,95.1300048828125,100.66000366210938
W_N_0144,26,9,True,3,4,6,1.280859883399787e-23,93.625,103.98999786376953
W_N_0144,28,19,True,1,0,2,1.0,107.55999755859375,113.16999816894531
W_N_0144,28,19,True,2,2,4,7.066192367967709e-16,95.33499908447266,98.30999755859375
W_N_0144,28,19,True,3,1998,2000,1.131805246447001e-22,105.21000671386719,106.01000213623047
W_N_0144,31,16,True,1,0,2,1.0,120.79499816894531,130.8300018310547
W_N_0144,31,16,True,2,2,4,1.229649144621521e-17,112.11500549316406,116.18000030517578
W_N_0144,31,16,True,3,1998,2000,2.1738264467384537e-23,93.97999572753906,101.4000015258789
W_N_0144,32,17,True,1,0,2,1.0,101.92500305175781,103.77999877929688
W_N_0144,32,17,True,2,2,4,9.450277982847501e-15,105.31500244140625,109.93000030517578
W_N_0144,32,17,True,3,4,6,1.2254970570915247e-22,118.02999877929688,128.83999633789062
W_N_0144,32,18,True,1,0,2,1.0,92.30500030517578,102.54000091552734
W_N_0144,32,18,True,2,2,4,9.067306801224806e-12,97.25,109.80999755859375
W_N_0144,32,18,True,3,4,6,1.7724693687641298e-20,97.375,101.7699966430664
W_N_0077,2,25,True,1,0,2,1.0,96.24000549316406,102.06999969482422
W_N_0077,2,25,True,2,2,4,1.9737663380873377e-14,84.68000030517578,88.77999877929688
W_N_0077,2,25,True,3,4,6,1.6748484209274625e-18,99.04499816894531,100.33000183105469
W_N_0077,4,25,True,1,0,2,1.0,98.10499572753906,98.26000213623047
W_N_0077,4,25,True,2,2,4,4.220770681882336e-15,101.98999786376953,104.94999694824219
W_N_0077,4,25,True,3,4,6,1.4426559492582132e-22,102.58000183105469,113.01000213623047
W_N_0077,5,7,True,1,0,2,1.0,126.15499877929688,127.66999816894531
W_N_0077,5,7,True,2,2,4,2.4846962392262657e-19,94.4000015258789,101.83000183105469
W_N_0077,5,7,True,3,1278,1280,4.08260786652744e-27,104.97999572753906,106.04000091552734
W_N_0077,5,13,True,1,0,2,1.0,111.04000091552734,115.87000274658203
W_N_0077,5,13,True,2,2,4,9.498766436852633e-18,98.52999877929688,101.11000061035156
W_N_0077,5,13,True,3,4,6,6.04053590052446e-22,108.72000122070312,116.3499984741211
W_N_0077,5,25,True,1,0,2,1.0,94.72999572753906,98.33999633789062
W_N_0077,5,25,True,2,2,4,2.5495526371523136e-13,94.73500061035156,97.58000183105469
W_N_0077,5,25,True,3,4,6,2.218499436842986e-19,98.88499450683594,104.55999755859375
W_N_0077,11,21,True,1,0,2,1.0,92.7300033569336,104.16000366210938
W_N_0077,11,21,True,2,2,4,1.3005614380584563e-12,92.67500305175781,96.54000091552734
W_N_0077,11,21,True,3,4,6,1.2308439436853382e-20,95.54000091552734,99.68000030517578
W_N_0077,13,32,True,1,0,2,1.0,93.19999694824219,98.58999633789062
W_N_0077,13,32,True,2,2,4,4.9527724044380605e-14,101.68000030517578,109.1500015258789
W_N_0077,13,32,True,3,4,6,1.886849642045975e-19,116.19999694824219,124.97000122070312
W_N_0077,15,6,True,1,0,2,1.0,113.94000244140625,129.7100067138672
W_N_0077,15,6,True,2,2,4,7.673955133952982e-19,99.35499572753906,103.36000061035156
W_N_0077,15,6,True,3,4,6,8.19093134822055e-22,114.44000244140625,116.54000091552734
W_N_0077,15,11,True,1,0,2,1.0,76.02499389648438,83.0999984741211
W_N_0077,15,11,True,2,2,4,7.573970617347214e-11,97.30000305175781,99.62000274658203
W_N_0077,15,11,True,3,4,6,1.6077656779798003e-16,115.8699951171875,120.83999633789062
W_N_0077,16,18,True,1,0,2,1.0,107.32499694824219,115.04000091552734
W_N_0077,16,18,True,2,2,4,2.0513474409790747e-14,103.01499938964844,105.75
W_N_0077,16,18,True,3,4,6,2.121285091898241e-22,104.55000305175781,106.69000244140625
W_N_0077,16,27,True,1,0,2,1.0,105.58999633789062,113.16000366210938
W_N_0077,16,27,True,2,2,4,4.396162406138495e-15,95.72999572753906,95.7699966430664
W_N_0077,16,27,True,3,4,6,5.53740913328657e-19,104.74000549316406,104.94000244140625
W_N_0077,17,20,True,1,0,2,1.0,117.66000366210938,121.06999969482422
W_N_0077,17,20,True,2,2,4,1.37972676042208e-20,96.69999694824219,108.08999633789062
W_N_0077,17,20,True,3,4,6,4.9364621441218536e-23,94.83000183105469,99.72000122070312
W_N_0077,17,34,True,1,0,2,1.0,94.64500427246094,99.80000305175781
W_N_0077,17,34,True,2,2,4,3.1399971598539134e-12,105.31999969482422,108.01000213623047
W_N_0077,17,34,True,3,4,6,1.1102195634559044e-21,97.93499755859375,105.91000366210938
W_N_0077,18,35,True,1,0,2,1.0,108.71499633789062,111.19000244140625
W_N_0077,18,35,True,2,2,4,8.443751272724058e-15,102.38500213623047,103.9000015258789
W_N_0077,18,35,True,3,4,6,1.0399632325836866e-21,104.3499984741211,118.3499984741211
W_N_0077,20,33,True,1,0,2,1.0,121.34500122070312,123.75
W_N_0077,20,33,True,2,2,4,1.678526975829547e-17,110.55000305175781,116.04000091552734
W_N_0077,20,33,True,3,1998,2000,4.418129884521534e-25,98.25,101.43000030517578
W_N_0077,21,11,True,1,0,2,1.0,112.22999572753906,120.02999877929688
W_N_0077,21,11,True,2,2,4,7.182120738200281e-17,107.1300048828125,108.66000366210938
W_N_0077,21,11,True,3,4,6,8.996547430298793e-25,102.86499786376953,105.08999633789062
W_N_0077,21,34,True,1,0,2,1.0,104.47999572753906,115.80999755859375
W_N_0077,21,34,True,2,2,4,8.432086951414008e-14,100.21499633789062,100.66000366210938
W_N_0077,21,34,True,3,4,6,8.914886706767118e-20,109.57499694824219,112.04000091552734
W_N_0077,22,23,True,1,0,2,1.0,80.07499694824219,85.81999969482422
W_N_0077,22,23,True,2,2,4,5.695647772863133e-11,105.10499572753906,109.38999938964844
W_N_0077,22,23,True,3,4,6,8.343742714681563e-18,111.13500213623047,112.4800033569336
W_N_0077,25,8,True,1,0,2,1.0,102.92500305175781,115.55000305175781
W_N_0077,25,8,True,2,2,4,2.9080617037699485e-13,99.61000061035156,102.55999755859375
W_N_0077,25,8,True,3,4,6,6.494696591477272e-17,113.79000091552734,114.12000274658203
W_N_0077,25,17,True,1,0,2,1.0,89.95999908447266,93.52999877929688
W_N_0077,25,17,True,2,2,4,2.8765181968141984e-13,95.65499877929688,95.76000213623047
W_N_0077,25,17,True,3,4,6,2.3436379452391005e-21,86.9000015258789,88.06999969482422
W_N_0077,26,13,True,1,0,2,1.0,99.70999908447266,104.61000061035156
W_N_0077,26,13,True,2,2,4,5.98082155471279e-17,90.27999877929688,96.36000061035156
W_N_0077,26,13,True,3,4,6,8.745712736619989e-23,90.53500366210938,97.23999786376953
W_N_0077,29,24,True,1,0,2,1.0,114.25,117.04000091552734
W_N_0077,29,24,True,2,2,4,2.6232525590452895e-18,109.3499984741211,112.31999969482422
W_N_0077,29,24,True,3,4,6,5.473067656616804e-25,109.85499572753906,110.91999816894531
W_N_0077,29,29,True,1,0,2,1.0,91.12000274658203,93.2300033569336
W_N_0077,29,29,True,2,2,4,2.397346644117393e-12,102.19499969482422,102.95999908447266
W_N_0077,29,29,True,3,4,6,4.3585201957880646e-17,108.66000366210938,114.11000061035156
W_N_0077,31,19,True,1,0,2,1.0,101.94000244140625,107.58000183105469
W_N_0077,31,19,True,2,2,4,5.264250474879169e-14,95.85499572753906,99.29000091552734
W_N_0077,31,19,True,3,4,6,6.849786525117156e-22,99.86499786376953,104.20999908447266
W_N_0077,31,20,True,1,0,2,1.0,91.30000305175781,92.30000305175781
W_N_0077,31,20,True,2,2,4,3.131015573152869e-15,87.02999877929688,92.9800033569336
W_N_0077,31,20,True,3,4,6,5.0832684138987894e-21,89.90499877929688,97.80000305175781
W_N_0077,31,26,True,1,0,2,1.0,104.52000427246094,106.45999908447266
W_N_0077,31,26,True,2,2,4,1.5022031910766082e-15,101.22000122070312,101.44000244140625
W_N_0077,31,26,True,3,4,6,2.2863791643203427e-22,103.875,105.36000061035156
W_N_0077,34,15,True,1,0,2,1.0,101.32499694824219,109.22000122070312
W_N_0077,34,15,True,2,2,4,1.460683812314394e-18,95.7550048828125,99.83000183105469
W_N_0077,34,15,True,3,4,6,2.1278718280213468e-24,89.71000671386719,91.62000274658203
W_N_0077,34,28,True,1,0,2,1.0,80.3699951171875,88.23999786376953
W_N_0077,34,28,True,2,2,4,3.070787439433953e-13,89.55999755859375,93.12999725341797
W_N_0077,34,28,True,3,4,6,1.66980861625033e-18,99.34500122070312,102.37000274658203
W_N_0077,35,15,True,1,0,2,1.0,103.04499816894531,103.54000091552734
W_N_0077,35,15,True,2,2,4,4.8965555053551504e-14,103.45500183105469,109.44999694824219
W_N_0077,35,15,True,3,4,6,2.18551942270307e-21,86.93000030517578,88.73999786376953
W_N_0077,37,22,True,1,0,2,1.0,92.91999816894531,98.33999633789062
W_N_0077,37,22,True,2,2,4,1.6315477479244764e-14,89.48500061035156,93.91999816894531
W_N_0077,37,22,True,3,4,6,3.1512114934515874e-19,99.94000244140625,101.0199966430664
W_N_0096,2,17,True,1,0,2,1.0,103.23500061035156,106.70999908447266
W_N_0096,2,17,True,2,2,4,2.585198765128749e-15,105.69499969482422,111.87999725341797
W_N_0096,2,17,True,3,4,6,5.83363964697259e-23,105.44499969482422,111.69000244140625
W_N_0096,2,20,True,1,0,2,1.0,84.61000061035156,90.69000244140625
W_N_0096,2,20,True,2,2,4,6.474175037220198e-14,98.64500427246094,106.16000366210938
W_N_0096,2,20,True,3,4,6,8.327135461222125e-20,104.18000030517578,109.5999984741211
W_N_0096,4,6,True,1,0,2,1.0,108.5250015258789,120.4000015258789
W_N_0096,4,6,True,2,2,4,2.4599784798607444e-18,99.56999969482422,102.55000305175781
W_N_0096,4,6,True,3,1770,1772,8.681173520714187e-28,91.84500122070312,99.80000305175781
W_N_0096,4,15,True,1,0,2,1.0,104.41000366210938,107.25
W_N_0096,4,15,True,2,2,4,2.1330261081048017e-15,105.13499450683594,106.69999694824219
W_N_0096,4,15,True,3,4,6,2.1026525658727356e-20,110.57499694824219,110.66999816894531
W_N_0096,4,24,True,1,0,2,1.0,111.89500427246094,113.55999755859375
W_N_0096,4,24,True,2,2,4,3.5882721086913467e-17,104.35499572753906,106.26000213623047
W_N_0096,4,24,True,3,1998,2000,1.2827900140284946e-25,86.58000183105469,88.37999725341797
W_N_0096,5,21,True,1,0,2,1.0,94.58000183105469,109.91999816894531
W_N_0096,5,21,True,2,2,4,1.925954838319366e-12,105.70999908447266,106.13999938964844
W_N_0096,5,21,True,3,4,6,1.5666599176480034e-19,115.44999694824219,130.42999267578125
W_N_0096,6,7,True,1,0,2,1.0,102.95999908447266,123.04000091552734
W_N_0096,6,7,True,2,2,4,3.0610842365660224e-14,90.33999633789062,93.4000015258789
W_N_0096,6,7,True,3,4,6,3.618117231336647e-22,89.58999633789062,90.51000213623047
W_N_0096,6,17,True,1,0,2,1.0,100.98500061035156,105.26000213623047
W_N_0096,6,17,True,2,2,4,1.9538099030368475e-14,107.3499984741211,110.12999725341797
W_N_0096,6,17,True,3,4,6,9.584267540134946e-25,105.32499694824219,115.86000061035156
W_N_0096,6,27,True,1,0,2,1.0,105.66999816894531,110.19000244140625
W_N_0096,6,27,True,2,2,4,1.3103991446762131e-16,91.19000244140625,91.5999984741211
W_N_0096,6,27,True,3,4,6,2.8757933639945103e-21,90.56500244140625,100.81999969482422
W_N_0096,8,9,True,1,0,2,1.0,92.81999969482422,97.30000305175781
W_N_0096,8,9,True,2,2,4,8.435336847426034e-14,97.77999877929688,117.0
W_N_0096,8,9,True,3,4,6,4.403706404994361e-19,102.90499877929688,107.26000213623047
W_N_0096,8,30,True,1,0,2,1.0,90.44999694824219,94.88999938964844
W_N_0096,8,30,True,2,2,4,1.5302116060269925e-14,102.95999908447266,107.1500015258789
W_N_0096,8,30,True,3,4,6,9.986698225615751e-23,95.30999755859375,100.54000091552734
W_N_0096,9,3,True,1,0,2,1.0,105.88500213623047,106.87000274658203
W_N_0096,9,3,True,2,2,4,4.463174079448462e-13,110.19999694824219,116.98999786376953
W_N_0096,9,3,True,3,4,6,1.1850051928579902e-21,93.77499389648438,97.2699966430664
W_N_0096,9,11,True,1,0,2,1.0,90.65499877929688,101.05999755859375
W_N_0096,9,11,True,2,2,4,1.3177588360779868e-11,108.22000122070312,108.61000061035156
W_N_0096,9,11,True,3,4,6,5.10949981361888e-19,105.45999908447266,110.87999725341797
W_N_0096,9,12,True,1,0,2,1.0,90.33999633789062,99.0199966430664
W_N_0096,9,12,True,2,2,4,6.994754032712755e-14,98.125,110.83000183105469
W_N_0096,9,12,True,3,4,6,6.886810935464573e-21,97.08499908447266,100.66999816894531
W_N_0096,9,29,True,1,0,2,1.0,92.88999938964844,99.01000213623047
W_N_0096,9,29,True,2,2,4,2.5278186356993745e-15,100.51499938964844,102.68000030517578
W_N_0096,9,29,True,3,4,6,1.3854854197866443e-21,110.16499328613281,116.98999786376953
W_N_0096,10,29,True,1,0,2,1.0,109.97000122070312,114.19999694824219
W_N_0096,10,29,True,2,2,4,1.9972361916876559e-16,98.95999908447266,104.48999786376953
W_N_0096,10,29,True,3,4,6,2.334703426533425e-23,102.73500061035156,112.94999694824219
W_N_0096,11,8,True,1,0,2,1.0,109.63499450683594,110.25
W_N_0096,11,8,True,2,2,4,8.870114134396007e-19,102.0250015258789,102.4000015258789
W_N_0096,11,8,True,3,4,6,1.7991921745545432e-22,112.82499694824219,117.63999938964844
W_N_0096,11,22,True,1,0,2,1.0,102.66000366210938,104.55000305175781
W_N_0096,11,22,True,2,2,4,1.722745244256505e-14,104.01000213623047,105.4800033569336
W_N_0096,11,22,True,3,4,6,6.708442845740724e-21,105.82499694824219,110.66999816894531
W_N_0096,11,23,True,1,0,2,1.0,89.91500091552734,96.44000244140625
W_N_0096,11,23,True,2,2,4,2.714245061347098e-12,103.77999877929688,118.06999969482422
W_N_0096,11,23,True,3,4,6,3.718629621720133e-21,97.67500305175781,107.30000305175781
W_N_0096,11,25,True,1,0,2,1.0,104.36500549316406,107.18000030517578
W_N_0096,11,25,True,2,2,4,9.382101994988897e-15,102.23500061035156,104.7300033569336
W_N_0096,11,25,True,3,4,6,4.446561081567085e-21,101.23500061035156,104.04000091552734
W_N_0096,12,0,True,1,0,2,1.0,110.25499725341797,114.16999816894531
W_N_0096,12,0,True,2,2,4,1.2121997775406488e-14,106.79000091552734,112.0
W_N_0096,12,0,True,3,4,6,2.522829176607668e-22,106.71499633789062,106.88999938964844
W_N_0096,12,9,True,1,0,2,1.0,117.51000213623047,120.83000183105469
W_N_0096,12,9,True,2,2,4,1.3053644602470724e-17,111.09500122070312,111.4000015258789
W_N_0096,12,9,True,3,1518,1520,2.234596425458245e-25,104.92500305175781,108.02999877929688
W_N_0096,12,10,True,1,0,2,1.0,89.46000671386719,105.12000274658203
W_N_0096,12,10,True,2,2,4,9.799604704097131e-13,88.06999969482422,92.33999633789062
W_N_0096,12,10,True,3,4,6,2.561738371295163e-21,87.57499694824219,97.06999969482422
W_N_0096,13,22,True,1,0,2,1.0,109.29499816894531,110.93000030517578
W_N_0096,13,22,True,2,2,4,1.915373766057978e-17,93.23999786376953,102.08999633789062
W_N_0096,13,22,True,3,4,6,1.987833437341739e-24,81.04000091552734,84.41000366210938
W_N_0096,14,20,True,1,0,2,1.0,79.69999694824219,82.12000274658203
W_N_0096,14,20,True,2,2,4,2.578306457223789e-10,102.2249984741211,102.31999969482422
W_N_0096,14,20,True,3,4,6,1.586391406431661e-19,100.09500122070312,100.45999908447266
W_N_0096,15,13,True,1,0,2,1.0,104.96499633789062,117.62000274658203
W_N_0096,15,13,True,2,2,4,2.678651571386137e-11,112.19999694824219,119.70999908447266
W_N_0096,15,13,True,3,1998,2000,4.810481877973399e-22,102.86500549316406,105.7300033569336
W_N_0096,15,24,True,1,0,2,1.0,104.11499786376953,105.3499984741211
W_N_0096,15,24,True,2,2,4,2.5707634602350517e-14,97.34500122070312,98.31999969482422
W_N_0096,15,24,True,3,4,6,1.6779073031772732e-23,94.02999877929688,96.66000366210938
W_N_0096,15,25,True,1,0,2,1.0,97.4000015258789,99.81999969482422
W_N_0096,15,25,True,2,2,4,3.5028643869562665e-17,95.55000305175781,101.97000122070312
W_N_0096,15,25,True,3,4,6,7.064523298760453e-23,99.80000305175781,105.30999755859375
W_N_0096,16,9,True,1,0,2,1.0,102.32499694824219,104.62999725341797
W_N_0096,16,9,True,2,2,4,8.577665487619068e-16,105.16000366210938,109.97000122070312
W_N_0096,16,9,True,3,4,6,8.591889479671353e-21,99.6199951171875,102.27999877929688
W_N_0096,16,30,True,1,0,2,1.0,118.04000091552734,120.20999908447266
W_N_0096,16,30,True,2,2,4,5.145575865012921e-16,113.05999755859375,114.41000366210938
W_N_0096,16,30,True,3,1998,2000,5.247021930808438e-24,107.72000122070312,109.83999633789062
W_N_0096,17,8,True,1,0,2,1.0,114.88500213623047,118.7300033569336
W_N_0096,17,8,True,2,2,4,2.3490452749865608e-20,93.34500122070312,94.69000244140625
W_N_0096,17,8,True,3,4,6,1.4872743717082296e-24,99.45500183105469,106.19000244140625
W_N_0096,17,28,True,1,0,2,1.0,94.36000061035156,102.70999908447266
W_N_0096,17,28,True,2,2,4,2.8740817234820804e-14,99.75,101.22000122070312
W_N_0096,17,28,True,3,4,6,1.0047574684780529e-21,88.66000366210938,100.01000213623047
W_N_0096,18,1,True,1,0,2,1.0,104.13999938964844,113.37000274658203
W_N_0096,18,1,True,2,2,4,3.588780394634148e-16,104.22000122070312,104.38999938964844
W_N_0096,18,1,True,3,1998,2000,2.084228167859754e-21,99.42500305175781,103.04000091552734
W_N_0096,18,5,True,1,0,2,1.0,94.40499877929688,95.4800033569336
W_N_0096,18,5,True,2,2,4,1.117471826878047e-11,113.45999908447266,120.5199966430664
W_N_0096,18,5,True,3,4,6,7.044232534100721e-23,103.59500122070312,118.48999786376953
W_N_0096,19,26,True,1,0,2,1.0,88.93000030517578,91.79000091552734
W_N_0096,19,26,True,2,2,4,6.050769219001495e-09,109.95500183105469,112.73999786376953
W_N_0096,19,26,True,3,4,6,1.6506767972216217e-17,103.38999938964844,105.12000274658203
W_N_0096,19,31,True,1,0,2,1.0,107.96000671386719,118.94000244140625
W_N_0096,19,31,True,2,2,4,1.7592096102951528e-16,104.58000183105469,108.05000305175781
W_N_0096,19,31,True,3,4,6,5.335130370136981e-21,114.55000305175781,116.05999755859375
W_N_0096,19,32,True,1,0,2,1.0,94.20999908447266,94.80999755859375
W_N_0096,19,32,True,2,2,4,4.8474814657098464e-14,99.92500305175781,100.94999694824219
W_N_0096,19,32,True,3,4,6,2.1461306458216404e-18,106.99000549316406,114.55000305175781
W_N_0096,20,2,True,1,0,2,1.0,111.0999984741211,118.98999786376953
W_N_0096,20,2,True,2,2,4,1.1148404129788765e-15,103.44499969482422,105.94999694824219
W_N_0096,20,2,True,3,4,6,4.856262568638123e-22,100.20999908447266,102.9000015258789
W_N_0096,22,17,True,1,0,2,1.0,99.5,108.58999633789062
W_N_0096,22,17,True,2,2,4,5.646111562226247e-14,97.68499755859375,97.88999938964844
W_N_0096,22,17,True,3,4,6,1.5074526558469305e-19,103.58499908447266,109.06999969482422
W_N_0096,24,26,True,1,0,2,1.0,100.65499877929688,110.5
W_N_0096,24,26,True,2,2,4,8.941961212281802e-13,97.50499725341797,103.08999633789062
W_N_0096,24,26,True,3,4,6,2.2264919241089375e-21,92.58999633789062,101.55000305175781
W_N_0096,25,10,True,1,0,2,1.0,81.61499786376953,91.44999694824219
W_N_0096,25,10,True,2,2,4,1.1328828500301036e-11,96.68499755859375,98.4800033569336
W_N_0096,25,10,True,3,4,6,3.265626340298098e-17,113.07499694824219,117.62999725341797
W_N_0096,25,16,True,1,0,2,1.0,99.0199966430664,104.0199966430664
W_N_0096,25,16,True,2,2,4,2.225617964663612e-13,115.55500030517578,118.33000183105469
W_N_0096,25,16,True,3,4,6,3.5227142867253903e-22,100.71499633789062,111.4000015258789
W_N_0096,26,7,True,1,0,2,1.0,97.19999694824219,101.41999816894531
W_N_0096,26,7,True,2,2,4,4.9024708446455956e-14,104.0999984741211,105.91999816894531
W_N_0096,26,7,True,3,4,6,4.650222702484961e-22,102.33499908447266,103.62999725341797
W_N_0096,26,12,True,1,0,2,1.0,109.0,126.41999816894531
W_N_0096,26,12,True,2,2,4,1.2094376878029472e-14,108.80500030517578,114.70999908447266
W_N_0096,26,12,True,3,4,6,3.5318217805394755e-23,96.31999969482422,98.26000213623047
W_N_0096,26,13,True,1,0,2,1.0,113.50999450683594,114.2699966430664
W_N_0096,26,13,True,2,2,4,1.0024542906911498e-18,105.94999694824219,108.19000244140625
W_N_0096,26,13,True,3,4,6,1.0652705719989987e-22,109.48500061035156,115.27999877929688
W_N_0096,26,18,True,1,0,2,1.0,97.04000091552734,108.54000091552734
W_N_0096,26,18,True,2,2,4,9.067786669106348e-13,116.4749984741211,119.87999725341797
W_N_0096,26,18,True,3,1998,2000,1.4621798780091987e-23,101.72500610351562,110.1500015258789
W_N_0096,26,19,True,1,0,2,1.0,114.16000366210938,122.26000213623047
W_N_0096,26,19,True,2,2,4,8.526800100345264e-17,104.27999877929688,107.27999877929688
W_N_0096,26,19,True,3,4,6,1.1779499806422662e-24,83.20999908447266,90.48999786376953
W_N_0096,27,20,True,1,0,2,1.0,111.1199951171875,114.62999725341797
W_N_0096,27,20,True,2,2,4,1.4684903003940418e-16,100.08999633789062,100.97000122070312
W_N_0096,27,20,True,3,4,6,6.511325564405463e-22,96.16999816894531,98.31999969482422
W_N_0096,27,21,True,1,0,2,1.0,99.5050048828125,107.33000183105469
W_N_0096,27,21,True,2,2,4,2.2031799178952446e-15,95.47000122070312,96.97000122070312
W_N_0096,27,21,True,3,4,6,5.296760478629619e-22,101.47000122070312,104.88999938964844
W_N_0096,28,23,True,1,0,2,1.0,110.05500030517578,117.5
W_N_0096,28,23,True,2,2,4,6.476787138598764e-16,107.6300048828125,109.41000366210938
W_N_0096,28,23,True,3,1998,2000,5.722293507922455e-22,81.45999908447266,86.5
W_N_0099,0,23,True,1,0,2,1.0,89.0999984741211,96.52999877929688
W_N_0099,0,23,True,2,2,4,1.830509485309384e-13,99.69000244140625,103.36000061035156
W_N_0099,0,23,True,3,4,6,3.1243960751384656e-21,95.00999450683594,99.33999633789062
W_N_0099,1,24,True,1,0,2,1.0,101.47000122070312,103.31999969482422
W_N_0099,1,24,True,2,2,4,1.5613831408356482e-11,102.96499633789062,103.43000030517578
W_N_0099,1,24,True,3,4,6,3.146679666527855e-21,100.92500305175781,103.70999908447266
W_N_0099,3,25,True,1,0,2,1.0,113.68000030517578,117.0
W_N_0099,3,25,True,2,2,4,5.549280767399385e-16,106.63999938964844,109.12999725341797
W_N_0099,3,25,True,3,4,6,2.7731304662081887e-24,95.53500366210938,104.27999877929688
W_N_0099,4,20,True,1,0,2,1.0,92.13999938964844,102.25
W_N_0099,4,20,True,2,2,4,8.180855298745016e-12,112.22000122070312,115.33999633789062
W_N_0099,4,20,True,3,4,6,4.509407744192935e-20,99.57499694824219,113.81999969482422
W_N_0099,4,22,True,1,0,2,1.0,90.7750015258789,94.37000274658203
W_N_0099,4,22,True,2,2,4,2.182569446354532e-14,98.80000305175781,100.12000274658203
W_N_0099,4,22,True,3,4,6,1.2383598569805985e-21,95.90499877929688,101.80999755859375
W_N_0099,5,34,True,1,0,2,1.0,89.94499969482422,96.12000274658203
W_N_0099,5,34,True,2,2,4,2.6269019945401872e-11,103.31500244140625,109.2300033569336
W_N_0099,5,34,True,3,4,6,2.9960869527582797e-19,107.02000427246094,110.36000061035156
W_N_0099,7,8,True,1,0,2,1.0,99.19999694824219,103.6500015258789
W_N_0099,7,8,True,2,2,4,1.3876430861032955e-14,102.44999694824219,106.33999633789062
W_N_0099,7,8,True,3,4,6,1.3477698410685084e-21,98.27999877929688,98.87000274658203
W_N_0099,8,27,True,1,0,2,1.0,106.80000305175781,109.8499984741211
W_N_0099,8,27,True,2,2,4,8.313032913139038e-15,107.11000061035156,109.23999786376953
W_N_0099,8,27,True,3,4,6,4.1661231407527975e-24,88.82499694824219,95.95999908447266
W_N_0099,9,15,True,1,0,2,1.0,100.44999694824219,102.69000244140625
W_N_0099,9,15,True,2,2,4,5.766246139256206e-16,110.94499969482422,112.66999816894531
W_N_0099,9,15,True,3,4,6,2.1583994828759516e-23,115.04499816894531,118.19999694824219
W_N_0099,10,22,True,1,0,2,1.0,97.82499694824219,103.9800033569336
W_N_0099,10,22,True,2,2,4,3.702460421787352e-16,95.63499450683594,100.69999694824219
W_N_0099,10,22,True,3,4,6,5.637447415489228e-22,103.81500244140625,106.93000030517578
W_N_0099,10,23,True,1,0,2,1.0,108.08000183105469,108.51000213623047
W_N_0099,10,23,True,2,2,4,1.5731885331113707e-14,112.73500061035156,115.29000091552734
W_N_0099,10,23,True,3,4,6,7.728795980719026e-21,110.80000305175781,123.12000274658203
W_N_0099,10,30,True,1,0,2,1.0,89.16000366210938,101.30000305175781
W_N_0099,10,30,True,2,2,4,6.939949645772686e-14,98.05999755859375,103.30000305175781
W_N_0099,10,30,True,3,4,6,9.666871431760247e-20,105.7750015258789,108.19000244140625
W_N_0099,11,32,True,1,0,2,1.0,98.58500671386719,102.7300033569336
W_N_0099,11,32,True,2,2,4,2.0249922702290972e-16,97.27000427246094,101.8499984741211
W_N_0099,11,32,True,3,4,6,2.880583329430496e-19,99.72999572753906,104.38999938964844
W_N_0099,11,39,True,1,0,2,1.0,96.38999938964844,97.5
W_N_0099,11,39,True,2,2,4,1.1938863092586516e-11,99.14500427246094,103.26000213623047
W_N_0099,11,39,True,3,4,6,3.41994043786156e-20,84.23500061035156,91.01000213623047
W_N_0099,12,39,True,1,0,2,1.0,111.31500244140625,113.86000061035156
W_N_0099,12,39,True,2,2,4,2.7234257855866862e-18,102.34500122070312,104.63999938964844
W_N_0099,12,39,True,3,4,6,8.857648154766325e-24,112.61000061035156,115.13999938964844
W_N_0099,13,28,True,1,0,2,1.0,102.66000366210938,109.19000244140625
W_N_0099,13,28,True,2,2,4,7.611046395992332e-14,104.56500244140625,112.91999816894531
W_N_0099,13,28,True,3,4,6,3.684977042695345e-22,106.7550048828125,115.77999877929688
W_N_0099,15,8,True,1,0,2,1.0,81.26499938964844,92.45999908447266
W_N_0099,15,8,True,2,2,4,3.9895921310519056e-13,92.2249984741211,99.41999816894531
W_N_0099,15,8,True,3,4,6,3.433956302482932e-19,85.92500305175781,92.80999755859375
W_N_0099,15,9,True,1,0,2,1.0,101.27499389648438,110.23999786376953
W_N_0099,15,9,True,2,2,4,4.912526548744856e-13,103.18000030517578,107.2300033569336
W_N_0099,15,9,True,3,4,6,5.1430705833501756e-21,101.02000427246094,101.77999877929688
W_N_0099,16,20,True,1,0,2,1.0,112.77499389648438,113.0999984741211
W_N_0099,16,20,True,2,2,4,1.9245443535498839e-16,107.29499816894531,108.86000061035156
W_N_0099,16,20,True,3,4,6,6.846928580665153e-25,102.37999725341797,103.08999633789062
W_N_0099,17,1,True,1,0,2,1.0,106.29499816894531,110.5999984741211
W_N_0099,17,1,True,2,2,4,2.7514889086084236e-15,99.93000030517578,99.94999694824219
W_N_0099,17,1,True,3,4,6,1.3758149443434954e-22,98.16999816894531,99.19999694824219
W_N_0099,17,18,True,1,0,2,1.0,90.31500244140625,93.52999877929688
W_N_0099,17,18,True,2,2,4,2.943608220671787e-14,87.23500061035156,88.0999984741211
W_N_0099,17,18,True,3,4,6,5.755594999668208e-21,90.1199951171875,96.62999725341797
W_N_0099,17,25,True,1,0,2,1.0,93.57499694824219,98.30000305175781
W_N_0099,17,25,True,2,2,4,1.5996088134628828e-11,96.56500244140625,106.19999694824219
W_N_0099,17,25,True,3,4,6,2.353832956386236e-22,92.08499908447266,93.5199966430664
W_N_0099,17,26,True,1,0,2,1.0,107.79499816894531,109.20999908447266
W_N_0099,17,26,True,2,2,4,5.854278141115447e-17,93.30000305175781,100.72000122070312
W_N_0099,17,26,True,3,4,6,1.323758928286611e-23,91.24000549316406,97.62000274658203
W_N_0099,18,0,True,1,0,2,1.0,107.66999816894531,116.11000061035156
W_N_0099,18,0,True,2,2,4,3.835364391074084e-16,107.91999816894531,109.13999938964844
W_N_0099,18,0,True,3,4,6,1.1394811785991636e-23,104.68000030517578,117.48999786376953
W_N_0099,18,6,True,1,0,2,1.0,88.43499755859375,95.66000366210938
W_N_0099,18,6,True,2,2,4,1.6463615193362813e-11,93.92500305175781,96.7699966430664
W_N_0099,18,6,True,3,4,6,1.2935426596302605e-16,100.91499328613281,105.83999633789062
W_N_0099,18,28,True,1,0,2,1.0,101.55000305175781,108.73999786376953
W_N_0099,18,28,True,2,2,4,5.074931360565804e-12,134.27499389648438,134.5800018310547
W_N_0099,18,28,True,3,4,6,1.729996350417981e-21,125.55000305175781,125.97000122070312
W_N_0099,18,39,True,1,0,2,1.0,92.71499633789062,100.22000122070312
W_N_0099,18,39,True,2,2,4,1.1735751259678295e-12,98.17500305175781,101.04000091552734
W_N_0099,18,39,True,3,4,6,2.0033298554844539e-19,96.83000183105469,100.08000183105469
W_N_0099,19,13,True,1,0,2,1.0,82.4749984741211,94.81999969482422
W_N_0099,19,13,True,2,2,4,5.510456674295838e-12,98.89999389648438,102.52999877929688
W_N_0099,19,13,True,3,4,6,2.5429204485681076e-19,94.16999816894531,100.4000015258789
W_N_0099,19,14,True,1,0,2,1.0,102.5,114.45999908447266
W_N_0099,19,14,True,2,2,4,5.032861323070689e-17,92.2449951171875,98.43000030517578
W_N_0099,19,14,True,3,1998,2000,1.2870423440861852e-21,99.83499908447266,107.06999969482422
W_N_0099,19,31,True,1,0,2,1.0,117.55000305175781,120.48999786376953
W_N_0099,19,31,True,2,2,4,2.1284488744067375e-16,107.16500091552734,114.8499984741211
W_N_0099,19,31,True,3,4,6,4.4583077537157976e-24,93.63999938964844,96.44999694824219
W_N_0099,20,27,True,1,0,2,1.0,119.92500305175781,125.70999908447266
W_N_0099,20,27,True,2,2,4,1.3393970074327344e-18,95.38499450683594,104.02999877929688
W_N_0099,20,27,True,3,4,6,1.819344225912702e-23,92.41499328613281,94.87999725341797
W_N_0099,21,28,True,1,0,2,1.0,102.47500610351562,105.94000244140625
W_N_0099,21,28,True,2,2,4,9.318460253906284e-17,109.76499938964844,112.58000183105469
W_N_0099,21,28,True,3,4,6,2.5232321898669272e-23,106.42500305175781,114.33000183105469
W_N_0099,21,43,True,1,0,2,1.0,101.2550048828125,110.62000274658203
W_N_0099,21,43,True,2,2,4,4.942129866913218e-17,103.05500030517578,108.68000030517578
W_N_0099,21,43,True,3,1998,2000,8.689350581316993e-22,109.56500244140625,110.47000122070312
W_N_0099,22,20,True,1,0,2,1.0,103.41500091552734,111.45999908447266
W_N_0099,22,20,True,2,2,4,3.020537785820496e-14,94.91000366210938,96.6500015258789
W_N_0099,22,20,True,3,4,6,1.104635860061037e-19,101.05999755859375,105.98999786376953
W_N_0099,23,14,True,1,0,2,1.0,96.20500183105469,102.93000030517578
W_N_0099,23,14,True,2,2,4,8.277835941323543e-17,90.58500671386719,91.30000305175781
W_N_0099,23,14,True,3,4,6,2.9195097381989028e-21,98.02999877929688,99.75
W_N_0099,23,25,True,1,0,2,1.0,94.10000610351562,96.12000274658203
W_N_0099,23,25,True,2,2,4,3.7872759399079636e-13,105.86000061035156,107.48999786376953
W_N_0099,23,25,True,3,4,6,1.1918047447206629e-22,90.10499572753906,94.79000091552734
W_N_0099,23,32,True,1,0,2,1.0,110.57499694824219,113.91000366210938
W_N_0099,23,32,True,2,2,4,5.501051340039991e-18,92.73500061035156,99.02999877929688
W_N_0099,23,32,True,3,4,6,1.0847112759244834e-23,101.45500183105469,103.91000366210938
W_N_0099,24,12,True,1,0,2,1.0,108.95999908447266,116.70999908447266
W_N_0099,24,12,True,2,2,4,9.87112261677399e-19,103.58000183105469,113.0
W_N_0099,24,12,True,3,4,6,1.190645276962169e-23,97.89500427246094,98.05999755859375
W_N_0099,24,42,True,1,0,2,1.0,96.29499816894531,98.80000305175781
W_N_0099,24,42,True,2,2,4,4.5056660314661426e-17,90.04499816894531,101.66000366210938
W_N_0099,24,42,True,3,4,6,1.9000385199252502e-19,99.1300048828125,113.01000213623047
W_N_0099,26,31,True,1,0,2,1.0,97.22999572753906,100.2699966430664
W_N_0099,26,31,True,2,2,4,9.704398031419158e-15,107.1199951171875,107.23999786376953
W_N_0099,26,31,True,3,4,6,4.078899898023221e-21,110.74500274658203,113.37000274658203
W_N_0099,27,23,True,1,0,2,1.0,120.5050048828125,122.69000244140625
W_N_0099,27,23,True,2,2,4,4.3277146145888215e-20,101.2550048828125,102.95999908447266
W_N_0099,27,23,True,3,4,6,9.486787603646333e-24,105.88999938964844,106.68000030517578
W_N_0099,27,35,True,1,0,2,1.0,83.9949951171875,84.0999984741211
W_N_0099,27,35,True,2,2,4,3.6526562330330137e-10,97.66000366210938,102.69999694824219
W_N_0099,27,35,True,3,4,6,2.9561250818840186e-19,100.42500305175781,109.0199966430664
W_N_0099,27,40,True,1,0,2,1.0,99.86499786376953,103.87999725341797
W_N_0099,27,40,True,2,2,4,5.968158909783194e-14,101.98999786376953,105.19999694824219
W_N_0099,27,40,True,3,4,6,1.2330731648125883e-25,97.1449966430664,103.83999633789062
W_N_0099,28,24,True,1,0,2,1.0,93.7249984741211,95.77999877929688
W_N_0099,28,24,True,2,2,4,5.003563752561946e-13,93.16499328613281,101.62999725341797
W_N_0099,28,24,True,3,4,6,3.4033065950690714e-21,93.01499938964844,99.2300033569336
W_N_0099,28,28,True,1,0,2,1.0,105.59500122070312,106.27999877929688
W_N_0099,28,28,True,2,2,4,4.984405082787333e-18,88.16500091552734,97.88999938964844
W_N_0099,28,28,True,3,4,6,8.02555177125963e-22,101.8699951171875,102.94999694824219
W_N_0099,29,24,True,1,0,2,1.0,83.625,90.5
W_N_0099,29,24,True,2,2,4,8.549030081940467e-13,85.0050048828125,94.2300033569336
W_N_0099,29,24,True,3,4,6,7.021362363412693e-19,97.31500244140625,103.93000030517578
W_N_0099,29,34,True,1,0,2,1.0,120.56500244140625,130.07000732421875
W_N_0099,29,34,True,2,2,4,7.643319854766203e-16,97.36500549316406,98.30000305175781
W_N_0099,29,34,True,3,4,6,7.667205772828978e-24,88.02999877929688,91.1500015258789
W_N_0099,30,29,True,1,0,2,1.0,91.48500061035156,92.30999755859375
W_N_0099,30,29,True,2,2,4,2.1432686083799196e-13,98.66000366210938,104.37999725341797
W_N_0099,30,29,True,3,4,6,6.325147060046684e-20,99.43000030517578,101.05999755859375
W_N_0099,31,29,True,1,0,2,1.0,90.82499694824219,91.16999816894531
W_N_0099,31,29,True,2,2,4,1.6779422903206997e-12,108.55500030517578,112.61000061035156
W_N_0099,31,29,True,3,4,6,5.91106335345948e-21,103.95500183105469,115.9000015258789
W_N_0099,32,16,True,1,0,2,1.0,109.75,115.58000183105469
W_N_0099,32,16,True,2,2,4,5.658900065663892e-17,104.19499969482422,115.4000015258789
W_N_0099,32,16,True,3,4,6,2.3979166242280995e-21,102.625,108.13999938964844
W_N_0099,32,18,True,1,0,2,1.0,91.30500030517578,93.69000244140625
W_N_0099,32,18,True,2,2,4,2.339325564856831e-12,105.32499694824219,109.33999633789062
W_N_0099,32,18,True,3,4,6,3.516566927193831e-21,92.81999969482422,94.62000274658203
W_N_0099,32,33,True,1,0,2,1.0,86.93499755859375,98.95999908447266
W_N_0099,32,33,True,2,2,4,3.826751762692204e-11,93.55500030517578,100.94999694824219
W_N_0099,32,33,True,3,4,6,4.27632259657418e-17,93.43000030517578,98.95999908447266
W_N_0099,32,38,True,1,0,2,1.0,103.29000091552734,106.12000274658203
W_N_0099,32,38,True,2,2,4,5.877155722809266e-14,99.63999938964844,104.87999725341797
W_N_0099,32,38,True,3,4,6,1.2957654890900286e-23,91.77499389648438,93.83999633789062
W_N_0099,34,32,True,1,0,2,1.0,96.03500366210938,101.33000183105469
W_N_0099,34,32,True,2,2,4,1.5784582300081007e-13,94.47500610351562,100.29000091552734
W_N_0099,34,32,True,3,4,6,2.594529539454998e-19,93.9949951171875,96.18000030517578
W_N_0099,35,21,True,1,0,2,1.0,78.70999908447266,80.4000015258789
W_N_0099,35,21,True,2,2,4,5.911360810573196e-12,105.69499969482422,116.06999969482422
W_N_0099,35,21,True,3,1998,2000,2.384851976921485e-22,91.36500549316406,99.76000213623047
W_N_0099,35,23,True,1,0,2,1.0,108.8499984741211,114.0199966430664
W_N_0099,35,23,True,2,2,4,2.3617832373785865e-15,103.6199951171875,106.86000061035156
W_N_0099,35,23,True,3,1998,2000,2.5690569305245986e-22,93.68499755859375,106.0
W_N_0099,37,25,True,1,0,2,1.0,108.91499328613281,110.37999725341797
W_N_0099,37,25,True,2,2,4,2.3146690678605954e-17,86.37999725341797,93.55999755859375
W_N_0099,37,25,True,3,4,6,7.29464412223301e-23,89.41999816894531,92.47000122070312
W_N_0099,37,26,True,1,0,2,1.0,91.48500061035156,99.54000091552734
W_N_0099,37,26,True,2,2,4,3.034154958531099e-13,104.02999877929688,108.16999816894531
W_N_0099,37,26,True,3,4,6,8.73971348099022e-22,108.45999908447266,110.58999633789062
W_N_0099,39,19,True,1,0,2,1.0,77.33999633789062,79.26000213623047
W_N_0099,39,19,True,2,2,4,1.406249006130622e-10,90.29499816894531,94.56999969482422
W_N_0099,39,19,True,3,4,6,2.824281014271327e-15,106.16500091552734,106.36000061035156
W_F_0027,2,16,True,1,0,2,1.0,108.2750015258789,111.12000274658203
W_F_0027,2,16,True,2,2,4,3.170981975736116e-15,109.16000366210938,109.4800033569336
W_F_0027,2,16,True,3,4,6,8.079118329732268e-23,104.20999908447266,106.47000122070312
W_F_0027,2,26,True,1,0,2,1.0,100.18499755859375,105.48999786376953
W_F_0027,2,26,True,2,2,4,1.5843469114776298e-12,103.97000122070312,106.18000030517578
W_F_0027,2,26,True,3,4,6,3.252590490832145e-21,102.91000366210938,111.1500015258789
W_F_0027,4,30,True,1,0,2,1.0,112.72000122070312,120.43000030517578
W_F_0027,4,30,True,2,2,4,9.690247168130083e-19,92.40499877929688,98.04000091552734
W_F_0027,4,30,True,3,4,6,3.771065149292188e-24,98.01000213623047,108.11000061035156
W_F_0027,5,27,True,1,0,2,1.0,79.72999572753906,81.31999969482422
W_F_0027,5,27,True,2,2,4,6.118094919571604e-11,101.0999984741211,106.52999877929688
W_F_0027,5,27,True,3,4,6,1.898025679302179e-18,108.10000610351562,115.66000366210938
W_F_0027,6,16,True,1,0,2,1.0,111.19499969482422,123.66999816894531
W_F_0027,6,16,True,2,2,4,2.2537293618797236e-14,103.33499908447266,106.47000122070312
W_F_0027,6,16,True,3,4,6,6.473330741548654e-23,100.83499908447266,104.0999984741211
W_F_0027,8,19,True,1,0,2,1.0,92.125,92.94999694824219
W_F_0027,8,19,True,2,2,4,2.027837956824737e-15,98.41000366210938,112.61000061035156
W_F_0027,8,19,True,3,4,6,4.091854661170924e-19,116.00999450683594,125.91999816894531
W_F_0027,8,20,True,1,0,2,1.0,88.43499755859375,91.7699966430664
W_F_0027,8,20,True,2,2,4,2.5984498840808667e-13,87.26000213623047,93.66000366210938
W_F_0027,8,20,True,3,4,6,5.081397965309586e-17,101.28500366210938,103.9000015258789
W_F_0027,9,20,True,1,0,2,1.0,105.97500610351562,107.9000015258789
W_F_0027,9,20,True,2,2,4,3.4927536987720267e-15,101.3499984741211,108.41999816894531
W_F_0027,9,20,True,3,4,6,9.504868295593999e-23,98.8800048828125,101.68000030517578
W_F_0027,10,11,True,1,0,2,1.0,105.41500091552734,106.2300033569336
W_F_0027,10,11,True,2,2,4,1.4451452518045456e-15,100.80500030517578,102.87000274658203
W_F_0027,10,11,True,3,4,6,1.1473334369408611e-21,107.95500183105469,117.93000030517578
W_F_0027,11,11,True,1,0,2,1.0,90.2550048828125,98.4800033569336
W_F_0027,11,11,True,2,2,4,1.6797264737445326e-15,99.16999816894531,99.94999694824219
W_F_0027,11,11,True,3,4,6,6.80356255773257e-22,101.51499938964844,118.58000183105469
W_F_0027,12,11,True,1,0,2,1.0,92.3800048828125,98.79000091552734
W_F_0027,12,11,True,2,2,4,3.805172865169182e-14,98.75999450683594,99.75
W_F_0027,12,11,True,3,4,6,2.8107676623890685e-17,99.44499969482422,108.83000183105469
W_F_0027,12,32,True,1,0,2,1.0,100.45999908447266,101.54000091552734
W_F_0027,12,32,True,2,2,4,2.320995771878248e-13,104.55000305175781,107.98999786376953
W_F_0027,12,32,True,3,4,6,9.264712373808304e-20,102.6300048828125,107.47000122070312
W_F_0027,14,3,True,1,0,2,1.0,106.14500427246094,112.26000213623047
W_F_0027,14,3,True,2,2,4,2.186393207188322e-15,97.52000427246094,99.02999877929688
W_F_0027,14,3,True,3,4,6,1.334547843621434e-24,92.29499816894531,93.44999694824219
W_F_0027,14,22,True,1,0,2,1.0,103.17500305175781,104.55999755859375
W_F_0027,14,22,True,2,2,4,4.864306006602259e-12,117.17500305175781,127.9800033569336
W_F_0027,14,22,True,3,1308,1310,1.1959484732836078e-23,99.66000366210938,106.2699966430664
W_F_0027,15,14,True,1,0,2,1.0,102.79000091552734,110.25
W_F_0027,15,14,True,2,2,4,1.7311759961145877e-16,95.74500274658203,106.51000213623047
W_F_0027,15,14,True,3,4,6,3.1930780769332225e-20,100.79000091552734,109.97000122070312
W_F_0027,16,13,True,1,0,2,1.0,103.16999816894531,107.5999984741211
W_F_0027,16,13,True,2,2,4,4.560118867969365e-16,84.31500244140625,90.20999908447266
W_F_0027,16,13,True,3,4,6,2.018101782572745e-20,97.74000549316406,104.43000030517578
W_F_0027,16,16,True,1,0,2,1.0,105.40499877929688,107.36000061035156
W_F_0027,16,16,True,2,2,4,1.711808524248147e-14,94.5999984741211,96.27999877929688
W_F_0027,16,16,True,3,4,6,8.339489129020791e-23,81.8499984741211,91.27999877929688
W_F_0027,16,31,True,1,0,2,1.0,99.25999450683594,109.45999908447266
W_F_0027,16,31,True,2,2,4,1.811919941207196e-15,90.87000274658203,94.62000274658203
W_F_0027,16,31,True,3,4,6,1.249134611473312e-21,104.97999572753906,113.25
W_F_0027,17,24,True,1,0,2,1.0,83.19000244140625,90.25
W_F_0027,17,24,True,2,2,4,1.3363001816202313e-09,114.20500183105469,120.1500015258789
W_F_0027,17,24,True,3,4,6,5.565275038665892e-20,113.16500091552734,119.61000061035156
W_F_0027,18,10,True,1,0,2,1.0,95.1300048828125,99.47000122070312
W_F_0027,18,10,True,2,2,4,4.3530172522121546e-11,108.86500549316406,112.79000091552734
W_F_0027,18,10,True,3,4,6,1.4711120265980618e-19,97.92500305175781,105.88999938964844
W_F_0027,19,10,True,1,0,2,1.0,102.81500244140625,103.5
W_F_0027,19,10,True,2,2,4,3.4372674926610655e-14,111.44000244140625,112.06999969482422
W_F_0027,19,10,True,3,4,6,1.4643463424904253e-22,112.60499572753906,115.66999816894531
W_F_0027,19,12,True,1,0,2,1.0,80.36500549316406,84.51000213623047
W_F_0027,19,12,True,2,2,4,4.725160263063799e-09,106.33000183105469,115.4000015258789
W_F_0027,19,12,True,3,4,6,3.1652226405585286e-19,97.51499938964844,98.04000091552734
W_F_0027,19,26,True,1,0,2,1.0,106.44499969482422,107.13999938964844
W_F_0027,19,26,True,2,2,4,3.602088245735491e-14,101.16999816894531,106.76000213623047
W_F_0027,19,26,True,3,4,6,4.363951668546536e-21,104.83499908447266,109.37999725341797
W_F_0027,19,32,True,1,0,2,1.0,94.18499755859375,107.30000305175781
W_F_0027,19,32,True,2,2,4,1.2284929645008536e-14,111.16999816894531,122.76000213623047
W_F_0027,19,32,True,3,1998,2000,1.2823607701580606e-23,99.14999389648438,99.8499984741211
W_F_0027,20,10,True,1,0,2,1.0,121.95999908447266,138.4199981689453
W_F_0027,20,10,True,2,2,4,2.7538893999809423e-18,92.41999816894531,95.66999816894531
W_F_0027,20,10,True,3,4,6,4.122020373010697e-23,102.76499938964844,114.22000122070312
W_F_0027,20,38,True,1,0,2,1.0,101.99500274658203,107.16000366210938
W_F_0027,20,38,True,2,2,4,2.561650978144536e-13,116.51499938964844,117.05999755859375
W_F_0027,20,38,True,3,4,6,1.0082947803518394e-19,114.2449951171875,115.11000061035156
W_F_0027,21,31,True,1,0,2,1.0,87.89999389648438,98.12999725341797
W_F_0027,21,31,True,2,2,4,1.1473490885670345e-13,96.79000091552734,102.75
W_F_0027,21,31,True,3,4,6,1.6559349362214375e-19,108.01499938964844,115.80000305175781
W_F_0027,22,3,True,1,0,2,1.0,83.2550048828125,89.69000244140625
W_F_0027,22,3,True,2,2,4,3.5594083236389906e-11,92.03500366210938,98.4000015258789
W_F_0027,22,3,True,3,4,6,8.023184750154398e-17,118.3699951171875,123.41999816894531
W_F_0027,22,15,True,1,0,2,1.0,120.30999755859375,131.47000122070312
W_F_0027,22,15,True,2,2,4,4.3277991421076667e-19,95.02999877929688,97.22000122070312
W_F_0027,22,15,True,3,4,6,1.0284076067690002e-22,102.41000366210938,104.51000213623047
W_F_0027,22,17,True,1,0,2,1.0,95.89999389648438,98.80999755859375
W_F_0027,22,17,True,2,2,4,1.0968646533024662e-17,89.07499694824219,95.8499984741211
W_F_0027,22,17,True,3,4,6,1.0739650182431102e-23,96.08499908447266,98.3499984741211
W_F_0027,23,4,True,1,0,2,1.0,89.5250015258789,94.26000213623047
W_F_0027,23,4,True,2,2,4,6.573542335735084e-15,88.6300048828125,93.8499984741211
W_F_0027,23,4,True,3,4,6,4.9904741069416345e-18,90.69999694824219,101.83000183105469
W_F_0027,24,2,True,1,0,2,1.0,99.44499969482422,101.44000244140625
W_F_0027,24,2,True,2,2,4,3.3079311859141036e-12,93.45999908447266,96.37999725341797
W_F_0027,24,2,True,3,4,6,1.6669112675208467e-20,84.34500122070312,88.55000305175781
W_F_0027,24,26,True,1,0,2,1.0,107.2750015258789,111.69000244140625
W_F_0027,24,26,True,2,2,4,3.9743278223072363e-16,111.91000366210938,114.75
W_F_0027,24,26,True,3,1998,2000,5.889935039005025e-26,107.22999572753906,109.69000244140625
W_F_0027,25,13,True,1,0,2,1.0,81.25,84.3499984741211
W_F_0027,25,13,True,2,2,4,7.13988701495083e-10,100.16000366210938,108.8499984741211
W_F_0027,25,13,True,3,4,6,3.419670117822317e-18,98.99000549316406,106.25
W_F_0027,25,17,True,1,0,2,1.0,85.02999877929688,87.87999725341797
W_F_0027,25,17,True,2,2,4,6.067158494355018e-12,106.77000427246094,107.72000122070312
W_F_0027,25,17,True,3,4,6,2.519391140947672e-18,107.41999816894531,115.0
W_F_0027,25,32,True,1,0,2,1.0,94.22999572753906,109.81999969482422
W_F_0027,25,32,True,2,2,4,9.1742941368822e-12,97.04499816894531,102.4000015258789
W_F_0027,25,32,True,3,4,6,1.5301362333295767e-17,96.50999450683594,100.0999984741211
W_F_0027,26,2,True,1,0,2,1.0,119.14500427246094,125.16999816894531
W_F_0027,26,2,True,2,2,4,2.748932494310824e-20,99.47000122070312,109.16000366210938
W_F_0027,26,2,True,3,4,6,2.5341174355953367e-27,81.5199966430664,84.69999694824219
W_F_0027,26,8,True,1,0,2,1.0,108.44499969482422,113.77999877929688
W_F_0027,26,8,True,2,2,4,4.1586414306236086e-18,95.02000427246094,104.30000305175781
W_F_0027,26,8,True,3,4,6,9.465604321758433e-24,100.1500015258789,109.97000122070312
W_F_0027,28,18,True,1,0,2,1.0,100.65499877929688,110.41000366210938
W_F_0027,28,18,True,2,2,4,9.005280753677982e-15,93.31500244140625,97.33999633789062
W_F_0027,28,18,True,3,4,6,4.426776601525436e-21,83.48500061035156,85.30000305175781
W_F_0027,29,10,True,1,0,2,1.0,107.85499572753906,122.88999938964844
W_F_0027,29,10,True,2,2,4,1.6337192015880575e-13,104.55500030517578,112.95999908447266
W_F_0027,29,10,True,3,4,6,1.1017268257898143e-21,86.46499633789062,89.5199966430664
W_F_0027,31,1,True,1,0,2,1.0,109.94499969482422,115.05000305175781
W_F_0027,31,1,True,2,2,4,5.607028562067427e-17,115.625,117.5
W_F_0027,31,1,True,3,1998,2000,5.378956156193484e-24,121.11500549316406,130.86000061035156
W_F_0027,33,33,True,1,0,2,1.0,106.08000183105469,120.23999786376953
W_F_0027,33,33,True,2,2,4,2.2212464953854684e-16,96.82499694824219,100.37000274658203
W_F_0027,33,33,True,3,4,6,1.7517308946173366e-22,100.44499969482422,104.5999984741211
W_F_0027,34,22,True,1,0,2,1.0,108.3699951171875,117.38999938964844
W_F_0027,34,22,True,2,2,4,9.282622488431302e-18,100.63999938964844,101.54000091552734
W_F_0027,34,22,True,3,4,6,6.814328410718829e-26,91.66999816894531,93.19000244140625
W_F_0027,34,30,True,1,0,2,1.0,109.30000305175781,113.05000305175781
W_F_0027,34,30,True,2,2,4,5.695931783635034e-18,88.90499877929688,91.86000061035156
W_F_0027,34,30,True,3,4,6,3.038913340400289e-22,102.34500122070312,112.16000366210938
W_F_0027,35,23,True,1,0,2,1.0,90.52000427246094,92.81999969482422
W_F_0027,35,23,True,2,2,4,1.3211228985787749e-12,103.30999755859375,105.43000030517578
W_F_0027,35,23,True,3,4,6,1.5248132503167614e-21,94.0050048828125,99.97000122070312
W_F_0027,35,36,True,1,0,2,1.0,97.83499908447266,105.27999877929688
W_F_0027,35,36,True,2,2,4,2.9045221394306212e-15,101.18499755859375,106.63999938964844
W_F_0027,35,36,True,3,4,6,1.250427864740186e-19,110.21499633789062,110.58000183105469
W_F_0027,36,3,True,1,0,2,1.0,104.34500122070312,113.5
W_F_0027,36,3,True,2,4,6,2.751383876522964e-15,111.08499908447266,119.3499984741211
W_F_0027,36,3,True,3,2,4,3.822292290417786e-16,100.97500610351562,113.05000305175781
W_F_0027,36,6,True,1,0,2,1.0,92.20999908447266,95.7699966430664
W_F_0027,36,6,True,2,2,4,3.319491383158013e-12,108.81500244140625,114.58000183105469
W_F_0027,36,6,True,3,4,6,2.8862875616840037e-22,103.94999694824219,112.0999984741211
W_F_0027,36,39,True,1,0,2,1.0,99.58000183105469,108.91999816894531
W_F_0027,36,39,True,2,2,4,5.627525355433871e-13,109.45500183105469,109.66999816894531
W_F_0027,36,39,True,3,4,6,1.560120998360222e-22,94.25999450683594,98.62999725341797
W_F_0027,37,21,True,1,0,2,1.0,99.02000427246094,104.11000061035156
W_F_0027,37,21,True,2,2,4,3.719062929298026e-17,97.11000061035156,101.2300033569336
W_F_0027,37,21,True,3,4,6,1.0829706543371133e-23,89.77999877929688,90.54000091552734
W_F_0027,37,27,True,1,0,2,1.0,102.2550048828125,104.1500015258789
W_F_0027,37,27,True,2,2,4,5.183322300120533e-16,108.03500366210938,113.2699966430664
W_F_0027,37,27,True,3,4,6,3.404299407678298e-25,93.33500671386719,96.01000213623047
W_F_0027,38,9,True,1,0,2,1.0,108.61000061035156,110.66000366210938
W_F_0027,38,9,True,2,2,4,7.543145825859612e-19,100.13999938964844,103.44999694824219
W_F_0027,38,9,True,3,4,6,3.2507051006468924e-21,111.66500091552734,119.86000061035156
W_F_0027,38,13,True,1,0,2,1.0,88.81999969482422,98.5199966430664
W_F_0027,38,13,True,2,2,4,6.051867774276021e-12,105.77999877929688,123.4800033569336
W_F_0027,38,13,True,3,1346,1348,6.203673471683869e-23,101.80000305175781,104.04000091552734
W_F_0027,38,22,True,1,0,2,1.0,100.06999969482422,102.16999816894531
W_F_0027,38,22,True,2,2,4,1.1154977982985592e-11,101.375,104.25
W_F_0027,38,22,True,3,4,6,3.3255455085502367e-22,90.94000244140625,95.5999984741211
W_F_0027,39,11,True,1,0,2,1.0,93.875,99.44000244140625
W_F_0027,39,11,True,2,2,4,1.8236172120988936e-12,108.27999877929688,115.41000366210938
W_F_0027,39,11,True,3,1998,2000,7.478179238264282e-23,88.55000305175781,89.23999786376953
W_F_0027,41,10,True,1,0,2,1.0,118.24000549316406,122.76000213623047
W_F_0027,41,10,True,2,2,4,1.173311961731581e-18,100.45500183105469,103.7300033569336
W_F_0027,41,10,True,3,4,6,8.405556998972434e-26,94.58000183105469,99.94000244140625
W_F_0027,41,34,True,1,0,2,1.0,96.66999816894531,105.33000183105469
W_F_0027,41,34,True,2,2,4,2.040462982903562e-15,99.08000183105469,103.97000122070312
W_F_0027,41,34,True,3,4,6,2.051397695494177e-22,104.26499938964844,108.68000030517578
W_F_0027,43,6,True,1,0,2,1.0,116.66999816894531,125.63999938964844
W_F_0027,43,6,True,2,2,4,1.6907812636937292e-18,94.23500061035156,94.69999694824219
W_F_0027,43,6,True,3,4,6,4.388001866601514e-23,94.80999755859375,95.13999938964844
W_F_0027,44,4,True,1,0,2,1.0,89.31999969482422,95.38999938964844
W_F_0027,44,4,True,2,2,4,2.526401549578618e-15,82.38499450683594,87.94999694824219
W_F_0027,44,4,True,3,4,6,1.5958234626132675e-19,98.75999450683594,108.88999938964844
W_F_0027,46,5,True,1,0,2,1.0,102.58499908447266,105.91999816894531
W_F_0027,46,5,True,2,2,4,1.279206233127661e-13,108.55000305175781,113.19999694824219
W_F_0027,46,5,True,3,4,6,5.502635251972536e-22,94.76499938964844,94.88999938964844
W_F_0027,48,23,True,1,0,2,1.0,103.5999984741211,107.98999786376953
W_F_0027,48,23,True,2,2,4,8.333966112702984e-13,116.71499633789062,117.5999984741211
W_F_0027,48,23,True,3,4,6,9.431836184077361e-23,96.97999572753906,100.76000213623047
W_F_0027,50,27,True,1,0,2,1.0,92.32499694824219,98.6500015258789
W_F_0027,50,27,True,2,2,4,3.0721103438935415e-10,98.65499877929688,111.30000305175781
W_F_0027,50,27,True,3,4,6,3.9533468865140994e-20,107.61000061035156,108.12999725341797
W_F_0027,50,32,True,1,0,2,1.0,99.6500015258789,102.58000183105469
W_F_0027,50,32,True,2,2,4,2.373344813592134e-14,90.22999572753906,93.5199966430664
W_F_0027,50,32,True,3,4,6,2.123208023481724e-18,107.9000015258789,114.81999969482422
W_F_0027,51,11,True,1,0,2,1.0,96.62000274658203,100.44000244140625
W_F_0027,51,11,True,2,2,4,8.689778768517648e-15,99.08999633789062,100.43000030517578
W_F_0027,51,11,True,3,4,6,2.4125005460878545e-17,121.5,127.3499984741211
W_F_0027,51,28,True,1,0,2,1.0,99.77999877929688,100.19999694824219
W_F_0027,51,28,True,2,2,4,2.7161672111914456e-15,100.01000213623047,103.01000213623047
W_F_0027,51,28,True,3,4,6,1.239022724303699e-19,110.61499786376953,113.45999908447266
W_F_0027,52,12,True,1,0,2,1.0,115.43499755859375,119.44999694824219
W_F_0027,52,12,True,2,2,4,8.164436096787424e-17,105.15499877929688,110.31999969482422
W_F_0027,52,12,True,3,4,6,1.322083466610012e-23,100.33999633789062,101.80000305175781
W_F_0027,52,14,True,1,0,2,1.0,95.61000061035156,96.30000305175781
W_F_0027,52,14,True,2,2,4,2.792757751403016e-14,99.375,101.18000030517578
W_F_0027,52,14,True,3,4,6,2.67327239808026e-22,88.83999633789062,92.08000183105469
W_F_0027,52,15,True,1,0,2,1.0,101.0250015258789,109.43000030517578
W_F_0027,52,15,True,2,2,4,5.603594574032228e-14,101.42500305175781,112.72000122070312
W_F_0027,52,15,True,3,1998,2000,1.2926065271495073e-22,114.43499755859375,127.6500015258789
W_F_0027,54,25,True,1,0,2,1.0,97.72000122070312,102.11000061035156
W_F_0027,54,25,True,2,2,4,1.9920432491049578e-12,107.91500091552734,109.04000091552734
W_F_0027,54,25,True,3,4,6,3.0064238023583515e-20,110.80499267578125,114.5199966430664
W_N_0073,1,12,True,1,0,2,1.0,114.39500427246094,114.66000366210938
W_N_0073,1,12,True,2,2,4,4.045331153204216e-16,100.18499755859375,100.19000244140625
W_N_0073,1,12,True,3,4,6,1.6000689777094865e-23,93.03500366210938,93.66000366210938
W_N_0073,2,6,True,1,0,2,1.0,101.69000244140625,103.5999984741211
W_N_0073,2,6,True,2,2,4,1.4943523848898188e-12,113.65499877929688,118.08999633789062
W_N_0073,2,6,True,3,4,6,1.561019258495779e-23,101.49000549316406,120.25
W_N_0073,3,10,True,1,0,2,1.0,101.40499877929688,103.97000122070312
W_N_0073,3,10,True,2,2,4,1.2004332193538657e-14,101.88999938964844,117.44000244140625
W_N_0073,3,10,True,3,1998,2000,2.6504257240876113e-22,108.0,114.16999816894531
W_N_0073,3,11,True,1,0,2,1.0,125.08999633789062,125.55000305175781
W_N_0073,3,11,True,2,2,4,8.425881249229245e-14,107.21499633789062,109.62999725341797
W_N_0073,3,11,True,3,1998,2000,1.0318567866922478e-24,97.125,102.8499984741211
W_N_0073,3,13,True,1,0,2,1.0,90.69000244140625,93.83000183105469
W_N_0073,3,13,True,2,2,4,4.2055524644354914e-14,90.0999984741211,93.33999633789062
W_N_0073,3,13,True,3,4,6,1.7557734066463432e-20,98.1500015258789,102.88999938964844
W_N_0073,3,14,True,1,0,2,1.0,99.25999450683594,99.41999816894531
W_N_0073,3,14,True,2,2,4,1.7831415733077574e-15,101.83999633789062,111.43000030517578
W_N_0073,3,14,True,3,4,6,1.139732726620316e-24,85.98999786376953,86.73999786376953
W_N_0073,3,15,True,1,0,2,1.0,98.76000213623047,105.4800033569336
W_N_0073,3,15,True,2,2,4,6.527370874712113e-13,106.46499633789062,107.87999725341797
W_N_0073,3,15,True,3,4,6,2.9472186731322953e-19,107.26499938964844,112.80999755859375
W_N_0073,3,19,True,1,0,2,1.0,98.3800048828125,100.86000061035156
W_N_0073,3,19,True,2,2,4,1.1211351383263969e-15,93.19999694824219,94.55000305175781
W_N_0073,3,19,True,3,4,6,1.6530372514498303e-20,107.2449951171875,108.41999816894531
W_N_0073,4,9,True,1,0,2,1.0,88.13999938964844,97.9000015258789
W_N_0073,4,9,True,2,2,4,1.8832670340730717e-13,101.76499938964844,104.68000030517578
W_N_0073,4,9,True,3,4,6,4.3060082320926936e-21,96.0050048828125,106.75
W_N_0073,4,10,True,1,0,2,1.0,88.16999816894531,92.91000366210938
W_N_0073,4,10,True,2,2,4,3.5206581404281356e-15,88.41499328613281,91.7699966430664
W_N_0073,4,10,True,3,4,6,7.96243605279147e-20,109.28500366210938,110.91999816894531
W_N_0073,5,8,True,1,0,2,1.0,88.20500183105469,94.77999877929688
W_N_0073,5,8,True,2,2,4,2.154256455296974e-13,94.34500122070312,100.70999908447266
W_N_0073,5,8,True,3,4,6,4.248607229019055e-21,90.27000427246094,92.75
W_N_0073,5,9,True,1,0,2,1.0,98.31999969482422,114.12999725341797
W_N_0073,5,9,True,2,2,4,1.8227556101849465e-15,94.77999877929688,100.47000122070312
W_N_0073,5,9,True,3,4,6,6.056346965179335e-20,103.94999694824219,113.80999755859375
W_N_0073,5,10,True,1,0,2,1.0,99.0050048828125,112.11000061035156
W_N_0073,5,10,True,2,2,4,3.861365284999916e-15,95.30500030517578,102.4800033569336
W_N_0073,5,10,True,3,4,6,2.0506841030083002e-16,109.7449951171875,120.5199966430664
W_N_0073,5,18,True,1,0,2,1.0,111.375,111.87999725341797
W_N_0073,5,18,True,2,2,4,3.3264437029576507e-16,108.02499389648438,116.33999633789062
W_N_0073,5,18,True,3,4,6,3.3389687657134775e-22,107.6199951171875,107.75
W_N_0073,5,21,True,1,0,2,1.0,95.41999816894531,108.36000061035156
W_N_0073,5,21,True,2,2,4,4.061247865783102e-13,96.61500549316406,106.6500015258789
W_N_0073,5,21,True,3,4,6,2.55046045834547e-18,118.64500427246094,122.62000274658203
W_N_0073,6,8,True,1,0,2,1.0,96.20999908447266,99.93000030517578
W_N_0073,6,8,True,2,2,4,2.9141680659306585e-14,94.63499450683594,97.5999984741211
W_N_0073,6,8,True,3,4,6,4.217164571245041e-23,90.07499694824219,100.20999908447266
W_N_0073,6,21,True,1,0,2,1.0,101.13999938964844,103.8499984741211
W_N_0073,6,21,True,2,2,4,1.8326010129440622e-14,109.77999877929688,110.12999725341797
W_N_0073,6,21,True,3,4,6,1.0456118300747545e-21,102.16000366210938,110.69000244140625
W_N_0073,7,7,True,1,0,2,1.0,94.47000122070312,100.5199966430664
W_N_0073,7,7,True,2,2,4,9.925752711067992e-13,104.08999633789062,108.83999633789062
W_N_0073,7,7,True,3,4,6,3.516379115189516e-21,105.25999450683594,116.25
W_N_0073,7,8,True,1,0,2,1.0,82.81500244140625,101.4800033569336
W_N_0073,7,8,True,2,2,4,6.475765756963625e-11,106.27499389648438,116.95999908447266
W_N_0073,7,8,True,3,4,6,2.4032419134915485e-17,112.58999633789062,117.29000091552734
W_N_0073,7,21,True,1,0,2,1.0,119.47999572753906,124.19999694824219
W_N_0073,7,21,True,2,2,4,1.1678964392125178e-16,117.69999694824219,121.87000274658203
W_N_0073,7,21,True,3,330,332,2.0044016364150631e-25,96.30500030517578,100.19999694824219
W_N_0073,8,1,True,1,0,2,1.0,89.16000366210938,92.66000366210938
W_N_0073,8,1,True,2,2,4,1.2412316183554872e-12,90.80999755859375,94.08000183105469
W_N_0073,8,1,True,3,4,6,1.9008099609722263e-16,103.79499816894531,106.55000305175781
W_N_0073,9,4,True,1,0,2,1.0,102.75,103.95999908447266
W_N_0073,9,4,True,2,2,4,6.874439990577096e-16,107.46499633789062,109.30000305175781
W_N_0073,9,4,True,3,4,6,3.979619363641475e-25,98.30000305175781,103.62000274658203
W_N_0073,9,17,True,1,0,2,1.0,76.8800048828125,80.5999984741211
W_N_0073,9,17,True,2,2,4,2.5248444827929983e-12,86.08499908447266,89.93000030517578
W_N_0073,9,17,True,3,4,6,7.435501710820789e-18,95.70500183105469,102.12000274658203
W_N_0073,9,18,True,1,0,2,1.0,93.75999450683594,101.30999755859375
W_N_0073,9,18,True,2,2,4,3.1258124615161226e-15,105.31999969482422,106.23999786376953
W_N_0073,9,18,True,3,4,6,2.848996528972396e-22,110.96000671386719,112.2300033569336
W_N_0073,10,2,True,1,0,2,1.0,80.02999877929688,84.13999938964844
W_N_0073,10,2,True,2,2,4,5.685746144734605e-12,95.68000030517578,96.52999877929688
W_N_0073,10,2,True,3,4,6,4.440867752507247e-20,92.58999633789062,94.62000274658203
W_N_0073,10,15,True,1,0,2,1.0,96.14500427246094,97.68000030517578
W_N_0073,10,15,True,2,2,4,9.02845959852136e-16,89.95999908447266,95.47000122070312
W_N_0073,10,15,True,3,4,6,6.341693257237159e-21,79.92500305175781,89.68000030517578
W_N_0073,11,6,True,1,0,2,1.0,105.18000030517578,107.6500015258789
W_N_0073,11,6,True,2,2,4,3.6773129029679663e-13,106.86499786376953,119.62999725341797
W_N_0073,11,6,True,3,1998,2000,1.8174159343159797e-23,99.05000305175781,100.75
W_N_0073,11,17,True,1,0,2,1.0,96.71499633789062,105.30999755859375
W_N_0073,11,17,True,2,2,4,3.234472071451391e-16,88.30000305175781,89.27999877929688
W_N_0073,11,17,True,3,4,6,2.671090850578526e-22,96.61500549316406,102.44000244140625
W_N_0073,12,8,True,1,0,2,1.0,104.92500305175781,118.0999984741211
W_N_0073,12,8,True,2,2,4,6.775353715571253e-12,113.45500183105469,113.97000122070312
W_N_0073,12,8,True,3,4,6,1.16150129599979e-19,108.60499572753906,110.0199966430664
W_N_0073,13,20,True,1,0,2,1.0,83.55000305175781,85.58999633789062
W_N_0073,13,20,True,2,2,4,4.3852674963540395e-11,106.66500091552734,110.41999816894531
W_N_0073,13,20,True,3,4,6,2.2355570642965657e-20,102.08999633789062,103.83000183105469
W_N_0073,14,9,True,1,0,2,1.0,130.72999572753906,134.64999389648438
W_N_0073,14,9,True,2,2,4,1.2368692112777054e-19,108.93499755859375,110.0999984741211
W_N_0073,14,9,True,3,4,6,1.0228274847710881e-24,106.08000183105469,106.91999816894531
W_N_0073,14,18,True,1,0,2,1.0,95.73500061035156,101.63999938964844
W_N_0073,14,18,True,2,2,4,1.504749124782434e-12,99.94999694824219,103.47000122070312
W_N_0073,14,18,True,3,4,6,3.4301971543397906e-20,99.10499572753906,104.0999984741211
W_N_0073,14,21,True,1,0,2,1.0,100.84500122070312,108.16000366210938
W_N_0073,14,21,True,2,2,4,7.359189212879924e-13,100.92500305175781,104.93000030517578
W_N_0073,14,21,True,3,4,6,2.803653076770621e-20,92.74000549316406,96.4000015258789
W_N_0073,14,22,True,1,0,2,1.0,84.73999786376953,92.20999908447266
W_N_0073,14,22,True,2,2,4,1.8449464178615926e-10,117.27000427246094,125.41999816894531
W_N_0073,14,22,True,3,4,6,7.278196612172867e-21,117.08999633789062,119.26000213623047
W_N_0073,14,25,True,1,0,2,1.0,91.19000244140625,91.5999984741211
W_N_0073,14,25,True,2,2,4,1.777763422312461e-14,91.33499908447266,95.45999908447266
W_N_0073,14,25,True,3,4,6,1.7436076025507797e-18,93.03500366210938,99.86000061035156
W_N_0073,15,11,True,1,0,2,1.0,92.33500671386719,92.4800033569336
W_N_0073,15,11,True,2,2,4,1.6167900351859998e-10,112.81500244140625,116.0199966430664
W_N_0073,15,11,True,3,4,6,9.697869637474759e-18,113.33499908447266,115.80999755859375
W_N_0073,16,18,True,1,0,2,1.0,106.58499908447266,107.77999877929688
W_N_0073,16,18,True,2,2,4,6.004919906759971e-16,92.84500122070312,101.9000015258789
W_N_0073,16,18,True,3,4,6,2.320303464906212e-22,98.5050048828125,98.52999877929688
W_N_0073,17,4,True,1,0,2,1.0,95.75999450683594,101.02999877929688
W_N_0073,17,4,True,2,2,4,3.1424771465390813e-16,97.41000366210938,102.04000091552734
W_N_0073,17,4,True,3,4,6,1.4579204708831122e-21,108.58999633789062,116.83999633789062
W_N_0073,18,14,True,1,0,2,1.0,102.46499633789062,123.27999877929688
W_N_0073,18,14,True,2,2,4,8.190210594688323e-15,99.66999816894531,110.7300033569336
W_N_0073,18,14,True,3,4,6,1.3056612991797659e-20,104.16500091552734,108.19000244140625
W_N_0073,18,17,True,1,0,2,1.0,111.20500183105469,121.0199966430664
W_N_0073,18,17,True,2,2,4,5.851994709034495e-19,92.36000061035156,106.58000183105469
W_N_0073,18,17,True,3,4,6,1.224800713793268e-22,96.69999694824219,107.55000305175781
W_N_0073,19,2,True,1,0,2,1.0,100.44499969482422,108.19000244140625
W_N_0073,19,2,True,2,2,4,2.1158041283421089e-16,99.73500061035156,106.33999633789062
W_N_0073,19,2,True,3,4,6,1.246320965505442e-22,105.3699951171875,109.69999694824219
W_N_0073,19,8,True,1,0,2,1.0,85.31500244140625,99.81999969482422
W_N_0073,19,8,True,2,2,4,5.8081175285940034e-11,100.98500061035156,114.4800033569336
W_N_0073,19,8,True,3,1998,2000,1.1880163120412358e-19,102.24000549316406,105.58000183105469
W_N_0073,19,12,True,1,0,2,1.0,84.04499816894531,86.33999633789062
W_N_0073,19,12,True,2,2,4,4.5676431387198235e-11,88.80500030517578,94.8499984741211
W_N_0073,19,12,True,3,4,6,2.0788419928040953e-16,111.125,112.88999938964844
W_N_0073,21,14,True,1,0,2,1.0,112.08499908447266,117.41999816894531
W_N_0073,21,14,True,2,2,4,1.4628250727275641e-18,90.11499786376953,113.08999633789062
W_N_0073,21,14,True,3,4,6,1.6170800373785448e-21,99.81500244140625,105.56999969482422
W_N_0073,21,16,True,1,0,2,1.0,98.82499694824219,106.04000091552734
W_N_0073,21,16,True,2,2,4,4.196383756297937e-15,88.18000030517578,93.66000366210938
W_N_0073,21,16,True,3,4,6,1.4642248755815055e-20,90.66999816894531,96.19999694824219
W_N_0073,22,7,True,1,0,2,1.0,102.19000244140625,104.55000305175781
W_N_0073,22,7,True,2,2,4,1.9347949891529437e-12,87.72000122070312,99.11000061035156
W_N_0073,22,7,True,3,4,6,2.8369815084318324e-21,86.34500122070312,95.55000305175781
W_N_0073,22,9,True,1,0,2,1.0,95.51499938964844,104.52999877929688
W_N_0073,22,9,True,2,2,4,7.246024874208085e-16,97.38999938964844,100.93000030517578
W_N_0073,22,9,True,3,4,6,1.7335082313725584e-24,95.2249984741211,95.81999969482422
W_N_0073,22,10,True,1,0,2,1.0,92.74500274658203,92.9800033569336
W_N_0073,22,10,True,2,2,4,1.7999536950030976e-15,84.7300033569336,99.2300033569336
W_N_0073,22,10,True,3,4,6,1.0117480991430047e-17,97.16000366210938,106.31999969482422
W_N_0073,22,13,True,1,0,2,1.0,87.33499908447266,92.25
W_N_0073,22,13,True,2,2,4,4.982894590108318e-14,86.20500183105469,95.55000305175781
W_N_0073,22,13,True,3,4,6,4.3105179949429386e-18,104.07499694824219,110.62000274658203
W_N_0073,22,16,True,1,0,2,1.0,99.375,104.16999816894531
W_N_0073,22,16,True,2,2,4,3.575611012243858e-14,102.03500366210938,104.43000030517578
W_N_0073,22,16,True,3,4,6,1.9784772866817192e-22,103.41000366210938,110.2699966430664
W_N_0073,23,19,True,1,0,2,1.0,104.13499450683594,104.13999938964844
W_N_0073,23,19,True,2,2,4,2.215517376288477e-16,98.2449951171875,105.47000122070312
W_N_0073,23,19,True,3,4,6,1.1981010008014496e-20,114.27999877929688,115.66000366210938
W_N_0073,24,7,True,1,0,2,1.0,88.53500366210938,90.9000015258789
W_N_0073,24,7,True,2,2,4,3.9919746653259425e-13,89.87000274658203,93.91000366210938
W_N_0073,24,7,True,3,4,6,1.333864151411732e-19,89.27499389648438,91.08999633789062
W_N_0073,24,13,True,1,0,2,1.0,99.91999816894531,101.19999694824219
W_N_0073,24,13,True,2,2,4,9.10984287137706e-13,113.92500305175781,118.86000061035156
W_N_0073,24,13,True,3,4,6,2.5896298233984746e-23,95.79499816894531,107.98999786376953
W_N_0073,24,17,True,1,0,2,1.0,103.0050048828125,110.22000122070312
W_N_0073,24,17,True,2,2,4,7.049391998854512e-16,92.45500183105469,98.62999725341797
W_N_0073,24,17,True,3,4,6,1.7013069560427075e-19,111.48500061035156,122.33999633789062
W_N_0073,24,18,True,1,0,2,1.0,114.3699951171875,121.61000061035156
W_N_0073,24,18,True,2,2,4,1.0935777684204255e-15,111.7550048828125,113.06999969482422
W_N_0073,24,18,True,3,1998,2000,7.987548775803843e-24,105.45999908447266,110.33999633789062
W_N_0073,25,11,True,1,0,2,1.0,114.0,116.29000091552734
W_N_0073,25,11,True,2,2,4,2.1027669429794667e-18,93.875,96.87999725341797
W_N_0073,25,11,True,3,4,6,8.642267828396547e-24,101.1300048828125,106.5999984741211
W_N_0073,25,13,True,1,0,2,1.0,122.24000549316406,131.3800048828125
W_N_0073,25,13,True,2,2,4,4.741737554937264e-16,97.7249984741211,102.12999725341797
W_N_0073,25,13,True,3,4,6,6.058928855172848e-22,99.2750015258789,99.9000015258789
W_N_0012,0,21,True,1,0,2,1.0,102.83000183105469,103.44000244140625
W_N_0012,0,21,True,2,2,4,1.0983982329232497e-15,93.82499694824219,94.25
W_N_0012,0,21,True,3,4,6,3.263410477031442e-24,96.06500244140625,98.9800033569336
W_N_0012,2,16,True,1,0,2,1.0,104.65499877929688,108.66000366210938
W_N_0012,2,16,True,2,2,4,5.4985662155176626e-14,101.96499633789062,114.19000244140625
W_N_0012,2,16,True,3,1998,2000,7.556666480712703e-23,88.94999694824219,92.2300033569336
W_N_0012,4,9,True,1,0,2,1.0,116.25999450683594,125.87999725341797
W_N_0012,4,9,True,2,2,4,5.860679249205121e-21,80.45500183105469,81.55000305175781
W_N_0012,4,9,True,3,4,6,6.2470340790863375e-24,91.33000183105469,98.29000091552734
W_N_0012,4,19,True,1,0,2,1.0,98.0999984741211,102.63999938964844
W_N_0012,4,19,True,2,2,4,3.255725319238083e-17,91.55000305175781,96.93000030517578
W_N_0012,4,19,True,3,4,6,8.48706210848873e-21,111.04499816894531,113.7699966430664
W_N_0012,4,20,True,1,0,2,1.0,96.2550048828125,98.22000122070312
W_N_0012,4,20,True,2,2,4,1.6621097131009482e-14,91.875,92.58999633789062
W_N_0012,4,20,True,3,4,6,3.182316327916937e-20,89.76499938964844,102.72000122070312
W_N_0012,5,24,True,1,0,2,1.0,108.58999633789062,121.44999694824219
W_N_0012,5,24,True,2,2,4,1.1394579408016233e-18,87.74000549316406,96.97000122070312
W_N_0012,5,24,True,3,4,6,2.7417664767990867e-22,99.16999816894531,101.04000091552734
W_N_0012,7,10,True,1,0,2,1.0,99.18000030517578,105.72000122070312
W_N_0012,7,10,True,2,2,4,2.0292097266828152e-13,114.79000091552734,122.4000015258789
W_N_0012,7,10,True,3,4,6,2.0675301687256164e-26,74.0,75.70999908447266
W_N_0012,8,22,True,1,0,2,1.0,100.10499572753906,101.02999877929688
W_N_0012,8,22,True,2,2,4,1.3398269552356242e-17,100.46499633789062,105.7300033569336
W_N_0012,8,22,True,3,4,6,6.697127346030143e-25,101.05500030517578,104.06999969482422
W_N_0012,8,28,True,1,0,2,1.0,85.32499694824219,87.16999816894531
W_N_0012,8,28,True,2,2,4,1.2404777183748494e-14,87.25499725341797,89.37999725341797
W_N_0012,8,28,True,3,4,6,2.1886898105049425e-21,82.66500091552734,84.36000061035156
W_N_0012,9,25,True,1,0,2,1.0,90.125,92.51000213623047
W_N_0012,9,25,True,2,2,4,3.6055338402396497e-13,95.16000366210938,103.2699966430664
W_N_0012,9,25,True,3,4,6,5.612118535248711e-18,93.71499633789062,93.87000274658203
W_N_0012,10,7,True,1,0,2,1.0,87.61499786376953,90.77999877929688
W_N_0012,10,7,True,2,2,4,5.39986112736094e-14,91.38500213623047,96.44000244140625
W_N_0012,10,7,True,3,4,6,6.0613590011448105e-21,103.4949951171875,109.31999969482422
W_N_0012,10,32,True,1,0,2,1.0,104.9949951171875,110.23999786376953
W_N_0012,10,32,True,2,2,4,1.1140150852508956e-16,92.83499908447266,100.70999908447266
W_N_0012,10,32,True,3,1998,2000,1.1436169544581078e-25,106.63999938964844,115.44999694824219
W_N_0012,12,2,True,1,0,2,1.0,92.53500366210938,99.69999694824219
W_N_0012,12,2,True,2,2,4,9.727488996594258e-15,84.7750015258789,88.94000244140625
W_N_0012,12,2,True,3,4,6,6.384198062260167e-20,85.97500610351562,89.66000366210938
W_N_0012,12,7,True,1,0,2,1.0,85.47000122070312,99.48999786376953
W_N_0012,12,7,True,2,2,4,1.6100673311952862e-12,93.50499725341797,104.69999694824219
W_N_0012,12,7,True,3,4,6,2.800885769880719e-19,105.06500244140625,105.8499984741211
W_N_0012,12,24,True,1,0,2,1.0,100.31500244140625,103.43000030517578
W_N_0012,12,24,True,2,2,4,2.249445638438652e-12,110.61500549316406,119.16000366210938
W_N_0012,12,24,True,3,1998,2000,2.1305474548852392e-21,120.24000549316406,133.6300048828125
W_N_0012,13,4,True,1,0,2,1.0,98.19000244140625,98.41999816894531
W_N_0012,13,4,True,2,2,4,7.419972275490849e-11,108.66999816894531,115.51000213623047
W_N_0012,13,4,True,3,1998,2000,4.312896287838045e-21,115.41500091552734,117.3499984741211
W_N_0012,13,7,True,1,0,2,1.0,86.44499969482422,89.62000274658203
W_N_0012,13,7,True,2,2,4,1.6619672305040467e-10,110.97500610351562,112.08000183105469
W_N_0012,13,7,True,3,4,6,9.204153382564045e-21,94.71000671386719,102.16000366210938
W_N_0012,13,25,True,1,0,2,1.0,97.73500061035156,106.18000030517578
W_N_0012,13,25,True,2,2,4,4.517251156466173e-12,98.83499908447266,101.54000091552734
W_N_0012,13,25,True,3,4,6,1.861191921161258e-20,105.5050048828125,111.5999984741211
W_N_0012,14,13,True,1,0,2,1.0,99.97500610351562,109.6500015258789
W_N_0012,14,13,True,2,2,4,5.969186733442711e-13,97.12999725341797,107.16999816894531
W_N_0012,14,13,True,3,4,6,3.584289399478026e-18,94.94499969482422,97.4000015258789
W_N_0012,14,26,True,1,0,2,1.0,110.42500305175781,117.95999908447266
W_N_0012,14,26,True,2,2,4,5.217881244368508e-16,113.48999786376953,118.41999816894531
W_N_0012,14,26,True,3,4,6,2.696129358819113e-23,103.58999633789062,106.8499984741211
W_N_0012,14,32,True,1,0,2,1.0,106.6199951171875,109.47000122070312
W_N_0012,14,32,True,2,2,4,1.2074135094519711e-11,107.04000091552734,111.94000244140625
W_N_0012,14,32,True,3,4,6,4.777636486670383e-22,96.28999328613281,100.48999786376953
W_N_0012,15,0,True,1,0,2,1.0,110.22000122070312,111.20999908447266
W_N_0012,15,0,True,2,2,4,3.661591293840569e-14,120.4000015258789,126.87000274658203
W_N_0012,15,0,True,3,4,6,1.2228719015483483e-23,102.95999908447266,110.80999755859375
W_N_0012,15,11,True,1,0,2,1.0,85.95500183105469,94.94999694824219
W_N_0012,15,11,True,2,2,4,3.586656527332366e-10,87.77499389648438,97.5199966430664
W_N_0012,15,11,True,3,4,6,1.2344241274255446e-17,86.66500091552734,96.9000015258789
W_N_0012,15,13,True,1,0,2,1.0,117.0250015258789,119.44000244140625
W_N_0012,15,13,True,2,2,4,5.528429039699471e-15,104.80999755859375,104.95999908447266
W_N_0012,15,13,True,3,4,6,1.4607477483674243e-22,96.7449951171875,104.11000061035156
W_N_0012,15,17,True,1,0,2,1.0,89.63999938964844,103.72000122070312
W_N_0012,15,17,True,2,2,4,7.162320019569231e-15,102.96499633789062,114.51000213623047
W_N_0012,15,17,True,3,4,6,3.319352755059183e-19,112.3800048828125,121.77999877929688
W_N_0012,16,5,True,1,0,2,1.0,93.77999877929688,102.58999633789062
W_N_0012,16,5,True,2,2,4,1.344157563032411e-10,98.25,104.76000213623047
W_N_0012,16,5,True,3,4,6,1.3404500083525144e-18,99.28500366210938,99.66999816894531
W_N_0012,16,30,True,1,0,2,1.0,99.11500549316406,101.19000244140625
W_N_0012,16,30,True,2,2,4,1.4778204159536512e-14,99.30500030517578,107.93000030517578
W_N_0012,16,30,True,3,4,6,1.0059776406609253e-20,100.39999389648438,105.37999725341797
W_N_0012,17,3,True,1,0,2,1.0,98.46000671386719,104.69000244140625
W_N_0012,17,3,True,2,2,4,3.7807078431470464e-13,113.52999877929688,115.06999969482422
W_N_0012,17,3,True,3,4,6,2.8435567966054816e-22,101.80000305175781,116.12999725341797
W_N_0012,17,28,True,1,0,2,1.0,99.75,107.19000244140625
W_N_0012,17,28,True,2,2,4,4.160381620373771e-13,98.05500030517578,104.56999969482422
W_N_0012,17,28,True,3,4,6,2.187022629595929e-19,96.58999633789062,101.08999633789062
W_N_0012,19,13,True,1,0,2,1.0,89.84500122070312,94.4800033569336
W_N_0012,19,13,True,2,2,4,2.982692321973438e-16,90.36499786376953,97.77999877929688
W_N_0012,19,13,True,3,4,6,1.962349906221899e-19,99.79499816894531,100.63999938964844
W_N_0012,19,35,True,1,0,2,1.0,111.6300048828125,111.6500015258789
W_N_0012,19,35,True,2,2,4,4.301094075116632e-16,93.07499694824219,94.98999786376953
W_N_0012,19,35,True,3,4,6,2.6933320580491994e-24,85.19000244140625,89.23999786376953
W_N_0012,20,4,True,1,0,2,1.0,111.26499938964844,116.81999969482422
W_N_0012,20,4,True,2,2,4,1.9563873660618272e-17,91.22500610351562,94.9000015258789
W_N_0012,20,4,True,3,4,6,4.7542904952791654e-23,92.44499969482422,96.98999786376953
W_N_0012,20,16,True,1,0,2,1.0,94.12000274658203,94.94000244140625
W_N_0012,20,16,True,2,2,4,1.3151744233594331e-12,95.96499633789062,101.25
W_N_0012,20,16,True,3,4,6,1.8601157850337206e-17,109.24500274658203,112.2300033569336
W_N_0012,21,1,True,1,0,2,1.0,85.93499755859375,87.6500015258789
W_N_0012,21,1,True,2,2,4,2.132158815823515e-12,113.16500091552734,120.41000366210938
W_N_0012,21,1,True,3,4,6,1.458956122820455e-20,100.2249984741211,113.44999694824219
W_N_0012,21,11,True,1,0,2,1.0,87.40499877929688,90.91000366210938
W_N_0012,21,11,True,2,2,4,1.6911904168748215e-11,102.91000366210938,107.91000366210938
W_N_0012,21,11,True,3,4,6,5.7457541127000216e-18,105.26499938964844,107.91000366210938
W_N_0012,22,2,True,1,0,2,1.0,112.75,121.08000183105469
W_N_0012,22,2,True,2,2,4,4.146100280658896e-16,101.38999938964844,102.0
W_N_0012,22,2,True,3,4,6,2.856013478278773e-23,99.91999816894531,111.5199966430664
W_N_0012,22,7,True,1,0,2,1.0,89.41999816894531,90.83999633789062
W_N_0012,22,7,True,2,2,4,6.099117657318645e-14,91.125,100.30000305175781
W_N_0012,22,7,True,3,4,6,4.612791814453624e-19,107.68499755859375,117.7699966430664
W_N_0012,22,29,True,1,0,2,1.0,127.96000671386719,135.8000030517578
W_N_0012,22,29,True,2,2,4,2.4653037652467842e-19,99.89500427246094,108.12000274658203
W_N_0012,22,29,True,3,1998,2000,1.1776444942567194e-24,106.58999633789062,120.66000366210938
W_N_0012,22,32,True,1,0,2,1.0,113.0,118.05000305175781
W_N_0012,22,32,True,2,2,4,9.702157534975081e-19,99.93499755859375,108.36000061035156
W_N_0012,22,32,True,3,4,6,1.9298361617227607e-25,93.32499694824219,95.69000244140625
W_N_0012,23,7,True,1,0,2,1.0,111.3550033569336,115.16000366210938
W_N_0012,23,7,True,2,2,4,7.068355774818291e-14,112.59500122070312,114.19999694824219
W_N_0012,23,7,True,3,4,6,3.1011346496362877e-21,104.08499908447266,108.5
W_N_0012,23,17,True,1,0,2,1.0,86.83000183105469,90.55000305175781
W_N_0012,23,17,True,2,2,4,3.5503901901767776e-11,94.68000030517578,100.02999877929688
W_N_0012,23,17,True,3,4,6,1.1886896157599532e-15,111.49500274658203,114.58000183105469
W_N_0012,23,30,True,1,0,2,1.0,78.91500091552734,84.97000122070312
W_N_0012,23,30,True,2,2,4,1.5639591011140652e-10,85.41500091552734,91.41999816894531
W_N_0012,23,30,True,3,4,6,3.0047741586476764e-19,93.45500183105469,99.9000015258789
W_N_0012,24,5,True,1,0,2,1.0,102.82499694824219,107.63999938964844
W_N_0012,24,5,True,2,2,4,6.027023125639453e-15,96.32499694824219,97.48999786376953
W_N_0012,24,5,True,3,4,6,2.3315563827034597e-20,95.89500427246094,95.93000030517578
W_N_0012,24,15,True,1,0,2,1.0,95.8800048828125,96.38999938964844
W_N_0012,24,15,True,2,2,4,2.581643666205169e-13,94.94000244140625,98.37999725341797
W_N_0012,24,15,True,3,4,6,5.494308414910258e-22,93.44999694824219,101.94999694824219
W_N_0012,25,4,True,1,0,2,1.0,87.94000244140625,95.12000274658203
W_N_0012,25,4,True,2,2,4,1.335414764880305e-11,95.68499755859375,101.20999908447266
W_N_0012,25,4,True,3,4,6,3.070905439163701e-20,83.95999908447266,84.48999786376953
W_N_0012,25,10,True,1,0,2,1.0,92.05999755859375,96.9800033569336
W_N_0012,25,10,True,2,2,4,1.9062761081028307e-14,92.09500122070312,100.36000061035156
W_N_0012,25,10,True,3,4,6,4.857082741641483e-20,94.77000427246094,103.37000274658203
W_N_0012,25,11,True,1,0,2,1.0,103.30499267578125,104.33999633789062
W_N_0012,25,11,True,2,2,4,6.643541456133534e-17,91.29499816894531,99.0999984741211
W_N_0012,25,11,True,3,4,6,2.465844136733909e-23,87.75499725341797,96.0199966430664
W_N_0012,25,13,True,1,0,2,1.0,97.03500366210938,104.66999816894531
W_N_0012,25,13,True,2,2,4,8.738837019468815e-13,111.39500427246094,111.5
W_N_0012,25,13,True,3,1998,2000,1.3626422294037529e-22,105.26499938964844,112.25
W_N_0012,25,17,True,1,0,2,1.0,102.41000366210938,103.30999755859375
W_N_0012,25,17,True,2,2,4,1.8744645999225693e-14,90.01000213623047,94.19000244140625
W_N_0012,25,17,True,3,4,6,8.738722439452611e-20,89.15499877929688,89.7699966430664
W_N_0012,27,15,True,1,0,2,1.0,93.52499389648438,99.20999908447266
W_N_0012,27,15,True,2,2,4,9.773150171088485e-14,94.1300048828125,94.86000061035156
W_N_0012,27,15,True,3,4,6,4.2496142244796106e-20,92.02000427246094,93.80999755859375
W_N_0012,28,17,True,1,0,2,1.0,82.0,82.7699966430664
W_N_0012,28,17,True,2,2,4,4.4172766139327635e-11,94.04499816894531,95.63999938964844
W_N_0012,28,17,True,3,4,6,5.286577469275404e-18,101.72000122070312,112.08000183105469
W_N_0012,28,22,True,1,0,2,1.0,106.125,106.83999633789062
W_N_0012,28,22,True,2,2,4,3.976268851245429e-16,104.66000366210938,118.41999816894531
W_N_0012,28,22,True,3,4,6,3.015261460304463e-24,91.3800048828125,96.5
W_N_0012,28,26,True,1,0,2,1.0,103.10499572753906,110.86000061035156
W_N_0012,28,26,True,2,2,4,2.0285565584013637e-16,90.78500366210938,91.19000244140625
W_N_0012,28,26,True,3,4,6,2.388478041074472e-20,103.36000061035156,107.2699966430664
W_N_0012,31,20,True,1,0,2,1.0,100.69999694824219,103.12999725341797
W_N_0012,31,20,True,2,2,4,3.374974323321688e-17,106.7550048828125,108.04000091552734
W_N_0012,31,20,True,3,4,6,1.2484855051660599e-23,115.66499328613281,122.62999725341797
W_F_0010,1,34,True,1,0,2,1.0,111.61500549316406,113.16000366210938
W_F_0010,1,34,True,2,2,4,1.5319885223316545e-16,100.70999908447266,103.16999816894531
W_F_0010,1,34,True,3,4,6,1.2878526620080282e-21,112.40499877929688,117.62000274658203
W_F_0010,2,27,True,1,0,2,1.0,104.7750015258789,106.6500015258789
W_F_0010,2,27,True,2,2,4,5.8409003409745294e-15,101.47500610351562,109.04000091552734
W_F_0010,2,27,True,3,4,6,2.796384113541841e-24,84.43499755859375,85.5199966430664
W_F_0010,2,33,True,1,0,2,1.0,115.80999755859375,123.9800033569336
W_F_0010,2,33,True,2,2,4,1.3340333822253027e-17,100.5250015258789,106.38999938964844
W_F_0010,2,33,True,3,1998,2000,1.4095741363419019e-24,100.13999938964844,106.38999938964844
W_F_0010,3,29,True,1,0,2,1.0,104.91500091552734,105.20999908447266
W_F_0010,3,29,True,2,2,4,1.9346951169804406e-16,94.80000305175781,100.94999694824219
W_F_0010,3,29,True,3,4,6,3.0688379347586795e-24,88.52999877929688,93.79000091552734
W_F_0010,3,34,True,1,0,2,1.0,79.55500030517578,93.86000061035156
W_F_0010,3,34,True,2,2,4,2.4730785995463744e-12,83.02000427246094,89.97000122070312
W_F_0010,3,34,True,3,4,6,1.1470831456325851e-15,114.59500122070312,117.4000015258789
W_F_0010,3,35,True,1,0,2,1.0,104.83500671386719,107.4800033569336
W_F_0010,3,35,True,2,2,4,6.3791021110445965e-15,98.64999389648438,110.33999633789062
W_F_0010,3,35,True,3,4,6,1.9841922242194726e-21,97.73500061035156,104.61000061035156
W_F_0010,4,20,True,1,0,2,1.0,87.36499786376953,90.7699966430664
W_F_0010,4,20,True,2,2,4,5.981897021858007e-16,81.34500122070312,87.77999877929688
W_F_0010,4,20,True,3,4,6,6.18330345726495e-17,107.92500305175781,111.4000015258789
W_F_0010,4,28,True,1,0,2,1.0,96.48500061035156,105.04000091552734
W_F_0010,4,28,True,2,2,4,8.698278100398305e-13,108.16499328613281,113.69999694824219
W_F_0010,4,28,True,3,4,6,4.1659504591006446e-23,95.31500244140625,99.75
W_F_0010,5,27,True,1,0,2,1.0,115.86000061035156,127.69999694824219
W_F_0010,5,27,True,2,2,4,1.2104183534325207e-18,85.50499725341797,86.30999755859375
W_F_0010,5,27,True,3,4,6,5.62201252010364e-20,107.86500549316406,111.2300033569336
W_F_0010,5,29,True,1,0,2,1.0,105.26000213623047,105.7300033569336
W_F_0010,5,29,True,2,2,4,4.487999835862174e-16,108.43000030517578,109.19000244140625
W_F_0010,5,29,True,3,4,6,5.793209105630384e-24,108.10499572753906,114.55999755859375
W_F_0010,5,32,True,1,0,2,1.0,100.83000183105469,119.75
W_F_0010,5,32,True,2,2,4,8.568382006517161e-15,111.85000610351562,112.62000274658203
W_F_0010,5,32,True,3,4,6,5.391618970376754e-21,105.3800048828125,107.6500015258789
W_F_0010,6,18,True,1,0,2,1.0,97.58499908447266,115.93000030517578
W_F_0010,6,18,True,2,2,4,5.074867799213442e-14,89.57499694824219,95.98999786376953
W_F_0010,6,18,True,3,4,6,1.8905989787930757e-16,112.88999938964844,120.16999816894531
W_F_0010,6,21,True,1,0,2,1.0,83.11000061035156,89.72000122070312
W_F_0010,6,21,True,2,2,4,3.6516614927185886e-13,96.7750015258789,100.56999969482422
W_F_0010,6,21,True,3,4,6,6.722920768282389e-20,107.91499328613281,114.0199966430664
W_F_0010,6,22,True,1,0,2,1.0,95.89500427246094,102.7300033569336
W_F_0010,6,22,True,2,2,4,8.297659159267254e-17,91.38500213623047,93.12000274658203
W_F_0010,6,22,True,3,4,6,4.423640940769006e-19,113.51000213623047,115.86000061035156
W_F_0010,6,39,True,1,0,2,1.0,107.72999572753906,108.16999816894531
W_F_0010,6,39,True,2,2,4,1.0576038696961321e-18,95.30499267578125,106.5199966430664
W_F_0010,6,39,True,3,4,6,8.292467378714147e-25,98.45500183105469,100.7300033569336
W_F_0010,7,28,True,1,0,2,1.0,109.50999450683594,110.05999755859375
W_F_0010,7,28,True,2,2,4,6.525792759157754e-16,104.03500366210938,109.79000091552734
W_F_0010,7,28,True,3,4,6,2.872831487907106e-22,97.33999633789062,97.4800033569336
W_F_0010,7,40,True,1,0,2,1.0,98.6449966430664,103.08999633789062
W_F_0010,7,40,True,2,2,4,6.471724528552144e-16,91.35000610351562,98.6500015258789
W_F_0010,7,40,True,3,4,6,1.8672508575894954e-20,108.26000213623047,122.44000244140625
W_F_0010,8,24,True,1,0,2,1.0,91.61499786376953,92.19999694824219
W_F_0010,8,24,True,2,2,4,1.4596827459293732e-16,101.46499633789062,103.26000213623047
W_F_0010,8,24,True,3,4,6,1.533153062563209e-22,100.61499786376953,101.41999816894531
W_F_0010,9,12,True,1,0,2,1.0,91.57000732421875,94.2300033569336
W_F_0010,9,12,True,2,2,4,2.1508333308828398e-12,91.99000549316406,99.1500015258789
W_F_0010,9,12,True,3,4,6,6.072126598586521e-19,90.10499572753906,91.79000091552734
W_F_0010,9,14,True,1,0,2,1.0,105.52999877929688,105.87999725341797
W_F_0010,9,14,True,2,2,4,6.368719604693627e-15,106.3499984741211,118.62999725341797
W_F_0010,9,14,True,3,4,6,4.9313099231559e-21,106.20500183105469,106.66000366210938
W_F_0010,9,27,True,1,0,2,1.0,95.34500122070312,99.0999984741211
W_F_0010,9,27,True,2,2,4,2.5268027890857324e-14,101.41500091552734,107.63999938964844
W_F_0010,9,27,True,3,4,6,1.0295833332410514e-18,118.27999877929688,120.93000030517578
W_F_0010,10,28,True,1,0,2,1.0,100.1300048828125,101.19000244140625
W_F_0010,10,28,True,2,2,4,5.609497377235054e-14,97.21499633789062,100.52999877929688
W_F_0010,10,28,True,3,4,6,5.412865556774576e-21,98.30999755859375,100.41000366210938
W_F_0010,10,41,True,1,0,2,1.0,99.03500366210938,106.12000274658203
W_F_0010,10,41,True,2,2,4,8.29943581087412e-16,90.85499572753906,92.79000091552734
W_F_0010,10,41,True,3,4,6,1.98001764803969e-22,97.44000244140625,110.13999938964844
W_F_0010,11,18,True,1,0,2,0.9999986886978149,64.61500549316406,70.30000305175781
W_F_0010,11,18,True,2,2,4,1.3156785598766874e-06,101.33999633789062,107.3499984741211
W_F_0010,11,18,True,3,4,6,1.1520035142834062e-12,120.02999877929688,122.31999969482422
W_F_0010,11,29,True,1,0,2,1.0,106.17500305175781,121.69000244140625
W_F_0010,11,29,True,2,2,4,8.650544334749726e-17,89.11500549316406,89.75
W_F_0010,11,29,True,3,4,6,1.7947579684736342e-21,99.17500305175781,99.6500015258789
W_F_0010,12,37,True,1,0,2,1.0,108.19999694824219,113.41000366210938
W_F_0010,12,37,True,2,2,4,1.6481490854708923e-15,112.05999755859375,120.37000274658203
W_F_0010,12,37,True,3,1998,2000,8.692964447787119e-22,84.02000427246094,91.80999755859375
W_F_0010,12,38,True,1,0,2,1.0,121.73500061035156,123.19000244140625
W_F_0010,12,38,True,2,2,4,1.6401981804967856e-20,98.66999816894531,98.83999633789062
W_F_0010,12,38,True,3,4,6,1.604996202923497e-23,111.62000274658203,113.01000213623047
W_F_0010,13,18,True,1,0,2,1.0,98.98500061035156,100.56999969482422
W_F_0010,13,18,True,2,2,4,8.270837119838618e-15,91.20500183105469,93.63999938964844
W_F_0010,13,18,True,3,4,6,1.346352203748196e-20,94.06999969482422,101.19000244140625
W_F_0010,13,20,True,1,0,2,1.0,96.85000610351562,103.1500015258789
W_F_0010,13,20,True,2,2,4,7.678981826493916e-14,102.38499450683594,104.93000030517578
W_F_0010,13,20,True,3,4,6,3.875874717461903e-21,102.7699966430664,107.19999694824219
W_F_0010,13,32,True,1,0,2,1.0,87.76499938964844,90.7699966430664
W_F_0010,13,32,True,2,2,4,1.8294222040027286e-11,92.47999572753906,103.12000274658203
W_F_0010,13,32,True,3,4,6,7.917258647888818e-17,103.75999450683594,113.66999816894531
W_F_0010,13,40,True,1,0,2,1.0,100.56500244140625,102.7300033569336
W_F_0010,13,40,True,2,2,4,1.1444776333233153e-12,102.02000427246094,112.68000030517578
W_F_0010,13,40,True,3,4,6,6.224282077868646e-20,95.49500274658203,106.80000305175781
W_F_0010,14,27,True,1,0,2,1.0,88.41500091552734,96.75
W_F_0010,14,27,True,2,2,4,1.6606433296626616e-13,105.04499816894531,105.47000122070312
W_F_0010,14,27,True,3,4,6,2.3965367512570418e-20,106.87999725341797,119.66999816894531
W_F_0010,14,28,True,1,0,2,1.0,99.58499908447266,115.25
W_F_0010,14,28,True,2,2,4,1.405056491076903e-13,101.90499877929688,109.2699966430664
W_F_0010,14,28,True,3,4,6,6.936507203496677e-22,97.69000244140625,101.3499984741211
W_F_0010,14,40,True,1,0,2,1.0,100.07000732421875,101.4800033569336
W_F_0010,14,40,True,2,2,4,1.2503874956379564e-15,96.93499755859375,99.62000274658203
W_F_0010,14,40,True,3,4,6,5.88688005189004e-26,82.55999755859375,88.55000305175781
W_F_0010,15,18,True,1,0,2,1.0,109.38499450683594,120.77999877929688
W_F_0010,15,18,True,2,2,4,1.7489375821867958e-17,97.49000549316406,103.72000122070312
W_F_0010,15,18,True,3,4,6,1.2085223343279131e-25,97.35499572753906,106.0999984741211
W_F_0010,15,22,True,1,0,2,1.0,99.91999816894531,104.2699966430664
W_F_0010,15,22,True,2,2,4,2.5403176656272957e-15,98.25,103.98999786376953
W_F_0010,15,22,True,3,4,6,1.9491417584270844e-22,102.68000030517578,112.22000122070312
W_F_0010,15,33,True,1,0,2,1.0,101.11499786376953,110.13999938964844
W_F_0010,15,33,True,2,2,4,2.198915657577235e-14,104.70500183105469,107.69000244140625
W_F_0010,15,33,True,3,4,6,1.6225980752343551e-21,107.05500030517578,114.41999816894531
W_F_0010,15,37,True,1,0,2,1.0,96.83499908447266,107.94999694824219
W_F_0010,15,37,True,2,2,4,7.60422174036323e-19,90.8699951171875,99.73999786376953
W_F_0010,15,37,True,3,4,6,4.3223645372104185e-22,114.0,115.87000274658203
W_F_0010,16,20,True,1,0,2,1.0,116.51499938964844,121.97000122070312
W_F_0010,16,20,True,2,2,4,2.0980578616548452e-16,115.20500183105469,119.33000183105469
W_F_0010,16,20,True,3,1794,1796,4.3235617322417045e-25,99.93000030517578,101.16999816894531
W_F_0010,16,21,True,1,0,2,1.0,108.79499816894531,114.8499984741211
W_F_0010,16,21,True,2,2,4,5.321696317124591e-13,106.54499816894531,112.95999908447266
W_F_0010,16,21,True,3,4,6,1.034285958420992e-21,90.89500427246094,96.48999786376953
W_F_0010,16,29,True,1,0,2,1.0,102.03500366210938,108.33000183105469
W_F_0010,16,29,True,2,2,4,3.4845027508328226e-15,98.11500549316406,98.94000244140625
W_F_0010,16,29,True,3,4,6,4.326094826928381e-21,105.07000732421875,108.9800033569336
W_F_0010,16,35,True,1,0,2,1.0,80.42500305175781,86.19000244140625
W_F_0010,16,35,True,2,2,4,2.4941304133108133e-08,106.31999969482422,106.87000274658203
W_F_0010,16,35,True,3,4,6,3.8867464394943924e-19,87.79000091552734,101.8499984741211
W_F_0010,17,12,True,1,0,2,1.0,105.86500549316406,114.33000183105469
W_F_0010,17,12,True,2,2,4,4.97390917990055e-15,104.42500305175781,105.79000091552734
W_F_0010,17,12,True,3,4,6,6.495447876976154e-22,107.88499450683594,111.80999755859375
W_F_0010,17,19,True,1,0,2,1.0,116.39999389648438,117.5199966430664
W_F_0010,17,19,True,2,2,4,2.3314430912712826e-18,106.2249984741211,107.88999938964844
W_F_0010,17,19,True,3,4,6,6.723833837545948e-23,115.61499786376953,116.5999984741211
W_F_0010,17,35,True,1,0,2,1.0,92.28500366210938,102.05999755859375
W_F_0010,17,35,True,2,2,4,4.3425909569683174e-12,95.66000366210938,98.93000030517578
W_F_0010,17,35,True,3,4,6,8.82239718678512e-19,104.375,104.9800033569336
W_F_0010,17,46,True,1,0,2,1.0,98.52999877929688,106.36000061035156
W_F_0010,17,46,True,2,2,4,6.083212411448283e-14,104.13499450683594,106.25
W_F_0010,17,46,True,3,4,6,9.613213582517124e-21,106.86500549316406,110.04000091552734
W_F_0010,18,20,True,1,0,2,1.0,93.97999572753906,94.44999694824219
W_F_0010,18,20,True,2,2,4,2.733171848567917e-11,98.58500671386719,103.62000274658203
W_F_0010,18,20,True,3,4,6,1.301233023959615e-17,103.22000122070312,111.37999725341797
W_F_0010,18,27,True,1,0,2,1.0,112.64999389648438,119.44999694824219
W_F_0010,18,27,True,2,2,4,5.24009457174087e-19,105.0,107.80000305175781
W_F_0010,18,27,True,3,1998,2000,1.1313896350790854e-24,90.64999389648438,95.80999755859375
W_F_0010,18,31,True,1,0,2,1.0,107.54000091552734,108.58000183105469
W_F_0010,18,31,True,2,2,4,1.1181673466374546e-14,119.19000244140625,124.47000122070312
W_F_0010,18,31,True,3,1998,2000,7.682697423285709e-23,117.95500183105469,131.82000732421875
W_F_0010,18,36,True,1,0,2,1.0,99.30500030517578,102.76000213623047
W_F_0010,18,36,True,2,2,4,1.4780967181010456e-14,99.93499755859375,116.04000091552734
W_F_0010,18,36,True,3,4,6,7.909389541719812e-22,98.71499633789062,100.75
W_F_0010,18,39,True,1,0,2,1.0,97.85499572753906,102.75
W_F_0010,18,39,True,2,2,4,1.6540477321136393e-11,112.80500030517578,122.11000061035156
W_F_0010,18,39,True,3,4,6,7.736566502468652e-18,113.11499786376953,114.88999938964844
W_F_0010,18,46,True,1,0,2,1.0,94.08499908447266,99.27999877929688
W_F_0010,18,46,True,2,2,4,4.7880194139994156e-14,94.41000366210938,96.81999969482422
W_F_0010,18,46,True,3,4,6,5.5881834179896355e-21,96.19499969482422,106.76000213623047
W_F_0010,18,47,True,1,0,2,1.0,110.44000244140625,114.22000122070312
W_F_0010,18,47,True,2,2,4,1.6041627661639302e-13,114.5,116.36000061035156
W_F_0010,18,47,True,3,4,6,9.474346478310092e-24,105.94000244140625,109.1500015258789
W_F_0010,19,12,True,1,0,2,1.0,120.3699951171875,130.75
W_F_0010,19,12,True,2,2,4,3.623756448324919e-20,96.7699966430664,100.7699966430664
W_F_0010,19,12,True,3,4,6,1.4233790789237532e-25,87.55000305175781,90.6500015258789
W_F_0010,19,22,True,1,0,2,1.0,101.23999786376953,105.48999786376953
W_F_0010,19,22,True,2,2,4,3.3431899826644185e-13,109.6199951171875,110.55999755859375
W_F_0010,19,22,True,3,1998,2000,6.541805695754783e-20,100.58499908447266,113.73999786376953
W_F_0010,19,33,True,1,0,2,1.0,102.84500122070312,105.75
W_F_0010,19,33,True,2,2,4,1.1883677432399965e-15,105.76499938964844,111.61000061035156
W_F_0010,19,33,True,3,1998,2000,7.678921493231214e-22,90.30000305175781,93.58000183105469
W_F_0010,19,37,True,1,0,2,1.0,91.11499786376953,97.91999816894531
W_F_0010,19,37,True,2,2,4,3.2863043883391008e-12,99.61000061035156,102.80999755859375
W_F_0010,19,37,True,3,4,6,2.36955735084983e-19,94.86000061035156,96.81999969482422
W_F_0010,19,41,True,1,0,2,1.0,94.01499938964844,100.25
W_F_0010,19,41,True,2,2,4,1.3567110108969604e-11,102.0999984741211,107.31999969482422
W_F_0010,19,41,True,3,4,6,3.363750123474318e-19,112.66000366210938,115.61000061035156
W_F_0010,20,21,True,1,0,2,1.0,108.56999969482422,112.33999633789062
W_F_0010,20,21,True,2,2,4,1.7161459258611522e-15,103.38499450683594,112.55999755859375
W_F_0010,20,21,True,3,4,6,2.3001123491560267e-23,90.57499694824219,101.68000030517578
W_F_0010,21,18,True,1,0,2,1.0,103.63999938964844,106.51000213623047
W_F_0010,21,18,True,2,2,4,5.331824910526545e-17,100.69000244140625,112.0
W_F_0010,21,18,True,3,1998,2000,7.650143500309953e-24,99.09500122070312,110.6500015258789
W_F_0010,21,20,True,1,0,2,1.0,111.31500244140625,116.5199966430664
W_F_0010,21,20,True,2,2,4,3.4184379502436024e-14,109.27999877929688,117.05000305175781
W_F_0010,21,20,True,3,4,6,7.533065655694663e-23,99.875,117.80999755859375
W_F_0010,22,12,True,1,0,2,1.0,91.94000244140625,99.83999633789062
W_F_0010,22,12,True,2,2,4,6.15084765347336e-14,93.27000427246094,94.33000183105469
W_F_0010,22,12,True,3,4,6,2.0006712129851775e-20,106.3800048828125,108.01000213623047
W_F_0010,22,21,True,1,0,2,1.0,119.58000183105469,121.69000244140625
W_F_0010,22,21,True,2,2,4,8.370210707573137e-16,117.54000091552734,122.61000061035156
W_F_0010,22,21,True,3,1998,2000,6.878923891512399e-24,83.0199966430664,89.5199966430664
W_F_0010,22,41,True,1,0,2,1.0,105.13999938964844,110.37000274658203
W_F_0010,22,41,True,2,2,4,1.1717967612368278e-16,104.55500030517578,110.19999694824219
W_F_0010,22,41,True,3,4,6,2.6063587232989534e-23,93.53500366210938,95.16000366210938
W_F_0010,23,12,True,1,0,2,1.0,107.6500015258789,120.12000274658203
W_F_0010,23,12,True,2,2,4,3.228405859711172e-17,88.48500061035156,90.62000274658203
W_F_0010,23,12,True,3,4,6,5.355880791424412e-24,83.86000061035156,85.20999908447266
W_F_0010,23,25,True,1,0,2,1.0,118.44999694824219,119.22000122070312
W_F_0010,23,25,True,2,2,4,1.9611267006901722e-15,115.16999816894531,118.9000015258789
W_F_0010,23,25,True,3,1722,1724,1.0248104345677808e-26,99.18000030517578,109.30999755859375
W_F_0010,24,6,True,1,0,2,1.0,106.74500274658203,108.91000366210938
W_F_0010,24,6,True,2,2,4,7.48209020375078e-15,111.01499938964844,114.26000213623047
W_F_0010,24,6,True,3,4,6,9.257032180545075e-23,109.10000610351562,118.01000213623047
W_F_0010,24,12,True,1,0,2,1.0,116.91500091552734,118.38999938964844
W_F_0010,24,12,True,2,2,4,2.8181019089211067e-16,112.18000030517578,114.12000274658203
W_F_0010,24,12,True,3,4,6,1.2904232441537814e-23,97.3800048828125,106.94000244140625
W_F_0010,24,17,True,1,0,2,1.0,102.88499450683594,109.0199966430664
W_F_0010,24,17,True,2,2,4,1.2810110718734292e-16,106.72000122070312,116.33999633789062
W_F_0010,24,17,True,3,4,6,2.877306159397009e-22,117.55999755859375,119.93000030517578
W_F_0010,25,22,True,1,0,2,1.0,97.91500091552734,104.0
W_F_0010,25,22,True,2,2,4,2.8814243979919437e-15,85.98500061035156,94.86000061035156
W_F_0010,25,22,True,3,4,6,5.7867463468871425e-21,97.95999908447266,104.05999755859375
W_F_0010,25,38,True,1,0,2,1.0,110.25,113.30000305175781
W_F_0010,25,38,True,2,2,4,2.4094667453860305e-16,101.13499450683594,106.27999877929688
W_F_0010,25,38,True,3,4,6,4.668825442858179e-25,97.31500244140625,108.37000274658203
W_F_0010,26,13,True,1,0,2,1.0,96.68000030517578,98.94000244140625
W_F_0010,26,13,True,2,2,4,3.5983468376799975e-17,99.43499755859375,107.41000366210938
W_F_0010,26,13,True,3,4,6,4.749804460153259e-19,114.5,116.05000305175781
W_F_0010,26,38,True,1,0,2,1.0,85.75,88.19000244140625
W_F_0010,26,38,True,2,2,4,7.670993289361772e-13,88.81999969482422,97.4000015258789
W_F_0010,26,38,True,3,4,6,1.881126044961184e-22,90.81999969482422,91.8499984741211
W_F_0010,27,37,True,1,0,2,1.0,120.45500183105469,130.9499969482422
W_F_0010,27,37,True,2,2,4,5.247343697251973e-16,107.60000610351562,113.87000274658203
W_F_0010,27,37,True,3,4,6,9.493028440039717e-21,118.91500091552734,126.66999816894531
W_F_0010,28,30,True,1,0,2,1.0,95.66500091552734,102.81999969482422
W_F_0010,28,30,True,2,2,4,4.480941442550068e-13,97.71499633789062,103.08999633789062
W_F_0010,28,30,True,3,4,6,1.7968267277985837e-21,89.47000122070312,100.58000183105469
W_F_0010,28,43,True,1,0,2,1.0,99.93000030517578,112.06999969482422
W_F_0010,28,43,True,2,2,4,1.1459415569779231e-15,100.75999450683594,107.87999725341797
W_F_0010,28,43,True,3,4,6,2.921513672090105e-22,90.47500610351562,92.83000183105469
W_F_0010,28,46,True,1,0,2,0.9999997615814209,80.66999816894531,86.66000366210938
W_F_0010,28,46,True,2,2,4,2.298485952678675e-07,96.25,97.38999938964844
W_F_0010,28,46,True,3,4,6,1.2693351144482667e-14,106.52000427246094,111.02999877929688
W_F_0010,29,18,True,1,0,2,1.0,78.50999450683594,81.91999816894531
W_F_0010,29,18,True,2,2,4,1.4336011544546778e-11,103.33499908447266,107.2699966430664
W_F_0010,29,18,True,3,4,6,3.129622337957895e-20,104.02000427246094,115.73999786376953
W_F_0010,29,34,True,1,0,2,1.0,88.72000122070312,93.88999938964844
W_F_0010,29,34,True,2,2,4,3.287952937647639e-16,93.77999877929688,97.20999908447266
W_F_0010,29,34,True,3,4,6,1.2981472034200312e-20,109.08000183105469,111.7699966430664
W_F_0010,29,45,True,1,0,2,1.0,108.16999816894531,111.01000213623047
W_F_0010,29,45,True,2,2,4,1.3708796264507751e-15,120.1300048828125,122.72000122070312
W_F_0010,29,45,True,3,1898,1900,7.932890181402889e-24,111.8699951171875,116.36000061035156
W_F_0010,30,17,True,1,0,2,1.0,106.55500030517578,108.91000366210938
W_F_0010,30,17,True,2,2,4,1.7365986944254648e-17,95.53999328613281,99.12999725341797
W_F_0010,30,17,True,3,4,6,1.7036903994295966e-19,108.16500091552734,120.1500015258789
W_F_0010,30,41,True,1,0,2,1.0,101.96000671386719,114.51000213623047
W_F_0010,30,41,True,2,2,4,2.7531977891091797e-13,121.47999572753906,129.38999938964844
W_F_0010,30,41,True,3,1998,2000,1.5607358504337033e-20,96.5999984741211,100.7699966430664
W_F_0010,30,44,True,1,0,2,1.0,112.25999450683594,116.25
W_F_0010,30,44,True,2,2,4,6.235770530902454e-17,97.18000030517578,103.72000122070312
W_F_0010,30,44,True,3,4,6,1.0042795293362334e-19,105.25499725341797,106.48999786376953
W_F_0010,32,12,True,1,0,2,1.0,95.56500244140625,99.0
W_F_0010,32,12,True,2,2,4,7.95538256852333e-15,97.45500183105469,99.41000366210938
W_F_0010,32,12,True,3,4,6,2.0678372770604603e-19,106.25999450683594,106.41999816894531
W_F_0010,32,25,True,1,0,2,1.0,116.11500549316406,116.51000213623047
W_F_0010,32,25,True,2,2,4,1.3905819304412654e-17,108.66999816894531,120.75
W_F_0010,32,25,True,3,4,6,8.166988204901298e-25,97.16500091552734,99.01000213623047
W_F_0010,34,13,True,1,0,2,1.0,95.06500244140625,102.48999786376953
W_F_0010,34,13,True,2,2,4,7.443107545232475e-14,94.61499786376953,109.05999755859375
W_F_0010,34,13,True,3,4,6,1.1309685490164874e-21,103.69000244140625,110.70999908447266
W_F_0010,34,18,True,1,0,2,1.0,90.44999694824219,97.63999938964844
W_F_0010,34,18,True,2,2,4,1.7236739379561383e-12,102.18000030517578,106.81999969482422
W_F_0010,34,18,True,3,4,6,3.027956630406621e-21,86.11499786376953,95.88999938964844
W_F_0010,34,40,True,1,0,2,1.0,111.80500030517578,119.80000305175781
W_F_0010,34,40,True,2,2,4,7.538378163604009e-17,100.93499755859375,108.08999633789062
W_F_0010,34,40,True,3,1998,2000,2.718899089291219e-26,85.80999755859375,86.0
W_F_0010,35,13,True,1,0,2,1.0,109.11499786376953,114.27999877929688
W_F_0010,35,13,True,2,2,4,3.619208475665395e-14,108.57000732421875,120.2300033569336
W_F_0010,35,13,True,3,4,6,6.273907462015251e-22,115.91500091552734,129.27999877929688
W_F_0010,35,18,True,1,0,2,1.0,105.17500305175781,107.0999984741211
W_F_0010,35,18,True,2,2,4,1.7235858397533603e-15,107.33000183105469,118.5199966430664
W_F_0010,35,18,True,3,4,6,6.788497081491276e-23,98.98999786376953,107.16999816894531
W_F_0010,35,30,True,1,0,2,1.0,113.10499572753906,117.91999816894531
W_F_0010,35,30,True,2,2,4,4.397231255838811e-17,104.56500244140625,106.41999816894531
W_F_0010,35,30,True,3,4,6,3.41428761933356e-25,98.7249984741211,107.08999633789062
W_F_0010,36,22,True,1,0,2,1.0,83.86500549316406,93.56999969482422
W_F_0010,36,22,True,2,2,4,9.52477506588334e-12,103.16500091552734,109.86000061035156
W_F_0010,36,22,True,3,4,6,3.012587146105117e-21,98.21000671386719,102.01000213623047
W_F_0010,36,25,True,1,0,2,1.0,103.31999969482422,105.33000183105469
W_F_0010,36,25,True,2,2,4,2.966045676105278e-17,97.30999755859375,103.23999786376953
W_F_0010,36,25,True,3,4,6,4.1741450199663357e-22,100.69999694824219,120.51000213623047
W_F_0010,36,26,True,1,0,2,1.0,108.86000061035156,110.2699966430664
W_F_0010,36,26,True,2,2,4,5.3836202870368756e-15,111.43499755859375,119.98999786376953
W_F_0010,36,26,True,3,4,6,4.107986853051177e-23,96.73500061035156,98.5
W_F_0010,37,12,True,1,0,2,1.0,107.41999816894531,116.51000213623047
W_F_0010,37,12,True,2,2,4,2.377612843206759e-14,114.02000427246094,116.61000061035156
W_F_0010,37,12,True,3,1998,2000,1.146808371122346e-21,98.66999816894531,105.5
W_F_0010,38,12,True,1,0,2,1.0,110.17500305175781,122.31999969482422
W_F_0010,38,12,True,2,2,4,4.022537132634133e-18,96.14999389648438,108.69999694824219
W_F_0010,38,12,True,3,4,6,1.0687955811767607e-22,106.80500030517578,110.9000015258789
W_F_0010,39,14,True,1,0,2,1.0,95.96499633789062,101.26000213623047
W_F_0010,39,14,True,2,2,4,2.401458514737862e-14,99.40499877929688,105.80999755859375
W_F_0010,39,14,True,3,4,6,3.712628305585679e-24,94.91000366210938,99.01000213623047
W_F_0010,39,19,True,1,0,2,1.0,82.2449951171875,82.29000091552734
W_F_0010,39,19,True,2,2,4,4.40433967074938e-10,105.70500183105469,107.38999938964844
W_F_0010,39,19,True,3,4,6,8.31503762164611e-21,95.91500091552734,99.01000213623047
W_F_0010,39,26,True,1,0,2,1.0,120.68000030517578,126.16999816894531
W_F_0010,39,26,True,2,2,4,9.21396380925241e-19,108.7300033569336,114.4800033569336
W_F_0010,39,26,True,3,4,6,3.685953812240342e-26,111.19999694824219,116.41999816894531
W_F_0010,39,41,True,1,0,2,1.0,96.0,99.0199966430664
W_F_0010,39,41,True,2,2,4,3.4679652812646955e-12,102.69999694824219,114.51000213623047
W_F_0010,39,41,True,3,4,6,2.1923582030408374e-21,113.15499877929688,117.72000122070312
W_F_0010,39,46,True,1,0,2,1.0,84.36499786376953,89.8499984741211
W_F_0010,39,46,True,2,2,4,1.876112806775687e-11,97.1199951171875,100.3499984741211
W_F_0010,39,46,True,3,4,6,8.582411519101653e-16,112.64500427246094,113.44000244140625
W_F_0010,40,16,True,1,0,2,1.0,108.83999633789062,117.94999694824219
W_F_0010,40,16,True,2,2,4,8.972931030175123e-18,92.1500015258789,94.43000030517578
W_F_0010,40,16,True,3,4,6,3.1068977518654703e-23,104.67500305175781,107.9000015258789
W_F_0010,40,17,True,1,0,2,1.0,89.4949951171875,96.87999725341797
W_F_0010,40,17,True,2,2,4,3.545487200270342e-13,104.10499572753906,114.55999755859375
W_F_0010,40,17,True,3,4,6,7.137512480087975e-19,116.47999572753906,124.43000030517578
W_F_0010,41,6,True,1,0,2,1.0,103.13499450683594,110.83999633789062
W_F_0010,41,6,True,2,2,4,1.2330753280422047e-14,100.41999816894531,102.87999725341797
W_F_0010,41,6,True,3,4,6,3.2337608227866265e-21,96.19000244140625,100.31999969482422
W_F_0010,41,17,True,1,0,2,1.0,106.15499877929688,117.0
W_F_0010,41,17,True,2,2,4,3.7013344185389194e-14,99.22000122070312,99.33000183105469
W_F_0010,41,17,True,3,1998,2000,1.0139129502787245e-22,95.02999877929688,98.9000015258789
W_F_0010,41,25,True,1,0,2,1.0,110.61000061035156,112.95999908447266
W_F_0010,41,25,True,2,2,4,3.213697926675489e-17,115.9949951171875,119.97000122070312
W_F_0010,41,25,True,3,1998,2000,4.195772477875529e-24,104.21499633789062,111.41000366210938
W_F_0010,42,12,True,1,0,2,1.0,112.22999572753906,123.13999938964844
W_F_0010,42,12,True,2,2,4,2.2531307213442516e-15,102.42500305175781,105.37999725341797
W_F_0010,42,12,True,3,4,6,2.0419408151851694e-24,87.03500366210938,96.0199966430664
W_F_0010,42,17,True,1,0,2,1.0,98.65499877929688,106.56999969482422
W_F_0010,42,17,True,2,2,4,2.9064316058036166e-13,88.52000427246094,91.31999969482422
W_F_0010,42,17,True,3,4,6,1.7057202489540134e-18,102.89999389648438,104.33999633789062
W_F_0010,43,21,True,1,0,2,1.0,92.4949951171875,97.79000091552734
W_F_0010,43,21,True,2,2,4,3.214671299880782e-14,101.75,111.47000122070312
W_F_0010,43,21,True,3,4,6,2.140755340242348e-21,112.56999969482422,114.95999908447266
W_F_0010,43,23,True,1,0,2,1.0,104.31500244140625,105.18000030517578
W_F_0010,43,23,True,2,2,4,6.336164232179087e-11,102.7249984741211,104.87999725341797
W_F_0010,43,23,True,3,4,6,9.989004125868923e-19,96.50499725341797,101.37999725341797
W_F_0010,44,12,True,1,0,2,1.0,96.70999908447266,97.31999969482422
W_F_0010,44,12,True,2,2,4,4.444696834974421e-13,106.45999908447266,106.88999938964844
W_F_0010,44,12,True,3,4,6,6.569016577486539e-19,114.3800048828125,117.44000244140625
W_F_0010,44,26,True,1,0,2,1.0,97.73999786376953,107.0999984741211
W_F_0010,44,26,True,2,2,4,5.920475156136196e-13,116.88999938964844,124.9000015258789
W_F_0010,44,26,True,3,4,6,9.949807934243995e-24,90.78500366210938,97.33000183105469
W_F_0010,45,20,True,1,0,2,1.0,96.7750015258789,102.36000061035156
W_F_0010,45,20,True,2,2,4,2.3349279730825942e-14,90.9749984741211,95.3499984741211
W_F_0010,45,20,True,3,4,6,1.6291289852489202e-21,94.11000061035156,94.51000213623047
W_F_0010,45,22,True,1,0,2,1.0,96.48500061035156,101.54000091552734
W_F_0010,45,22,True,2,2,4,8.5144944480392e-14,112.22000122070312,121.61000061035156
W_F_0010,45,22,True,3,4,6,5.5347426228779515e-21,117.3499984741211,133.77999877929688
W_F_0010,45,26,True,1,0,2,1.0,112.67999267578125,113.0199966430664
W_F_0010,45,26,True,2,2,4,1.1518482585175397e-17,93.79499816894531,95.11000061035156
W_F_0010,45,26,True,3,4,6,2.188754219420132e-23,94.10499572753906,99.56999969482422
W_F_0010,45,38,True,1,0,2,1.0,93.58000183105469,102.44000244140625
W_F_0010,45,38,True,2,2,4,3.178973943351697e-16,81.39999389648438,90.69999694824219
W_F_0010,45,38,True,3,4,6,2.8125653016360264e-20,96.77499389648438,99.05999755859375
W_F_0010,46,13,True,1,0,2,1.0,104.19000244140625,104.25
W_F_0010,46,13,True,2,2,4,9.015750034583931e-18,93.16500091552734,94.55000305175781
W_F_0010,46,13,True,3,4,6,1.3402287246139594e-20,96.66999816894531,97.44999694824219
W_F_0010,46,21,True,1,0,2,1.0,100.9749984741211,107.12999725341797
W_F_0010,46,21,True,2,2,4,1.3028336581495745e-15,106.68499755859375,116.41999816894531
W_F_0010,46,21,True,3,4,6,1.5192263543702562e-23,103.43000030517578,105.19999694824219
W_F_0010,46,26,True,1,0,2,1.0,98.08000183105469,103.80999755859375
W_F_0010,46,26,True,2,2,4,3.470172885659191e-17,97.86000061035156,103.69999694824219
W_F_0010,46,26,True,3,4,6,3.4596711989963175e-21,100.31500244140625,111.72000122070312
W_F_0010,46,39,True,1,0,2,1.0,102.08000183105469,104.16999816894531
W_F_0010,46,39,True,2,2,4,1.523783642396869e-14,100.54499816894531,101.47000122070312
W_F_0010,46,39,True,3,4,6,9.556020561043426e-23,88.29499816894531,89.2699966430664
W_F_0010,47,6,True,1,0,2,1.0,108.10000610351562,111.7300033569336
W_F_0010,47,6,True,2,2,4,1.2589397755481463e-16,111.41999816894531,115.87999725341797
W_F_0010,47,6,True,3,4,6,4.5344405840932094e-26,95.98500061035156,96.55000305175781
W_F_0010,47,29,True,1,0,2,1.0,97.73500061035156,104.1500015258789
W_F_0010,47,29,True,2,2,4,2.046454639862555e-14,111.25,113.97000122070312
W_F_0010,47,29,True,3,4,6,3.0803908027156412e-24,104.54499816894531,107.61000061035156
W_F_0010,47,32,True,1,0,2,1.0,95.72999572753906,110.01000213623047
W_F_0010,47,32,True,2,2,4,1.0051498695873295e-11,97.63499450683594,99.69999694824219
W_F_0010,47,32,True,3,4,6,1.4424112891855211e-18,94.44000244140625,100.70999908447266
W_F_0010,47,38,True,1,0,2,1.0,104.3499984741211,106.37999725341797
W_F_0010,47,38,True,2,2,4,1.0806381820982585e-17,89.21499633789062,91.38999938964844
W_F_0010,47,38,True,3,4,6,9.067118019689824e-23,97.11000061035156,100.95999908447266
W_F_0010,48,6,True,1,0,2,1.0,96.1199951171875,100.79000091552734
W_F_0010,48,6,True,2,2,4,2.4831473886106036e-15,95.38499450683594,99.16999816894531
W_F_0010,48,6,True,3,4,6,8.914571505717295e-22,92.27999877929688,92.9800033569336
W_F_0010,48,12,True,1,0,2,1.0,87.96499633789062,95.48999786376953
W_F_0010,48,12,True,2,2,4,1.732157993428185e-11,105.4949951171875,108.30999755859375
W_F_0010,48,12,True,3,4,6,6.4988530499782595e-19,93.30500030517578,104.83000183105469
W_F_0010,48,15,True,1,0,2,1.0,93.73999786376953,102.62999725341797
W_F_0010,48,15,True,2,2,4,1.3565854711274083e-13,98.70500183105469,110.61000061035156
W_F_0010,48,15,True,3,4,6,1.0883135145848666e-22,101.0,109.0
W_F_0010,48,27,True,1,0,2,1.0,116.98500061035156,119.13999938964844
W_F_0010,48,27,True,2,2,4,2.3599773068867587e-19,88.23999786376953,102.73999786376953
W_F_0010,48,27,True,3,4,6,5.68634014664783e-24,98.52000427246094,109.05999755859375
W_F_0010,48,34,True,1,0,2,1.0,96.88499450683594,98.88999938964844
W_F_0010,48,34,True,2,2,4,3.1427304623298695e-15,105.56999969482422,114.37000274658203
W_F_0010,48,34,True,3,4,6,3.277945830855818e-24,93.10000610351562,109.80000305175781
W_F_0010,48,36,True,1,0,2,1.0,97.96499633789062,105.81999969482422
W_F_0010,48,36,True,2,2,4,5.7441057119134165e-12,100.84500122070312,103.05999755859375
W_F_0010,48,36,True,3,4,6,6.147404040984938e-20,94.24500274658203,95.69000244140625
W_F_0010,48,39,True,1,0,2,1.0,107.55000305175781,116.9800033569336
W_F_0010,48,39,True,2,2,4,2.7802384773876554e-16,90.73999786376953,92.87999725341797
W_F_0010,48,39,True,3,4,6,7.591651830770531e-24,88.61500549316406,89.51000213623047
W_F_0010,48,40,True,1,0,2,1.0,93.33000183105469,97.91999816894531
W_F_0010,48,40,True,2,2,4,7.20195767172499e-13,99.75,103.41999816894531
W_F_0010,48,40,True,3,4,6,3.4789420031087455e-20,87.08000183105469,103.36000061035156
W_F_0010,49,16,True,1,0,2,1.0,105.67500305175781,110.18000030517578
W_F_0010,49,16,True,2,2,4,2.7637938951995297e-17,100.33499908447266,104.0
W_F_0010,49,16,True,3,4,6,1.1896108278799346e-22,104.63500213623047,109.94000244140625
W_F_0010,49,17,True,1,0,2,1.0,109.39500427246094,113.58000183105469
W_F_0010,49,17,True,2,2,4,3.6377523985730437e-16,103.09500122070312,108.19000244140625
W_F_0010,49,17,True,3,4,6,1.643541940992964e-21,105.3949966430664,106.08999633789062
W_F_0010,49,28,True,1,0,2,1.0,116.82499694824219,126.98999786376953
W_F_0010,49,28,True,2,2,4,5.956339407404996e-19,103.64500427246094,105.16000366210938
W_F_0010,49,28,True,3,4,6,2.609411654445204e-24,95.55500030517578,102.11000061035156
W_F_0010,49,30,True,1,0,2,1.0,101.06500244140625,102.29000091552734
W_F_0010,49,30,True,2,2,4,1.837544060055013e-13,108.83000183105469,111.44999694824219
W_F_0010,49,30,True,3,4,6,8.551939628765368e-19,119.90499877929688,126.5199966430664
W_F_0010,50,17,True,1,0,2,1.0,109.52999877929688,114.06999969482422
W_F_0010,50,17,True,2,2,4,3.0305907116516886e-14,112.4749984741211,120.44999694824219
W_F_0010,50,17,True,3,1998,2000,8.666760184566623e-25,102.33500671386719,114.55000305175781
W_F_0010,50,23,True,1,0,2,1.0,99.9949951171875,108.75
W_F_0010,50,23,True,2,2,4,6.6748957571046916e-15,114.44499969482422,114.52999877929688
W_F_0010,50,23,True,3,4,6,7.995261468874188e-24,108.56999969482422,111.94000244140625
W_F_0010,50,26,True,1,0,2,1.0,104.49000549316406,106.81999969482422
W_F_0010,50,26,True,2,2,4,1.2760278605777019e-14,98.5050048828125,109.81999969482422
W_F_0010,50,26,True,3,1998,2000,9.28100534791038e-23,88.18499755859375,91.66999816894531
W_F_0010,50,32,True,1,0,2,1.0,100.57499694824219,104.95999908447266
W_F_0010,50,32,True,2,2,4,2.6443668964064825e-14,98.54499816894531,102.19000244140625
W_F_0010,50,32,True,3,4,6,8.699048013841213e-19,101.44499969482422,101.77999877929688
W_F_0010,51,12,True,1,0,2,1.0,116.73500061035156,119.55999755859375
W_F_0010,51,12,True,2,2,4,2.645392089499302e-17,101.3699951171875,101.61000061035156
W_F_0010,51,12,True,3,4,6,1.4825525201200062e-21,107.98500061035156,110.08000183105469
W_F_0010,51,21,True,1,0,2,1.0,109.96499633789062,113.62000274658203
W_F_0010,51,21,True,2,2,4,8.955196542539783e-15,116.71499633789062,119.87999725341797
W_F_0010,51,21,True,3,1998,2000,1.235441349901965e-25,112.47000122070312,120.91000366210938
W_F_0010,52,21,True,1,0,2,1.0,98.87999725341797,103.2699966430664
W_F_0010,52,21,True,2,2,4,5.20522278166409e-14,97.48500061035156,104.7699966430664
W_F_0010,52,21,True,3,4,6,2.5837305006681784e-22,101.25999450683594,105.5199966430664
W_F_0010,52,35,True,1,0,2,0.9999998807907104,67.83999633789062,79.27999877929688
W_F_0010,52,35,True,2,2,4,8.166870912873492e-08,93.80000305175781,96.66999816894531
W_F_0010,52,35,True,3,4,6,3.2403025168646973e-15,97.9000015258789,102.83000183105469
W_F_0010,53,15,True,1,0,2,1.0,106.44000244140625,111.16999816894531
W_F_0010,53,15,True,2,2,4,3.82837742805042e-16,101.91000366210938,107.04000091552734
W_F_0010,53,15,True,3,1998,2000,2.7301071757287925e-23,98.30500030517578,119.87000274658203
W_F_0010,53,24,True,1,0,2,1.0,119.22999572753906,125.47000122070312
W_F_0010,53,24,True,2,2,4,2.6040596940873747e-18,115.64999389648438,119.2699966430664
W_F_0010,53,24,True,3,4,6,3.2283555691632965e-25,111.62999725341797,124.48999786376953
W_F_0010,53,35,True,1,0,2,1.0,84.13999938964844,85.44999694824219
W_F_0010,53,35,True,2,2,4,6.759762952705415e-15,84.60499572753906,87.94000244140625
W_F_0010,53,35,True,3,4,6,2.217925166702721e-18,100.38499450683594,101.25
W_F_0010,53,37,True,1,0,2,1.0,110.27000427246094,111.95999908447266
W_F_0010,53,37,True,2,2,4,7.670095922805116e-18,105.56999969482422,111.93000030517578
W_F_0010,53,37,True,3,4,6,9.161708526315555e-26,106.41500091552734,111.5
W_F_0010,53,44,True,1,0,2,1.0,94.73500061035156,99.37999725341797
W_F_0010,53,44,True,2,2,4,2.891605818721235e-14,92.43499755859375,96.0199966430664
W_F_0010,53,44,True,3,4,6,7.843771662483196e-21,99.38999938964844,100.86000061035156
W_F_0010,53,45,True,1,0,2,1.0,103.43000030517578,106.44000244140625
W_F_0010,53,45,True,2,2,4,6.492622313668565e-15,114.56999969482422,123.48999786376953
W_F_0010,53,45,True,3,1998,2000,1.897375546200951e-24,108.26499938964844,109.5199966430664
W_F_0010,54,12,True,1,0,2,1.0,87.82499694824219,104.88999938964844
W_F_0010,54,12,True,2,2,4,4.87006181909555e-12,89.34500122070312,101.12999725341797
W_F_0010,54,12,True,3,4,6,5.573289850114859e-18,86.20500183105469,87.8499984741211
W_F_0010,54,21,True,1,0,2,1.0,112.54499816894531,114.4800033569336
W_F_0010,54,21,True,2,2,4,8.466324065493675e-16,100.58500671386719,105.2300033569336
W_F_0010,54,21,True,3,4,6,1.0341783451717453e-23,90.15499877929688,95.66999816894531
W_F_0010,54,38,True,1,0,2,1.0,116.58999633789062,121.83999633789062
W_F_0010,54,38,True,2,2,4,2.9785261668477203e-19,99.73500061035156,100.04000091552734
W_F_0010,54,38,True,3,4,6,7.596924577061028e-24,114.13999938964844,123.22000122070312
W_F_0010,54,41,True,1,0,2,1.0,105.33500671386719,109.44000244140625
W_F_0010,54,41,True,2,2,4,1.769201604678936e-18,97.07499694824219,100.44000244140625
W_F_0010,54,41,True,3,4,6,7.648743272203186e-24,93.75,95.31999969482422
W_F_0010,55,21,True,1,0,2,1.0,105.72999572753906,114.6500015258789
W_F_0010,55,21,True,2,2,4,4.094892268557927e-15,88.55000305175781,88.83999633789062
W_F_0010,55,21,True,3,4,6,1.0349681527100526e-22,93.56500244140625,104.62000274658203
W_F_0010,55,24,True,1,0,2,1.0,89.89500427246094,99.22000122070312
W_F_0010,55,24,True,2,2,4,7.273115486608472e-14,105.70999908447266,121.56999969482422
W_F_0010,55,24,True,3,4,6,4.423583595503689e-22,109.80000305175781,118.80000305175781
W_F_0010,55,27,True,1,0,2,1.0,94.28999328613281,107.69999694824219
W_F_0010,55,27,True,2,2,4,1.7100561824868674e-14,105.71499633789062,114.19999694824219
W_F_0010,55,27,True,3,1998,2000,2.3643553864608943e-20,117.43000030517578,121.54000091552734
W_F_0010,55,32,True,1,0,2,1.0,76.76499938964844,84.08000183105469
W_F_0010,55,32,True,2,2,4,1.463768169174262e-11,94.11500549316406,96.05000305175781
W_F_0010,55,32,True,3,4,6,5.88436724948737e-18,110.6300048828125,118.27999877929688
W_F_0010,55,39,True,1,0,2,1.0,91.27000427246094,93.16999816894531
W_F_0010,55,39,True,2,2,4,2.6179308287160863e-13,104.16499328613281,107.48999786376953
W_F_0010,55,39,True,3,4,6,1.3144574602654723e-19,95.7750015258789,98.97000122070312
W_F_0010,56,15,True,1,0,2,1.0,105.84500122070312,118.4000015258789
W_F_0010,56,15,True,2,2,4,4.5254327629001834e-13,107.06500244140625,110.30999755859375
W_F_0010,56,15,True,3,4,6,6.978224440084171e-23,102.33999633789062,106.48999786376953
W_F_0010,56,16,True,1,0,2,1.0,113.69999694824219,113.9000015258789
W_F_0010,56,16,True,2,2,4,3.716013941560156e-17,108.23999786376953,119.58999633789062
W_F_0010,56,16,True,3,4,6,1.3717895133618974e-23,110.83000183105469,115.22000122070312
W_F_0010,57,24,True,1,0,2,1.0,126.625,127.26000213623047
W_F_0010,57,24,True,2,2,4,3.5013260791711016e-18,115.8800048828125,122.18000030517578
W_F_0010,57,24,True,3,1998,2000,1.7124619647631341e-25,85.30999755859375,94.72000122070312
W_F_0010,57,25,True,1,0,2,1.0,113.45999908447266,119.38999938964844
W_F_0010,57,25,True,2,2,4,1.3089703059733135e-16,97.5050048828125,105.22000122070312
W_F_0010,57,25,True,3,4,6,5.882281362591151e-25,90.48999786376953,96.44999694824219
W_F_0010,57,27,True,1,0,2,1.0,95.69000244140625,99.81999969482422
W_F_0010,57,27,True,2,2,4,3.2482532288935495e-12,101.05500030517578,104.91999816894531
W_F_0010,57,27,True,3,4,6,4.440063859096889e-16,116.84500122070312,116.94999694824219
W_F_0010,57,28,True,1,0,2,1.0,112.33499908447266,119.0999984741211
W_F_0010,57,28,True,2,2,4,9.50277043045709e-22,92.24500274658203,94.66000366210938
W_F_0010,57,28,True,3,4,6,1.0182570219014639e-24,111.30000305175781,116.77999877929688
W_F_0010,58,30,True,1,0,2,1.0,85.53500366210938,87.41999816894531
W_F_0010,58,30,True,2,2,4,3.633074396880431e-11,98.13500213623047,107.79000091552734
W_F_0010,58,30,True,3,4,6,1.1853641900516318e-18,101.06500244140625,104.08999633789062
W_F_0010,58,38,True,1,0,2,1.0,83.97999572753906,88.30999755859375
W_F_0010,58,38,True,2,2,4,8.759680264133762e-13,95.66999816894531,98.9800033569336
W_F_0010,58,38,True,3,4,6,6.210428418195517e-21,90.71499633789062,93.37999725341797
W_F_0010,59,24,True,1,0,2,1.0,112.16999816894531,120.16999816894531
W_F_0010,59,24,True,2,2,4,2.457402880969993e-15,110.72000122070312,112.36000061035156
W_F_0010,59,24,True,3,4,6,1.7052995514779865e-23,105.43000030517578,111.6500015258789
W_F_0010,59,28,True,1,0,2,1.0,98.22999572753906,99.30999755859375
W_F_0010,59,28,True,2,2,4,2.0883980173446934e-14,87.72999572753906,93.70999908447266
W_F_0010,59,28,True,3,4,6,4.570299546386775e-19,99.1300048828125,108.54000091552734
W_F_0010,59,36,True,1,0,2,1.0,112.875,117.86000061035156
W_F_0010,59,36,True,2,2,4,1.904279990259331e-15,102.93000030517578,103.62000274658203
W_F_0010,59,36,True,3,4,6,4.626953703918093e-22,98.07499694824219,99.29000091552734
W_F_0010,59,41,True,1,0,2,1.0,101.66000366210938,102.19999694824219
W_F_0010,59,41,True,2,2,4,1.6635851161166342e-17,99.88999938964844,102.0199966430664
W_F_0010,59,41,True,3,4,6,2.1684408243131807e-25,93.13499450683594,94.18000030517578
W_F_0010,60,12,True,1,0,2,1.0,99.13999938964844,101.3499984741211
W_F_0010,60,12,True,2,2,4,2.218319928790069e-13,106.6300048828125,115.18000030517578
W_F_0010,60,12,True,3,4,6,7.969839006253812e-23,100.22500610351562,104.9000015258789
W_F_0010,60,17,True,1,0,2,1.0,83.94000244140625,91.80000305175781
W_F_0010,60,17,True,2,2,4,4.735007178013895e-11,99.98500061035156,100.12999725341797
W_F_0010,60,17,True,3,4,6,4.819047749230073e-19,103.22500610351562,105.62000274658203
W_F_0010,60,30,True,1,0,2,1.0,95.41000366210938,101.33000183105469
W_F_0010,60,30,True,2,2,4,3.734295858648373e-13,100.68499755859375,104.1500015258789
W_F_0010,60,30,True,3,4,6,1.0860124136352241e-21,94.91999816894531,100.7300033569336
W_F_0010,60,34,True,1,0,2,1.0,111.80500030517578,124.11000061035156
W_F_0010,60,34,True,2,2,4,1.3766097435411754e-19,99.77999877929688,108.95999908447266
W_F_0010,60,34,True,3,1998,2000,1.0162551887468524e-23,102.91999816894531,108.75
W_F_0010,62,14,True,1,0,2,1.0,101.91999816894531,109.41000366210938
W_F_0010,62,14,True,2,2,4,4.939991016077172e-13,104.78500366210938,106.19999694824219
W_F_0010,62,14,True,3,4,6,3.7001957563665465e-19,107.25499725341797,116.48999786376953
W_F_0010,62,32,True,1,0,2,1.0,98.63499450683594,103.94999694824219
W_F_0010,62,32,True,2,2,4,4.327049135666172e-11,105.66999816894531,113.83999633789062
W_F_0010,62,32,True,3,4,6,4.0051393788524294e-20,89.13999938964844,94.58999633789062
W_F_0010,62,35,True,1,0,2,1.0,88.41999816894531,91.45999908447266
W_F_0010,62,35,True,2,2,4,1.4581886045861303e-12,102.63499450683594,108.93000030517578
W_F_0010,62,35,True,3,4,6,1.7581200469583222e-19,107.86499786376953,111.3499984741211
W_F_0010,62,39,True,1,0,2,1.0,96.22000122070312,105.45999908447266
W_F_0010,62,39,True,2,2,4,1.0512347184421251e-14,84.16000366210938,85.33999633789062
W_F_0010,62,39,True,3,4,6,1.405535370682754e-18,105.21499633789062,109.4000015258789
W_F_0036,4,15,True,1,0,2,1.0,82.95500183105469,89.48999786376953
W_F_0036,4,15,True,2,2,4,1.065358912200054e-09,114.26499938964844,120.9000015258789
W_F_0036,4,15,True,3,1998,2000,6.319355745627176e-21,106.83000183105469,109.19999694824219
W_F_0036,5,19,True,1,0,2,1.0,96.05999755859375,99.69999694824219
W_F_0036,5,19,True,2,2,4,4.554366984861917e-15,90.41999816894531,92.80999755859375
W_F_0036,5,19,True,3,4,6,2.8138196434867807e-21,92.24000549316406,99.94000244140625
W_F_0036,5,23,True,1,0,2,1.0,108.66999816894531,119.0199966430664
W_F_0036,5,23,True,2,2,4,3.1328746053313002e-18,90.7449951171875,99.86000061035156
W_F_0036,5,23,True,3,4,6,1.8818509134697734e-22,99.62999725341797,103.91999816894531
W_F_0036,7,14,True,1,0,2,1.0,112.9949951171875,121.5199966430664
W_F_0036,7,14,True,2,2,4,1.7813078486209055e-13,114.50499725341797,118.58999633789062
W_F_0036,7,14,True,3,1998,2000,3.7049338352022436e-23,116.21499633789062,117.72000122070312
W_F_0036,8,19,True,1,0,2,1.0,109.13999938964844,117.30000305175781
W_F_0036,8,19,True,2,2,4,1.4458660503728794e-17,93.80000305175781,98.80999755859375
W_F_0036,8,19,True,3,4,6,3.5777968717747947e-20,104.91000366210938,117.48999786376953
W_F_0036,9,32,True,1,0,2,1.0,111.48999786376953,114.83999633789062
W_F_0036,9,32,True,2,2,4,3.982844209196286e-15,110.88499450683594,118.25
W_F_0036,9,32,True,3,1998,2000,2.286800095450659e-20,121.56500244140625,133.0800018310547
W_F_0036,11,11,True,1,0,2,1.0,86.73999786376953,95.73999786376953
W_F_0036,11,11,True,2,2,4,4.209168170260513e-12,92.05999755859375,94.79000091552734
W_F_0036,11,11,True,3,4,6,1.4900047800899847e-18,104.19499969482422,110.44999694824219
W_F_0036,11,28,True,1,0,2,1.0,106.64500427246094,110.18000030517578
W_F_0036,11,28,True,2,2,4,3.0225057821701463e-16,95.36000061035156,97.38999938964844
W_F_0036,11,28,True,3,4,6,1.4993352897539808e-22,95.44000244140625,99.86000061035156
W_F_0036,14,21,True,1,0,2,1.0,88.51000213623047,91.08000183105469
W_F_0036,14,21,True,2,2,4,4.69133087412088e-13,92.41500091552734,96.13999938964844
W_F_0036,14,21,True,3,4,6,7.768849616942492e-21,80.63999938964844,87.56999969482422
W_F_0036,14,32,True,1,0,2,1.0,92.79499816894531,94.12000274658203
W_F_0036,14,32,True,2,2,4,3.5599904101013546e-12,97.86000061035156,98.80000305175781
W_F_0036,14,32,True,3,4,6,1.1899381862229396e-21,94.50499725341797,101.33999633789062
W_F_0036,15,5,True,1,0,2,1.0,96.36499786376953,103.23999786376953
W_F_0036,15,5,True,2,2,4,1.0858807342889465e-12,96.96499633789062,97.58999633789062
W_F_0036,15,5,True,3,4,6,1.6544684597020675e-21,93.72000122070312,102.41000366210938
W_F_0036,15,9,True,1,0,2,1.0,113.81500244140625,124.73999786376953
W_F_0036,15,9,True,2,2,4,2.872860802250974e-17,101.17500305175781,105.3499984741211
W_F_0036,15,9,True,3,4,6,7.34795912874019e-23,104.07499694824219,108.06999969482422
W_F_0036,15,26,True,1,0,2,1.0,91.19000244140625,104.5999984741211
W_F_0036,15,26,True,2,2,4,3.1026215993928063e-16,106.88999938964844,111.3499984741211
W_F_0036,15,26,True,3,4,6,6.93581527781949e-23,110.56999969482422,125.48999786376953
W_F_0036,17,1,True,1,0,2,1.0,111.27000427246094,117.7300033569336
W_F_0036,17,1,True,2,2,4,2.0271264491490432e-15,103.21499633789062,107.91000366210938
W_F_0036,17,1,True,3,4,6,4.576760740661069e-24,91.35499572753906,94.41999816894531
W_F_0036,17,27,True,1,0,2,1.0,95.33000183105469,96.87999725341797
W_F_0036,17,27,True,2,2,4,7.896518860886839e-14,92.11000061035156,92.45999908447266
W_F_0036,17,27,True,3,4,6,1.718676133319187e-21,89.54000091552734,89.80000305175781
W_F_0036,18,12,True,1,0,2,1.0,98.76000213623047,106.7300033569336
W_F_0036,18,12,True,2,2,4,1.7605733333402322e-15,88.95999908447266,96.93000030517578
W_F_0036,18,12,True,3,4,6,3.544335133980198e-22,91.34500122070312,97.80999755859375
W_F_0036,18,19,True,1,0,2,1.0,101.16499328613281,108.73999786376953
W_F_0036,18,19,True,2,2,4,4.547282083653726e-16,101.57499694824219,109.36000061035156
W_F_0036,18,19,True,3,4,6,3.1750271622759185e-21,105.45999908447266,109.93000030517578
W_F_0036,19,1,True,1,0,2,1.0,97.7249984741211,102.5999984741211
W_F_0036,19,1,True,2,2,4,4.645344005294039e-12,109.91000366210938,110.1500015258789
W_F_0036,19,1,True,3,4,6,2.1356351972638085e-19,106.5250015258789,108.06999969482422
W_F_0036,19,20,True,1,0,2,1.0,88.86500549316406,90.79000091552734
W_F_0036,19,20,True,2,2,4,6.868509531748543e-14,108.19000244140625,110.22000122070312
W_F_0036,19,20,True,3,4,6,5.0720340248664835e-21,112.66000366210938,115.87999725341797
W_F_0036,19,23,True,1,0,2,1.0,95.33999633789062,98.18000030517578
W_F_0036,19,23,True,2,2,4,7.687594796314777e-15,92.1300048828125,97.43000030517578
W_F_0036,19,23,True,3,4,6,8.338869793693013e-19,102.50999450683594,105.02999877929688
W_F_0036,20,23,True,1,0,2,1.0,109.47000122070312,117.30000305175781
W_F_0036,20,23,True,2,2,4,1.8675610061167388e-16,107.30999755859375,112.70999908447266
W_F_0036,20,23,True,3,4,6,3.298822687613694e-22,107.32499694824219,113.13999938964844
W_F_0036,21,13,True,1,0,2,1.0,92.66500091552734,93.83000183105469
W_F_0036,21,13,True,2,2,4,1.2855627673502568e-10,111.59500122070312,121.04000091552734
W_F_0036,21,13,True,3,4,6,1.64605801600561e-21,86.9749984741211,100.27999877929688
W_F_0036,27,5,True,1,0,2,1.0,105.22000122070312,107.06999969482422
W_F_0036,27,5,True,2,2,4,1.2919357322502007e-15,93.42500305175781,100.69000244140625
W_F_0036,27,5,True,3,4,6,7.548182838802177e-19,101.30000305175781,103.08999633789062
W_F_0036,30,27,True,1,0,2,1.0,101.06999969482422,105.62000274658203
W_F_0036,30,27,True,2,2,4,1.5351834776691385e-15,91.26499938964844,92.19000244140625
W_F_0036,30,27,True,3,4,6,3.600673989487498e-21,91.23999786376953,106.16999816894531
W_F_0036,31,15,True,1,0,2,1.0,100.79000091552734,101.27999877929688
W_F_0036,31,15,True,2,2,4,1.9478191778140967e-14,88.56999969482422,91.20999908447266
W_F_0036,31,15,True,3,4,6,1.0003131144904591e-22,78.97000122070312,87.23999786376953
W_F_0036,31,22,True,1,0,2,1.0,116.16000366210938,123.05000305175781
W_F_0036,31,22,True,2,2,4,2.6460985017424222e-17,104.94000244140625,108.2300033569336
W_F_0036,31,22,True,3,4,6,8.266991171000297e-22,114.1500015258789,118.18000030517578
W_F_0036,32,8,True,1,0,2,1.0,95.16000366210938,100.2300033569336
W_F_0036,32,8,True,2,2,4,1.385025991465505e-13,100.13499450683594,104.0999984741211
W_F_0036,32,8,True,3,4,6,2.0280184179592914e-20,114.37999725341797,116.08999633789062
W_F_0009,1,24,True,1,0,2,1.0,87.45500183105469,90.13999938964844
W_F_0009,1,24,True,2,2,4,2.5949312143502823e-11,99.19000244140625,105.05999755859375
W_F_0009,1,24,True,3,4,6,1.9772470082258424e-15,111.72000122070312,116.37000274658203
W_F_0009,3,33,True,1,0,2,1.0,89.01499938964844,93.44999694824219
W_F_0009,3,33,True,2,2,4,4.035906157884295e-12,93.54499816894531,102.6500015258789
W_F_0009,3,33,True,3,4,6,4.703521843724539e-18,98.76499938964844,102.30999755859375
W_F_0009,4,15,True,1,0,2,1.0,112.91500091552734,115.29000091552734
W_F_0009,4,15,True,2,2,4,2.3474620642188314e-18,92.03500366210938,92.9800033569336
W_F_0009,4,15,True,3,4,6,5.205990514114725e-24,95.69999694824219,109.31999969482422
W_F_0009,4,35,True,1,0,2,1.0,100.22000122070312,107.73999786376953
W_F_0009,4,35,True,2,2,4,2.385670413524105e-15,92.93499755859375,94.9000015258789
W_F_0009,4,35,True,3,4,6,7.99045566513071e-21,96.49000549316406,96.86000061035156
W_F_0009,5,33,True,1,0,2,1.0,106.92999267578125,108.83999633789062
W_F_0009,5,33,True,2,2,4,2.1345696138929358e-14,114.79000091552734,117.86000061035156
W_F_0009,5,33,True,3,1998,2000,8.078466572852375e-24,106.58499908447266,108.0
W_F_0009,6,20,True,1,0,2,1.0,86.05999755859375,86.61000061035156
W_F_0009,6,20,True,2,2,4,4.026185851727093e-13,99.2750015258789,99.91000366210938
W_F_0009,6,20,True,3,4,6,3.030997528899712e-20,99.39500427246094,108.58000183105469
W_F_0009,7,18,True,1,0,2,1.0,111.19499969482422,111.54000091552734
W_F_0009,7,18,True,2,2,4,4.2244990177544547e-19,87.49000549316406,87.66000366210938
W_F_0009,7,18,True,3,4,6,8.29855166566089e-23,96.42500305175781,98.69999694824219
W_F_0009,7,23,True,1,0,2,1.0,109.55999755859375,117.8499984741211
W_F_0009,7,23,True,2,2,4,1.1412568718565438e-14,108.08000183105469,110.30000305175781
W_F_0009,7,23,True,3,4,6,1.5720677485114652e-24,91.04000091552734,97.79000091552734
W_F_0009,9,14,True,1,0,2,1.0,104.58000183105469,109.6500015258789
W_F_0009,9,14,True,2,2,4,1.2481055041747586e-14,97.76000213623047,111.29000091552734
W_F_0009,9,14,True,3,4,6,2.1186103662290467e-20,116.5,117.72000122070312
W_F_0009,9,39,True,1,0,2,1.0,90.81500244140625,92.48999786376953
W_F_0009,9,39,True,2,2,4,2.6438905318532102e-12,108.08500671386719,109.91000366210938
W_F_0009,9,39,True,3,4,6,1.1681810224304605e-17,110.56999969482422,116.08999633789062
W_F_0009,9,40,True,1,0,2,1.0,103.19999694824219,109.7300033569336
W_F_0009,9,40,True,2,2,4,3.219132114194202e-14,110.38999938964844,130.92999267578125
W_F_0009,9,40,True,3,4,6,6.968199974353857e-22,102.375,109.93000030517578
W_F_0009,9,42,True,1,0,2,1.0,94.37999725341797,104.16999816894531
W_F_0009,9,42,True,2,2,4,1.3713909294190557e-13,99.70999908447266,105.5199966430664
W_F_0009,9,42,True,3,4,6,6.412721611567437e-23,107.6199951171875,112.61000061035156
W_F_0009,10,15,True,1,0,2,1.0,92.58499908447266,99.4000015258789
W_F_0009,10,15,True,2,2,4,3.0983652058932942e-15,88.83999633789062,92.0199966430664
W_F_0009,10,15,True,3,4,6,3.956386719729424e-24,79.23500061035156,81.12000274658203
W_F_0009,10,28,True,1,0,2,1.0,119.83999633789062,130.47000122070312
W_F_0009,10,28,True,2,2,4,1.62367789086159e-18,100.05000305175781,102.9800033569336
W_F_0009,10,28,True,3,1998,2000,1.712489860856895e-23,105.09500122070312,107.6500015258789
W_F_0009,11,10,True,1,0,2,1.0,87.91000366210938,91.81999969482422
W_F_0009,11,10,True,2,2,4,2.477784687496265e-13,98.48999786376953,100.45999908447266
W_F_0009,11,10,True,3,4,6,6.469338373305315e-21,95.61000061035156,96.5999984741211
W_F_0009,12,5,True,1,0,2,1.0,110.53500366210938,118.33000183105469
W_F_0009,12,5,True,2,2,4,2.5408467584712255e-18,90.41000366210938,104.01000213623047
W_F_0009,12,5,True,3,4,6,4.521135371977218e-21,97.90499877929688,100.13999938964844
W_F_0009,12,31,True,1,0,2,1.0,82.89500427246094,83.37999725341797
W_F_0009,12,31,True,2,2,4,6.11182660037457e-09,105.79499816894531,112.1500015258789
W_F_0009,12,31,True,3,4,6,6.448580941455196e-17,96.54499816894531,98.66000366210938
W_F_0009,13,16,True,1,0,2,1.0,93.83999633789062,101.44999694824219
W_F_0009,13,16,True,2,2,4,1.8428903774345693e-16,103.94499969482422,114.54000091552734
W_F_0009,13,16,True,3,4,6,6.00792300230743e-23,91.98999786376953,103.98999786376953
W_F_0009,13,43,True,1,0,2,1.0,112.20999908447266,116.29000091552734
W_F_0009,13,43,True,2,2,4,6.40451374735144e-21,90.41500091552734,102.22000122070312
W_F_0009,13,43,True,3,4,6,6.1255571831875185e-22,100.37999725341797,102.30999755859375
W_F_0009,14,32,True,1,0,2,1.0,104.62999725341797,111.0199966430664
W_F_0009,14,32,True,2,2,4,1.2113208538029304e-15,89.20999908447266,101.63999938964844
W_F_0009,14,32,True,3,4,6,3.573817292923105e-18,99.99500274658203,113.80000305175781
W_F_0009,14,36,True,1,0,2,1.0,122.9000015258789,127.54000091552734
W_F_0009,14,36,True,2,2,4,2.6534126821652695e-20,92.55999755859375,96.91000366210938
W_F_0009,14,36,True,3,4,6,1.7807134707257574e-24,105.44999694824219,112.94999694824219
W_F_0009,15,8,True,1,0,2,1.0,94.02000427246094,102.51000213623047
W_F_0009,15,8,True,2,2,4,3.6380048279438526e-11,98.55000305175781,99.0199966430664
W_F_0009,15,8,True,3,4,6,2.267663950525841e-19,92.79000091552734,103.52999877929688
W_F_0009,15,21,True,1,0,2,1.0,72.32499694824219,76.54000091552734
W_F_0009,15,21,True,2,2,4,8.428893139011961e-09,99.5,111.87999725341797
W_F_0009,15,21,True,3,4,6,1.239553474403986e-17,94.69499969482422,98.97000122070312
W_F_0009,15,24,True,1,0,2,1.0,106.17500305175781,109.29000091552734
W_F_0009,15,24,True,2,2,4,1.0983851436172367e-16,100.49000549316406,102.43000030517578
W_F_0009,15,24,True,3,4,6,6.323907233236586e-23,105.47999572753906,112.80999755859375
W_F_0009,15,43,True,1,0,2,1.0,98.5,104.30000305175781
W_F_0009,15,43,True,2,2,4,5.366256281024752e-14,99.30999755859375,105.4000015258789
W_F_0009,15,43,True,3,4,6,5.03029068013847e-24,94.07499694824219,96.2300033569336
W_F_0009,16,39,True,1,0,2,1.0,96.9800033569336,98.05000305175781
W_F_0009,16,39,True,2,2,4,3.9516966901433775e-16,88.19000244140625,94.22000122070312
W_F_0009,16,39,True,3,4,6,1.2377383713063455e-18,117.72999572753906,118.12999725341797
W_F_0009,17,23,True,1,0,2,1.0,100.98500061035156,102.22000122070312
W_F_0009,17,23,True,2,2,4,3.109492360084019e-17,106.54499816894531,123.05999755859375
W_F_0009,17,23,True,3,4,6,1.7817337045344798e-23,92.35000610351562,95.87000274658203
W_F_0009,18,12,True,1,0,2,1.0,101.41999816894531,102.5199966430664
W_F_0009,18,12,True,2,2,4,1.256316090994026e-15,102.23999786376953,106.23999786376953
W_F_0009,18,12,True,3,4,6,1.0437194524751478e-20,116.16499328613281,120.87999725341797
W_F_0009,18,21,True,1,0,2,1.0,107.55999755859375,113.36000061035156
W_F_0009,18,21,True,2,2,4,3.80248468964404e-16,98.63499450683594,99.38999938964844
W_F_0009,18,21,True,3,4,6,2.3135091435068853e-20,104.85000610351562,110.6500015258789
W_F_0009,19,37,True,1,0,2,1.0,102.02000427246094,113.83000183105469
W_F_0009,19,37,True,2,2,4,6.516955622067402e-14,93.83499908447266,99.97000122070312
W_F_0009,19,37,True,3,4,6,2.421734821446295e-21,100.97999572753906,102.91999816894531
W_F_0009,20,2,True,1,0,2,1.0,102.02000427246094,103.80000305175781
W_F_0009,20,2,True,2,2,4,4.700692985291281e-16,92.88999938964844,96.2300033569336
W_F_0009,20,2,True,3,4,6,4.95605031770496e-22,87.52499389648438,100.73999786376953
W_F_0009,20,19,True,1,0,2,1.0,96.2449951171875,108.75
W_F_0009,20,19,True,2,2,4,3.742979640423624e-14,86.8800048828125,88.45999908447266
W_F_0009,20,19,True,3,4,6,2.847300036264064e-23,79.9000015258789,90.04000091552734
W_F_0009,20,26,True,1,0,2,1.0,107.49000549316406,122.30000305175781
W_F_0009,20,26,True,2,2,4,7.404257113851191e-17,105.13499450683594,115.88999938964844
W_F_0009,20,26,True,3,4,6,1.7085625326174703e-22,102.55500030517578,102.94000244140625
W_F_0009,20,44,True,1,0,2,1.0,104.19000244140625,105.06999969482422
W_F_0009,20,44,True,2,2,4,1.6333217737292058e-15,95.31999969482422,96.29000091552734
W_F_0009,20,44,True,3,4,6,4.8516356280608506e-21,96.47000122070312,103.4000015258789
W_F_0009,24,5,True,1,0,2,1.0,92.875,97.86000061035156
W_F_0009,24,5,True,2,2,4,1.4743926565752297e-12,96.50999450683594,100.30999755859375
W_F_0009,24,5,True,3,4,6,6.39697218661043e-20,97.2249984741211,109.25
W_F_0009,24,6,True,1,0,2,1.0,95.41500091552734,102.22000122070312
W_F_0009,24,6,True,2,2,4,4.829760202884614e-11,104.89500427246094,111.94000244140625
W_F_0009,24,6,True,3,4,6,6.421791870137054e-19,115.71499633789062,119.83999633789062
W_F_0009,24,24,True,1,0,2,1.0,109.27499389648438,112.19999694824219
W_F_0009,24,24,True,2,2,4,2.714558947087516e-17,94.81500244140625,104.29000091552734
W_F_0009,24,24,True,3,4,6,3.1943554409006347e-21,98.66500091552734,110.68000030517578
W_F_0009,24,33,True,1,0,2,1.0,99.02999877929688,103.4800033569336
W_F_0009,24,33,True,2,2,4,1.4136562990645546e-16,93.03500366210938,95.61000061035156
W_F_0009,24,33,True,3,4,6,6.944691767916977e-21,100.65499877929688,104.3499984741211
W_F_0009,25,7,True,1,0,2,1.0,94.46000671386719,103.4800033569336
W_F_0009,25,7,True,2,2,4,6.844997654726129e-17,82.89500427246094,86.87000274658203
W_F_0009,25,7,True,3,4,6,9.132143432832183e-21,90.55000305175781,92.76000213623047
W_F_0009,25,16,True,1,0,2,1.0,90.19000244140625,92.61000061035156
W_F_0009,25,16,True,2,2,4,3.0331496862767704e-12,93.85499572753906,94.11000061035156
W_F_0009,25,16,True,3,4,6,2.4791278273636207e-20,104.4000015258789,115.47000122070312
W_F_0009,26,7,True,1,0,2,1.0,91.86499786376953,101.58999633789062
W_F_0009,26,7,True,2,2,4,2.3333186511403925e-12,94.94999694824219,102.62999725341797
W_F_0009,26,7,True,3,4,6,5.5840580873290746e-18,111.88999938964844,112.87000274658203
W_F_0009,26,30,True,1,0,2,1.0,111.08999633789062,114.16999816894531
W_F_0009,26,30,True,2,2,4,2.687173809419968e-17,95.6500015258789,105.91000366210938
W_F_0009,26,30,True,3,4,6,8.224365923956458e-23,108.76499938964844,115.38999938964844
W_F_0009,27,16,True,1,0,2,1.0,88.44499969482422,93.75
W_F_0009,27,16,True,2,2,4,9.83558480022401e-15,101.84500122070312,103.69000244140625
W_F_0009,27,16,True,3,1998,2000,1.6310558758286748e-22,102.72000122070312,105.72000122070312
W_F_0009,28,22,True,1,0,2,1.0,99.31500244140625,111.3499984741211
W_F_0009,28,22,True,2,2,4,8.396690545691083e-16,98.375,103.83000183105469
W_F_0009,28,22,True,3,4,6,6.421022826427514e-22,98.06999969482422,98.62000274658203
W_F_0009,28,34,True,1,0,2,1.0,100.69999694824219,105.8499984741211
W_F_0009,28,34,True,2,2,4,5.04220824164639e-14,112.25,113.01000213623047
W_F_0009,28,34,True,3,4,6,9.492833433623947e-24,96.56999969482422,109.18000030517578
W_F_0009,29,18,True,1,0,2,1.0,107.24000549316406,110.16000366210938
W_F_0009,29,18,True,2,2,4,4.742698407936806e-15,101.68000030517578,101.76000213623047
W_F_0009,29,18,True,3,4,6,1.6853472454161693e-17,130.77999877929688,135.27000427246094
W_F_0009,29,20,True,1,0,2,1.0,87.91999816894531,92.30999755859375
W_F_0009,29,20,True,2,2,4,4.809760445825817e-13,100.35000610351562,108.19000244140625
W_F_0009,29,20,True,3,4,6,1.833059699813846e-17,108.19999694824219,116.87000274658203
W_F_0009,29,27,True,1,0,2,1.0,99.30000305175781,101.1500015258789
W_F_0009,29,27,True,2,2,4,2.9861333403820994e-14,100.08999633789062,102.95999908447266
W_F_0009,29,27,True,3,4,6,1.667311933130052e-20,93.55000305175781,95.63999938964844
W_F_0009,29,47,True,1,0,2,1.0,110.15499877929688,111.87000274658203
W_F_0009,29,47,True,2,2,4,5.937383322897425e-16,104.05000305175781,105.94999694824219
W_F_0009,29,47,True,3,4,6,4.346233101619691e-25,102.60000610351562,105.54000091552734
W_F_0009,29,49,True,1,0,2,1.0,109.33499908447266,112.38999938964844
W_F_0009,29,49,True,2,2,4,6.367322026800437e-19,92.44499969482422,99.08999633789062
W_F_0009,29,49,True,3,4,6,3.523797783234407e-25,89.36000061035156,100.2300033569336
W_F_0009,30,2,True,1,0,2,1.0,89.375,98.5
W_F_0009,30,2,True,2,2,4,1.083449261839349e-13,103.31999969482422,107.38999938964844
W_F_0009,30,2,True,3,4,6,1.4233665154066475e-20,96.18000030517578,96.76000213623047
W_F_0009,31,22,True,1,0,2,1.0,99.30000305175781,99.93000030517578
W_F_0009,31,22,True,2,2,4,1.713864374855087e-13,111.0,121.66999816894531
W_F_0009,31,22,True,3,4,6,1.6558520889132115e-20,100.67500305175781,103.8499984741211
W_F_0009,32,43,True,1,0,2,1.0,101.7249984741211,111.87999725341797
W_F_0009,32,43,True,2,2,4,4.0586552461623223e-16,102.16500091552734,108.16000366210938
W_F_0009,32,43,True,3,4,6,1.0817360870204424e-23,104.74000549316406,108.16000366210938
W_F_0009,33,6,True,1,0,2,1.0,93.97500610351562,103.6500015258789
W_F_0009,33,6,True,2,2,4,6.069435318917238e-13,108.19000244140625,111.55999755859375
W_F_0009,33,6,True,3,4,6,3.2429054983288562e-19,114.31999969482422,118.06999969482422
W_F_0009,33,14,True,1,0,2,1.0,96.53500366210938,99.27999877929688
W_F_0009,33,14,True,2,2,4,1.517303990783425e-11,103.99500274658203,105.12000274658203
W_F_0009,33,14,True,3,4,6,5.757653409138081e-23,87.90499877929688,89.55999755859375
W_F_0009,33,21,True,1,0,2,1.0,108.1500015258789,118.19000244140625
W_F_0009,33,21,True,2,2,4,9.122303305189949e-18,106.54499816894531,109.22000122070312
W_F_0009,33,21,True,3,1998,2000,4.8063704611531324e-23,105.75499725341797,114.7699966430664
W_F_0009,33,35,True,1,0,2,1.0,96.77999877929688,107.16000366210938
W_F_0009,33,35,True,2,2,4,2.202222135390137e-15,96.16999816894531,103.55999755859375
W_F_0009,33,35,True,3,4,6,2.2400620482400687e-22,99.4949951171875,105.20999908447266
W_F_0009,34,5,True,1,0,2,1.0,99.30500030517578,100.5
W_F_0009,34,5,True,2,2,4,1.986432445264105e-15,99.4000015258789,105.37000274658203
W_F_0009,34,5,True,3,1998,2000,4.281290253815116e-22,85.45500183105469,92.11000061035156
W_F_0009,34,11,True,1,0,2,1.0,116.04499816894531,121.25
W_F_0009,34,11,True,2,2,4,4.984138730630091e-18,106.23500061035156,108.9800033569336
W_F_0009,34,11,True,3,1624,1626,1.6260461969006984e-25,98.95500183105469,103.62999725341797
W_F_0009,34,42,True,1,0,2,1.0,94.7249984741211,98.37999725341797
W_F_0009,34,42,True,2,2,4,7.643123194891674e-14,106.2550048828125,108.19000244140625
W_F_0009,34,42,True,3,1998,2000,2.4475241359420356e-22,97.48500061035156,101.80999755859375
W_F_0009,35,7,True,1,0,2,1.0,103.375,106.80999755859375
W_F_0009,35,7,True,2,2,4,1.2828582819865458e-18,82.5999984741211,84.37999725341797
W_F_0009,35,7,True,3,4,6,8.373606694217552e-21,98.77999877929688,100.3499984741211
W_F_0009,35,8,True,1,0,2,1.0,92.2550048828125,95.56999969482422
W_F_0009,35,8,True,2,2,4,9.215091190117874e-11,100.02000427246094,103.3499984741211
W_F_0009,35,8,True,3,4,6,1.1296889636167661e-19,100.95500183105469,107.3499984741211
W_F_0009,37,31,True,1,0,2,1.0,102.38999938964844,104.5199966430664
W_F_0009,37,31,True,2,2,4,3.47475975435703e-15,104.51499938964844,109.30999755859375
W_F_0009,37,31,True,3,4,6,7.686800762170306e-23,104.22999572753906,105.13999938964844
W_F_0009,37,42,True,1,0,2,1.0,100.25999450683594,103.45999908447266
W_F_0009,37,42,True,2,2,4,5.2050242371412536e-14,103.18000030517578,109.7300033569336
W_F_0009,37,42,True,3,1998,2000,5.511218942145555e-25,104.25499725341797,116.87999725341797
W_F_0009,39,8,True,1,0,2,1.0,84.22000122070312,86.31999969482422
W_F_0009,39,8,True,2,2,4,2.4524900339717437e-12,92.69500732421875,104.91000366210938
W_F_0009,39,8,True,3,4,6,1.9411977347361817e-19,103.16999816894531,111.27999877929688
W_F_0009,40,46,True,1,0,2,1.0,90.32499694824219,95.4000015258789
W_F_0009,40,46,True,2,2,4,2.6285843750222654e-16,86.65499877929688,93.79000091552734
W_F_0009,40,46,True,3,4,6,2.493650469357152e-19,95.6199951171875,95.83999633789062
W_F_0009,41,25,True,1,0,2,1.0,97.7449951171875,103.38999938964844
W_F_0009,41,25,True,2,2,4,1.6914242359153397e-13,92.30999755859375,98.68000030517578
W_F_0009,41,25,True,3,4,6,2.274456137330667e-19,97.8499984741211,99.66999816894531
W_F_0009,41,30,True,1,0,2,1.0,103.63999938964844,108.38999938964844
W_F_0009,41,30,True,2,2,4,5.271740893110857e-16,98.80999755859375,104.47000122070312
W_F_0009,41,30,True,3,4,6,3.484492271927877e-21,107.44999694824219,108.33999633789062
W_F_0009,43,27,True,1,0,2,1.0,113.85000610351562,126.26000213623047
W_F_0009,43,27,True,2,2,4,1.1452823112350751e-14,102.97000122070312,118.62999725341797
W_F_0009,43,27,True,3,4,6,5.922610298648765e-24,96.94999694824219,107.4000015258789
W_F_0009,44,32,True,1,0,2,1.0,93.70500183105469,98.94000244140625
W_F_0009,44,32,True,2,2,4,2.3440076268865795e-11,102.72000122070312,103.88999938964844
W_F_0009,44,32,True,3,4,6,2.3756383238865737e-20,104.73500061035156,110.23999786376953
W_F_0009,45,24,True,1,0,2,1.0,101.5050048828125,108.2300033569336
W_F_0009,45,24,True,2,2,4,5.923041466913634e-16,106.65499877929688,106.7300033569336
W_F_0009,45,24,True,3,4,6,7.996410299253583e-19,118.54499816894531,118.58000183105469
W_F_0009,45,31,True,1,0,2,1.0,96.23500061035156,107.45999908447266
W_F_0009,45,31,True,2,2,4,8.536479357591775e-14,104.79000091552734,110.52999877929688
W_F_0009,45,31,True,3,4,6,1.2183566668306986e-21,99.60499572753906,101.77999877929688
W_F_0009,48,18,True,1,0,2,1.0,100.30000305175781,102.04000091552734
W_F_0009,48,18,True,2,2,4,4.851248526158147e-13,113.0999984741211,117.56999969482422
W_F_0009,48,18,True,3,4,6,5.225491944552694e-23,106.91499328613281,108.62999725341797
W_F_0009,49,23,True,1,0,2,1.0,107.75,114.05000305175781
W_F_0009,49,23,True,2,2,4,2.112724210666774e-15,87.01499938964844,90.47000122070312
W_F_0009,49,23,True,3,4,6,2.2774352283067766e-18,106.69999694824219,113.2699966430664
W_N_0024,0,18,True,1,0,2,1.0,91.83499908447266,98.81999969482422
W_N_0024,0,18,True,2,2,4,1.9151923970339713e-12,115.20500183105469,117.70999908447266
W_N_0024,0,18,True,3,4,6,1.1939537078493906e-20,107.54000091552734,110.91999816894531
W_N_0024,1,15,True,1,0,2,1.0,117.58000183105469,119.61000061035156
W_N_0024,1,15,True,2,2,4,4.8354761765808356e-18,96.86000061035156,97.86000061035156
W_N_0024,1,15,True,3,4,6,1.339627318990152e-25,88.04499816894531,88.8499984741211
W_N_0024,1,24,True,1,0,2,1.0,99.85000610351562,107.72000122070312
W_N_0024,1,24,True,2,2,4,2.9914937714481393e-13,98.43000030517578,107.33000183105469
W_N_0024,1,24,True,3,4,6,3.5676332906636586e-18,103.31500244140625,103.87999725341797
W_N_0024,2,19,True,1,0,2,1.0,110.19999694824219,117.5199966430664
W_N_0024,2,19,True,2,2,4,2.5338016198350807e-17,105.05999755859375,106.69000244140625
W_N_0024,2,19,True,3,4,6,1.498980870326483e-22,110.88999938964844,112.73999786376953
W_N_0024,2,21,True,1,0,2,1.0,114.27000427246094,123.25
W_N_0024,2,21,True,2,2,4,8.184884435799556e-19,104.41999816894531,108.8499984741211
W_N_0024,2,21,True,3,1998,2000,1.4573844320094054e-24,117.33999633789062,122.30000305175781
W_N_0024,2,24,True,1,0,2,1.0,90.29000091552734,91.01000213623047
W_N_0024,2,24,True,2,2,4,1.6352972927902192e-16,85.33000183105469,85.33000183105469
W_N_0024,2,24,True,3,4,6,6.6751399209691825e-18,110.3800048828125,112.43000030517578
W_N_0024,3,15,True,1,0,2,1.0,100.9949951171875,104.58999633789062
W_N_0024,3,15,True,2,2,4,3.371876379726444e-15,108.125,110.04000091552734
W_N_0024,3,15,True,3,4,6,2.393117724595263e-22,111.1500015258789,117.86000061035156
W_N_0024,3,23,True,1,0,2,1.0,93.21000671386719,100.87000274658203
W_N_0024,3,23,True,2,2,4,3.1857874763794106e-14,102.44000244140625,105.70999908447266
W_N_0024,3,23,True,3,4,6,4.624684603710605e-19,113.10499572753906,118.30999755859375
W_N_0024,4,9,True,1,0,2,1.0,86.70999908447266,92.31999969482422
W_N_0024,4,9,True,2,2,4,1.350827544439881e-13,88.8499984741211,97.62999725341797
W_N_0024,4,9,True,3,4,6,1.5788809942105916e-19,99.13999938964844,102.13999938964844
W_N_0024,4,10,True,1,0,2,1.0,121.73500061035156,122.4000015258789
W_N_0024,4,10,True,2,2,4,7.737186060747454e-18,111.35499572753906,114.83000183105469
W_N_0024,4,10,True,3,4,6,2.833605537167172e-22,113.33999633789062,120.87000274658203
W_N_0024,4,13,True,1,0,2,1.0,88.86000061035156,92.6500015258789
W_N_0024,4,13,True,2,2,4,6.0223440817575025e-12,95.49000549316406,97.93000030517578
W_N_0024,4,13,True,3,4,6,6.028824469001194e-20,102.20500183105469,105.5999984741211
W_N_0024,4,16,True,1,0,2,1.0,105.42500305175781,115.94999694824219
W_N_0024,4,16,True,2,2,4,1.2865075216077215e-13,103.7249984741211,107.30999755859375
W_N_0024,4,16,True,3,4,6,2.8231506689269693e-22,95.54000091552734,97.77999877929688
W_N_0024,4,21,True,1,0,2,1.0,99.27999877929688,102.20999908447266
W_N_0024,4,21,True,2,2,4,9.776556768195752e-15,91.26000213623047,95.33000183105469
W_N_0024,4,21,True,3,4,6,1.91315191757363e-19,98.8699951171875,101.94999694824219
W_N_0024,4,28,True,1,0,2,1.0,96.89500427246094,105.47000122070312
W_N_0024,4,28,True,2,2,4,3.108076946853333e-12,105.95500183105469,118.0999984741211
W_N_0024,4,28,True,3,4,6,3.425063749006469e-17,116.42500305175781,123.19999694824219
W_N_0024,5,8,True,1,0,2,1.0,117.375,122.3499984741211
W_N_0024,5,8,True,2,2,4,2.3228929905684165e-19,102.5,106.83000183105469
W_N_0024,5,8,True,3,4,6,2.997345110270068e-26,95.25,108.31999969482422
W_N_0024,5,16,True,1,0,2,1.0,103.34500122070312,115.3499984741211
W_N_0024,5,16,True,2,2,4,1.3614883604063299e-15,103.5999984741211,107.45999908447266
W_N_0024,5,16,True,3,4,6,4.2576211449971196e-24,97.56999969482422,101.48999786376953
W_N_0024,5,26,True,1,0,2,1.0,114.6199951171875,115.04000091552734
W_N_0024,5,26,True,2,2,4,1.1057832112694364e-18,85.34500122070312,90.4000015258789
W_N_0024,5,26,True,3,4,6,3.667732126813308e-27,86.36500549316406,92.97000122070312
W_N_0024,5,27,True,1,0,2,1.0,99.34500122070312,113.2300033569336
W_N_0024,5,27,True,2,2,4,1.6708052051066951e-15,97.4749984741211,99.87999725341797
W_N_0024,5,27,True,3,4,6,2.4139410271640054e-21,95.44000244140625,96.08999633789062
W_N_0024,5,29,True,1,0,2,1.0,108.7750015258789,110.58000183105469
W_N_0024,5,29,True,2,2,4,4.969070610068478e-16,98.82499694824219,106.2699966430664
W_N_0024,5,29,True,3,4,6,4.129669483892082e-23,99.3949966430664,101.0199966430664
W_N_0024,6,10,True,1,0,2,1.0,105.23500061035156,105.5
W_N_0024,6,10,True,2,2,4,7.798383000046495e-16,97.66999816894531,102.0199966430664
W_N_0024,6,10,True,3,4,6,2.260671986022054e-23,90.01499938964844,99.05999755859375
W_N_0024,6,11,True,1,0,2,1.0,89.11000061035156,89.48999786376953
W_N_0024,6,11,True,2,2,4,2.3454528656719972e-14,93.63999938964844,95.41999816894531
W_N_0024,6,11,True,3,4,6,2.315098235011782e-20,105.11000061035156,115.43000030517578
W_N_0024,6,16,True,1,0,2,1.0,103.03500366210938,104.05000305175781
W_N_0024,6,16,True,2,2,4,8.688312078029917e-17,92.25999450683594,104.18000030517578
W_N_0024,6,16,True,3,4,6,6.373936949617884e-25,82.54000091552734,87.91000366210938
W_N_0024,6,27,True,1,0,2,1.0,97.08000183105469,101.6500015258789
W_N_0024,6,27,True,2,2,4,7.185060313104168e-15,99.33499908447266,109.37999725341797
W_N_0024,6,27,True,3,4,6,1.623176309217653e-18,107.57499694824219,115.30000305175781
W_N_0024,7,4,True,1,0,2,1.0,90.30999755859375,98.08999633789062
W_N_0024,7,4,True,2,2,4,4.796781027938124e-12,99.82499694824219,101.22000122070312
W_N_0024,7,4,True,3,4,6,1.1782924980906434e-15,108.82499694824219,118.87999725341797
W_N_0024,7,16,True,1,0,2,1.0,112.67500305175781,117.01000213623047
W_N_0024,7,16,True,2,2,4,2.551192827516212e-16,109.19499969482422,117.9000015258789
W_N_0024,7,16,True,3,4,6,5.875959825727163e-24,105.43499755859375,109.69999694824219
W_N_0024,7,20,True,1,0,2,1.0,97.26000213623047,106.22000122070312
W_N_0024,7,20,True,2,2,4,6.729981849584732e-11,104.92500305175781,108.55999755859375
W_N_0024,7,20,True,3,4,6,4.6752938917308606e-18,109.61000061035156,115.33999633789062
W_N_0024,7,25,True,1,0,2,1.0,118.66499328613281,125.73999786376953
W_N_0024,7,25,True,2,2,4,5.761999195468012e-17,106.55000305175781,111.73999786376953
W_N_0024,7,25,True,3,4,6,1.2059124964913639e-23,99.27499389648438,104.30999755859375
W_N_0024,7,28,True,1,0,2,1.0,85.63999938964844,89.97000122070312
W_N_0024,7,28,True,2,2,4,6.3563026370117015e-12,85.13500213623047,87.05000305175781
W_N_0024,7,28,True,3,4,6,1.4403234108731821e-16,92.91000366210938,99.55000305175781
W_N_0024,7,31,True,1,0,2,1.0,99.30999755859375,102.01000213623047
W_N_0024,7,31,True,2,2,4,5.097689916131083e-16,92.09500122070312,95.16999816894531
W_N_0024,7,31,True,3,4,6,1.6722738858943765e-20,102.81999969482422,108.58000183105469
W_N_0024,8,17,True,1,0,2,1.0,118.48500061035156,121.54000091552734
W_N_0024,8,17,True,2,2,4,3.1212473245073363e-16,110.33999633789062,116.44999694824219
W_N_0024,8,17,True,3,4,6,9.197129617499447e-22,110.14999389648438,117.87999725341797
W_N_0024,9,5,True,1,0,2,1.0,91.8699951171875,96.18000030517578
W_N_0024,9,5,True,2,2,4,8.376995386423502e-13,97.94999694824219,103.19000244140625
W_N_0024,9,5,True,3,4,6,6.797258738684513e-22,92.41499328613281,94.19999694824219
W_N_0024,9,6,True,1,0,2,1.0,97.4949951171875,105.72000122070312
W_N_0024,9,6,True,2,2,4,1.058715586377333e-15,86.60499572753906,86.63999938964844
W_N_0024,9,6,True,3,4,6,2.0370145628827797e-18,95.25,95.87000274658203
W_N_0024,9,12,True,1,0,2,1.0,108.59500122070312,114.94999694824219
W_N_0024,9,12,True,2,2,4,2.3257083159132627e-15,92.71499633789062,100.37999725341797
W_N_0024,9,12,True,3,4,6,5.890219856051564e-21,102.7550048828125,103.69000244140625
W_N_0024,10,5,True,1,0,2,1.0,84.75999450683594,100.44999694824219
W_N_0024,10,5,True,2,2,4,5.707585445935415e-12,95.43499755859375,105.19999694824219
W_N_0024,10,5,True,3,4,6,3.2640398337326154e-20,86.21499633789062,88.36000061035156
W_N_0024,10,11,True,1,0,2,1.0,99.39500427246094,109.61000061035156
W_N_0024,10,11,True,2,2,4,1.2561944251336287e-18,80.2550048828125,86.38999938964844
W_N_0024,10,11,True,3,4,6,1.1549648142290968e-22,80.20500183105469,88.3499984741211
W_N_0024,10,13,True,1,0,2,1.0,114.56500244140625,127.18000030517578
W_N_0024,10,13,True,2,2,4,7.303075057834725e-17,87.875,88.22000122070312
W_N_0024,10,13,True,3,4,6,4.807446334343864e-18,97.61499786376953,100.95999908447266
W_N_0024,10,33,True,1,0,2,1.0,110.0999984741211,112.48999786376953
W_N_0024,10,33,True,2,2,4,1.861999070147712e-15,99.625,114.75
W_N_0024,10,33,True,3,4,6,2.1989750420960864e-21,98.68499755859375,106.47000122070312
W_N_0024,11,17,True,1,0,2,1.0,99.39500427246094,104.38999938964844
W_N_0024,11,17,True,2,2,4,1.1249040707175112e-13,107.70999908447266,110.47000122070312
W_N_0024,11,17,True,3,4,6,1.5797031134915767e-23,93.57499694824219,103.70999908447266
W_N_0024,11,19,True,1,0,2,1.0,98.3800048828125,101.56999969482422
W_N_0024,11,19,True,2,2,4,1.2740538333534668e-13,95.375,106.16999816894531
W_N_0024,11,19,True,3,4,6,5.402713712096174e-22,89.80500030517578,93.9800033569336
W_N_0024,11,25,True,1,0,2,1.0,94.10499572753906,96.98999786376953
W_N_0024,11,25,True,2,2,4,5.918913769482545e-14,87.45999908447266,90.58000183105469
W_N_0024,11,25,True,3,4,6,4.675385295188548e-17,111.02000427246094,116.72000122070312
W_N_0024,11,30,True,1,0,2,1.0,101.47000122070312,112.79000091552734
W_N_0024,11,30,True,2,2,4,1.9197343975495615e-16,88.04499816894531,93.0999984741211
W_N_0024,11,30,True,3,4,6,5.216219037335292e-20,110.80000305175781,110.81999969482422
W_N_0024,12,4,True,1,0,2,1.0,99.55000305175781,116.55999755859375
W_N_0024,12,4,True,2,2,4,1.675072835027648e-17,116.56500244140625,118.58999633789062
W_N_0024,12,4,True,3,1998,2000,1.0839140688708852e-21,87.8499984741211,97.38999938964844
W_N_0024,12,19,True,1,0,2,1.0,105.41000366210938,107.19000244140625
W_N_0024,12,19,True,2,2,4,1.012049656107117e-16,97.68499755859375,102.52999877929688
W_N_0024,12,19,True,3,4,6,7.739325266941583e-22,102.05500030517578,103.98999786376953
W_N_0024,13,7,True,1,0,2,1.0,90.44499969482422,99.66999816894531
W_N_0024,13,7,True,2,2,4,1.2558563564080139e-11,94.59500122070312,102.23999786376953
W_N_0024,13,7,True,3,4,6,4.339267516624574e-21,91.6199951171875,95.94999694824219
W_N_0024,13,16,True,1,0,2,1.0,95.72500610351562,98.6500015258789
W_N_0024,13,16,True,2,2,4,1.169422326715349e-14,95.8499984741211,102.0
W_N_0024,13,16,True,3,4,6,6.429377936264635e-23,95.61500549316406,106.75
W_N_0024,13,18,True,1,0,2,1.0,100.4000015258789,103.38999938964844
W_N_0024,13,18,True,2,2,4,7.817505298226353e-16,94.8800048828125,96.2300033569336
W_N_0024,13,18,True,3,4,6,5.233027143919365e-25,87.42500305175781,95.2300033569336
W_N_0024,13,29,True,1,0,2,1.0,89.63999938964844,95.30000305175781
W_N_0024,13,29,True,2,2,4,5.447564057833865e-13,88.28500366210938,90.48999786376953
W_N_0024,13,29,True,3,4,6,1.3822100354616162e-17,91.43499755859375,96.22000122070312
W_N_0024,14,4,True,1,0,2,1.0,97.3499984741211,108.33999633789062
W_N_0024,14,4,True,2,2,4,3.3872692977186597e-15,105.51000213623047,115.33000183105469
W_N_0024,14,4,True,3,4,6,4.7409501379307325e-20,124.33000183105469,132.83999633789062
W_N_0024,14,28,True,1,0,2,1.0,98.89500427246094,108.04000091552734
W_N_0024,14,28,True,2,2,4,3.027935974869722e-12,107.40499877929688,112.75
W_N_0024,14,28,True,3,4,6,2.7106171837739496e-24,91.19999694824219,95.4800033569336
W_N_0024,14,31,True,1,0,2,1.0,99.375,112.9800033569336
W_N_0024,14,31,True,2,2,4,1.6487238007137361e-12,94.19499969482422,99.06999969482422
W_N_0024,14,31,True,3,4,6,5.194996167756596e-18,93.56999969482422,103.38999938964844
W_N_0024,15,18,True,1,0,2,1.0,111.50499725341797,111.94999694824219
W_N_0024,15,18,True,2,2,4,1.9919698635997758e-17,100.6199951171875,106.91999816894531
W_N_0024,15,18,True,3,4,6,1.2857699903321542e-23,96.56999969482422,109.37999725341797
W_N_0024,15,26,True,1,0,2,1.0,95.82499694824219,104.58000183105469
W_N_0024,15,26,True,2,2,4,4.050150717734534e-15,98.95999908447266,102.63999938964844
W_N_0024,15,26,True,3,4,6,3.5668813188633625e-20,99.9949951171875,105.97000122070312
W_N_0024,15,28,True,1,0,2,1.0,97.5050048828125,105.5999984741211
W_N_0024,15,28,True,2,2,4,4.3667397849793746e-14,94.81500244140625,100.55999755859375
W_N_0024,15,28,True,3,4,6,4.112432329871829e-19,105.30500030517578,106.12000274658203
W_N_0024,15,31,True,1,0,2,1.0,95.96499633789062,97.83000183105469
W_N_0024,15,31,True,2,2,4,6.633776373273642e-14,100.66999816894531,104.86000061035156
W_N_0024,15,31,True,3,4,6,4.451063012050905e-19,113.44499969482422,116.25
W_N_0024,15,32,True,1,0,2,1.0,79.625,85.66999816894531
W_N_0024,15,32,True,2,2,4,1.8437654736302989e-09,94.5050048828125,100.88999938964844
W_N_0024,15,32,True,3,4,6,1.3353164220734337e-17,96.7449951171875,100.70999908447266
W_N_0024,16,1,True,1,0,2,1.0,120.77000427246094,123.18000030517578
W_N_0024,16,1,True,2,2,4,7.545131059329739e-19,105.29000091552734,114.56999969482422
W_N_0024,16,1,True,3,1998,2000,1.267243323760331e-21,105.61000061035156,111.54000091552734
W_N_0024,16,3,True,1,0,2,1.0,95.51499938964844,107.7699966430664
W_N_0024,16,3,True,2,2,4,2.5915081017946094e-15,104.05000305175781,105.9800033569336
W_N_0024,16,3,True,3,1998,2000,3.144005587093514e-20,104.83999633789062,106.79000091552734
W_N_0024,16,5,True,1,0,2,1.0,98.7750015258789,108.91000366210938
W_N_0024,16,5,True,2,2,4,1.8658100831356458e-15,89.375,92.26000213623047
W_N_0024,16,5,True,3,4,6,4.901696210991648e-21,101.02999877929688,101.37999725341797
W_N_0024,16,14,True,1,0,2,1.0,94.05000305175781,94.18000030517578
W_N_0024,16,14,True,2,2,4,1.225150784249225e-15,92.83500671386719,95.7300033569336
W_N_0024,16,14,True,3,4,6,6.916245317456963e-21,106.95999908447266,112.91999816894531
W_N_0024,16,23,True,1,0,2,1.0,94.69000244140625,100.08999633789062
W_N_0024,16,23,True,2,2,4,3.03534888196344e-12,89.33000183105469,100.87000274658203
W_N_0024,16,23,True,3,4,6,1.6814382214518152e-15,98.47999572753906,111.23999786376953
W_N_0024,17,22,True,1,0,2,1.0,85.08999633789062,91.20999908447266
W_N_0024,17,22,True,2,2,4,2.0895180030677807e-10,92.72999572753906,96.9000015258789
W_N_0024,17,22,True,3,4,6,1.5189825961243607e-16,95.1449966430664,97.69999694824219
W_N_0024,17,26,True,1,0,2,1.0,95.49000549316406,98.29000091552734
W_N_0024,17,26,True,2,2,4,2.9216006000483137e-16,74.93499755859375,81.79000091552734
W_N_0024,17,26,True,3,4,6,1.2952201860484211e-18,94.31500244140625,95.47000122070312
W_N_0024,18,24,True,1,0,2,1.0,106.41000366210938,108.51000213623047
W_N_0024,18,24,True,2,2,4,3.522780593235718e-15,98.63999938964844,99.18000030517578
W_N_0024,18,24,True,3,4,6,4.035654871365142e-22,107.51000213623047,113.54000091552734
W_N_0024,18,35,True,1,0,2,1.0,101.92999267578125,103.2699966430664
W_N_0024,18,35,True,2,2,4,4.136980465512989e-18,97.15499877929688,98.0
W_N_0024,18,35,True,3,4,6,1.6143849098730754e-23,93.68499755859375,94.1500015258789
W_N_0024,19,2,True,1,0,2,1.0,99.16999816894531,103.48999786376953
W_N_0024,19,2,True,2,2,4,7.992222064278492e-14,110.64500427246094,117.97000122070312
W_N_0024,19,2,True,3,4,6,2.5729898754536684e-22,97.75,99.26000213623047
W_N_0024,19,8,True,1,0,2,1.0,80.95500183105469,81.80999755859375
W_N_0024,19,8,True,2,2,4,7.19883679577149e-14,79.5,81.08999633789062
W_N_0024,19,8,True,3,4,6,2.2736506702091933e-18,88.5,88.5999984741211
W_N_0024,19,21,True,1,0,2,1.0,98.96499633789062,100.12000274658203
W_N_0024,19,21,True,2,2,4,4.437473825891214e-12,116.78500366210938,120.04000091552734
W_N_0024,19,21,True,3,4,6,1.5010938664466425e-20,112.29499816894531,118.23999786376953
W_N_0024,19,25,True,1,0,2,1.0,101.02999877929688,102.11000061035156
W_N_0024,19,25,True,2,2,4,8.153496866385168e-13,112.66000366210938,115.68000030517578
W_N_0024,19,25,True,3,4,6,5.153361469496288e-21,98.48500061035156,109.76000213623047
W_N_0024,19,26,True,1,0,2,1.0,100.13999938964844,108.26000213623047
W_N_0024,19,26,True,2,2,4,1.118273008915427e-12,101.88500213623047,113.76000213623047
W_N_0024,19,26,True,3,4,6,2.401597739512674e-20,107.94999694824219,110.91999816894531
W_N_0024,19,32,True,1,0,2,1.0,87.10000610351562,87.51000213623047
W_N_0024,19,32,True,2,2,4,3.6100445549580584e-11,99.33500671386719,104.66000366210938
W_N_0024,19,32,True,3,4,6,1.5952940670212336e-19,93.8499984741211,102.77999877929688
W_N_0024,19,33,True,1,0,2,1.0,93.66000366210938,98.44000244140625
W_N_0024,19,33,True,2,2,4,5.6162204471440005e-14,92.52999877929688,93.80000305175781
W_N_0024,19,33,True,3,4,6,4.0573022930088183e-19,112.78500366210938,113.94000244140625
W_N_0024,20,5,True,1,0,2,1.0,101.04499816894531,103.62999725341797
W_N_0024,20,5,True,2,2,4,1.4237276531563062e-16,90.68499755859375,99.13999938964844
W_N_0024,20,5,True,3,4,6,2.246177889623021e-24,87.94999694824219,89.47000122070312
W_N_0024,20,9,True,1,0,2,1.0,100.14500427246094,104.61000061035156
W_N_0024,20,9,True,2,2,4,5.674161217093251e-17,93.29499816894531,101.36000061035156
W_N_0024,20,9,True,3,4,6,1.8201463144375817e-19,103.91000366210938,114.05999755859375
W_N_0024,20,23,True,1,0,2,1.0,108.11500549316406,115.47000122070312
W_N_0024,20,23,True,2,2,4,2.7257698119562308e-14,112.4749984741211,117.94999694824219
W_N_0024,20,23,True,3,4,6,9.764962046932608e-23,114.22999572753906,122.5999984741211
W_N_0024,20,26,True,1,0,2,1.0,127.96000671386719,135.19000244140625
W_N_0024,20,26,True,2,2,4,1.3086750852126934e-17,111.98500061035156,115.87000274658203
W_N_0024,20,26,True,3,1998,2000,1.6263438686329029e-25,103.22000122070312,107.05999755859375
W_N_0024,20,27,True,1,0,2,1.0,109.625,113.36000061035156
W_N_0024,20,27,True,2,2,4,3.5158264527387602e-15,105.58500671386719,107.44000244140625
W_N_0024,20,27,True,3,4,6,2.4237524823554128e-26,92.79499816894531,100.4000015258789
W_N_0024,20,34,True,1,0,2,1.0,103.45500183105469,111.4800033569336
W_N_0024,20,34,True,2,2,4,1.390753814602087e-14,100.27999877929688,106.43000030517578
W_N_0024,20,34,True,3,4,6,2.140075506225116e-23,90.75,99.95999908447266
W_N_0024,21,27,True,1,0,2,1.0,97.68499755859375,109.27999877929688
W_N_0024,21,27,True,2,2,4,1.3182678689979688e-13,109.86000061035156,110.69000244140625
W_N_0024,21,27,True,3,4,6,1.5348727793365908e-23,94.79000091552734,96.69000244140625
W_N_0024,21,28,True,1,0,2,1.0,80.61000061035156,92.83000183105469
W_N_0024,21,28,True,2,2,4,3.976705631458799e-10,103.39500427246094,108.38999938964844
W_N_0024,21,28,True,3,4,6,1.1962675430830046e-16,103.56999969482422,106.12999725341797
W_N_0024,22,5,True,1,0,2,1.0,105.61000061035156,113.81999969482422
W_N_0024,22,5,True,2,2,4,1.4873322571381381e-15,97.68499755859375,108.6500015258789
W_N_0024,22,5,True,3,4,6,5.984936983924483e-22,103.5050048828125,115.70999908447266
W_N_0024,22,22,True,1,0,2,1.0,113.41000366210938,120.4000015258789
W_N_0024,22,22,True,2,2,4,3.4327022656550286e-17,93.69999694824219,103.27999877929688
W_N_0024,22,22,True,3,4,6,1.1437021019348498e-21,93.91500091552734,97.72000122070312
W_N_0024,23,3,True,1,0,2,1.0,107.19999694824219,118.06999969482422
W_N_0024,23,3,True,2,2,4,8.851772760888848e-16,94.59500122070312,105.12000274658203
W_N_0024,23,3,True,3,4,6,2.719486924377532e-21,102.47999572753906,111.56999969482422
W_N_0024,23,22,True,1,0,2,1.0,97.20500183105469,110.55000305175781
W_N_0024,23,22,True,2,2,4,5.076686293570276e-11,120.71500396728516,128.3800048828125
W_N_0024,23,22,True,3,4,6,7.130503624873139e-23,107.95500183105469,112.97000122070312
W_N_0024,23,25,True,1,0,2,1.0,112.93000030517578,118.16999816894531
W_N_0024,23,25,True,2,2,4,6.756511299100024e-16,108.55500030517578,111.0
W_N_0024,23,25,True,3,1998,2000,5.623260609995062e-26,109.69999694824219,110.19999694824219
W_N_0024,23,35,True,1,0,2,1.0,110.55000305175781,121.0
W_N_0024,23,35,True,2,2,4,7.53591321831816e-15,111.37000274658203,115.16000366210938
W_N_0024,23,35,True,3,514,516,6.700880968084314e-26,95.88500213623047,98.05000305175781
W_N_0024,24,4,True,1,0,2,1.0,102.70999908447266,112.05999755859375
W_N_0024,24,4,True,2,2,4,3.4801737771976426e-14,103.4000015258789,104.58000183105469
W_N_0024,24,4,True,3,4,6,2.199101986855132e-20,111.99500274658203,112.62000274658203
W_N_0024,24,6,True,1,0,2,1.0,111.36000061035156,128.00999450683594
W_N_0024,24,6,True,2,2,4,2.872793511108143e-18,101.39500427246094,107.58000183105469
W_N_0024,24,6,True,3,4,6,4.831023058638886e-22,94.875,105.2699966430664
W_N_0024,24,20,True,1,0,2,1.0,92.07499694824219,92.98999786376953
W_N_0024,24,20,True,2,2,4,9.642955955491226e-15,100.86499786376953,112.33999633789062
W_N_0024,24,20,True,3,4,6,3.440219933801034e-21,106.00999450683594,110.66999816894531
W_N_0024,24,21,True,1,0,2,1.0,114.11499786376953,124.37999725341797
W_N_0024,24,21,True,2,2,4,2.5836581114593668e-17,111.62000274658203,118.7300033569336
W_N_0024,24,21,True,3,4,6,4.024261258647726e-23,103.52999877929688,114.81999969482422
W_N_0024,24,25,True,1,0,2,1.0,115.25,118.94999694824219
W_N_0024,24,25,True,2,2,4,7.320232371925851e-16,119.97000122070312,129.5
W_N_0024,24,25,True,3,1998,2000,2.8321329231837416e-24,109.13999938964844,114.16000366210938
W_N_0024,24,34,True,1,0,2,1.0,110.86000061035156,123.37000274658203
W_N_0024,24,34,True,2,2,4,2.0383623411943715e-15,96.08499908447266,104.04000091552734
W_N_0024,24,34,True,3,4,6,6.269600912561468e-22,99.41000366210938,104.44999694824219
W_N_0024,25,5,True,1,0,2,1.0,98.13500213623047,109.79000091552734
W_N_0024,25,5,True,2,2,4,8.291181157165772e-15,108.10000610351562,116.33000183105469
W_N_0024,25,5,True,3,4,6,2.15436051504122e-23,94.89999389648438,106.55999755859375
W_N_0024,25,8,True,1,0,2,1.0,107.3699951171875,116.63999938964844
W_N_0024,25,8,True,2,2,4,1.2457122972855863e-15,103.99000549316406,110.66000366210938
W_N_0024,25,8,True,3,4,6,2.1810852292439354e-24,96.83500671386719,106.4800033569336
W_N_0024,25,15,True,1,0,2,1.0,109.7249984741211,111.5
W_N_0024,25,15,True,2,2,4,1.8984692383620483e-16,99.1199951171875,111.27999877929688
W_N_0024,25,15,True,3,4,6,2.173744720748673e-22,106.81500244140625,110.23999786376953
W_N_0024,25,26,True,1,0,2,1.0,93.67500305175781,97.80999755859375
W_N_0024,25,26,True,2,2,4,1.7046494653054248e-15,92.27999877929688,100.51000213623047
W_N_0024,25,26,True,3,4,6,2.536939916583478e-21,88.45500183105469,89.94000244140625
W_N_0024,26,20,True,1,0,2,1.0,104.74000549316406,106.37000274658203
W_N_0024,26,20,True,2,2,4,1.2415334602403072e-14,108.4749984741211,113.2699966430664
W_N_0024,26,20,True,3,4,6,6.083341891378904e-21,108.40499877929688,119.11000061035156
W_N_0024,26,21,True,1,0,2,1.0,107.6199951171875,109.62999725341797
W_N_0024,26,21,True,2,2,4,6.262066933447759e-16,106.36500549316406,111.06999969482422
W_N_0024,26,21,True,3,4,6,1.5733336730491186e-24,88.6300048828125,95.77999877929688
W_N_0024,26,25,True,1,0,2,1.0,107.7750015258789,116.16000366210938
W_N_0024,26,25,True,2,2,4,5.380951286220077e-15,107.64500427246094,114.5
W_N_0024,26,25,True,3,4,6,9.091257794478311e-23,103.05999755859375,107.98999786376953
W_N_0024,26,33,True,1,0,2,1.0,113.25,113.55999755859375
W_N_0024,26,33,True,2,2,4,1.8034923604287096e-16,98.81999969482422,100.3499984741211
W_N_0024,26,33,True,3,4,6,2.0721454946079586e-22,99.875,108.97000122070312
W_N_0024,27,3,True,1,0,2,1.0,101.55500030517578,109.29000091552734
W_N_0024,27,3,True,2,2,4,1.0595998358347073e-16,101.4949951171875,106.69999694824219
W_N_0024,27,3,True,3,4,6,1.5143016337896198e-24,99.38999938964844,100.79000091552734
W_N_0024,27,7,True,1,0,2,1.0,102.58000183105469,112.51000213623047
W_N_0024,27,7,True,2,2,4,6.091331323891669e-13,103.4949951171875,115.18000030517578
W_N_0024,27,7,True,3,4,6,4.342328650346517e-22,87.0999984741211,91.63999938964844
W_N_0024,27,14,True,1,0,2,1.0,97.23500061035156,98.88999938964844
W_N_0024,27,14,True,2,2,4,8.200218119553543e-14,102.31500244140625,105.27999877929688
W_N_0024,27,14,True,3,4,6,2.414080411943982e-20,102.44999694824219,104.30000305175781
W_N_0024,28,3,True,1,0,2,1.0,84.38999938964844,84.5
W_N_0024,28,3,True,2,2,4,7.267822411602398e-13,70.85000610351562,71.6500015258789
W_N_0024,28,3,True,3,4,6,8.321409221954436e-15,101.97000122070312,105.0199966430664
W_N_0024,28,9,True,1,0,2,1.0,87.54499816894531,89.52999877929688
W_N_0024,28,9,True,2,2,4,6.091421177146714e-14,86.66999816894531,89.33999633789062
W_N_0024,28,9,True,3,4,6,5.819584945454055e-18,99.09500122070312,99.19000244140625
W_N_0024,28,13,True,1,0,2,1.0,91.34500122070312,101.54000091552734
W_N_0024,28,13,True,2,2,4,9.711619834327449e-15,94.69000244140625,98.31999969482422
W_N_0024,28,13,True,3,4,6,2.1739519702856925e-22,93.36000061035156,97.9000015258789
W_N_0024,28,17,True,1,0,2,1.0,86.375,93.94999694824219
W_N_0024,28,17,True,2,2,4,1.824781035368421e-14,95.2750015258789,95.80000305175781
W_N_0024,28,17,True,3,4,6,7.342150242791117e-18,111.6300048828125,115.29000091552734
W_N_0024,29,16,True,1,0,2,1.0,85.01499938964844,86.33999633789062
W_N_0024,29,16,True,2,2,4,1.250413292873398e-12,85.36000061035156,97.30000305175781
W_N_0024,29,16,True,3,4,6,9.118497376105759e-21,82.19999694824219,87.54000091552734
W_N_0024,29,22,True,1,0,2,1.0,109.38500213623047,119.79000091552734
W_N_0024,29,22,True,2,2,4,2.2846074715158462e-16,88.5999984741211,93.16999816894531
W_N_0024,29,22,True,3,4,6,2.1807558640387875e-21,102.79000091552734,107.18000030517578
W_N_0024,30,6,True,1,0,2,1.0,105.28500366210938,116.61000061035156
W_N_0024,30,6,True,2,2,4,1.2178544847932238e-14,106.4749984741211,113.75
W_N_0024,30,6,True,3,4,6,3.906839868263656e-21,105.0999984741211,113.93000030517578
W_N_0024,30,24,True,1,0,2,1.0,99.96499633789062,103.19000244140625
W_N_0024,30,24,True,2,2,4,1.6617514181642597e-14,105.25,106.36000061035156
W_N_0024,30,24,True,3,4,6,1.1021062383502733e-19,105.3699951171875,108.55999755859375
W_N_0024,31,11,True,1,0,2,1.0,92.00999450683594,93.02999877929688
W_N_0024,31,11,True,2,2,4,6.824023767934562e-13,92.46000671386719,93.7300033569336
W_N_0024,31,11,True,3,4,6,5.7767171373891065e-19,100.67500305175781,103.95999908447266
W_N_0024,31,20,True,1,0,2,1.0,95.8800048828125,107.95999908447266
W_N_0024,31,20,True,2,2,4,4.61294891174191e-12,102.16000366210938,103.83999633789062
W_N_0024,31,20,True,3,4,6,5.48623250276368e-19,105.19999694824219,108.20999908447266
W_N_0024,31,22,True,1,0,2,1.0,100.24000549316406,109.93000030517578
W_N_0024,31,22,True,2,2,4,2.190826577634251e-15,82.02999877929688,93.7300033569336
W_N_0024,31,22,True,3,4,6,3.1921052349846777e-19,82.08499908447266,91.8499984741211
W_N_0024,31,25,True,1,0,2,1.0,93.46499633789062,99.61000061035156
W_N_0024,31,25,True,2,2,4,2.0654053503431228e-15,85.57499694824219,87.56999969482422
W_N_0024,31,25,True,3,4,6,1.213354513734839e-17,107.0250015258789,114.54000091552734
W_N_0024,31,32,True,1,0,2,1.0,86.33000183105469,96.70999908447266
W_N_0024,31,32,True,2,2,4,1.843876884944501e-14,84.7750015258789,88.30000305175781
W_N_0024,31,32,True,3,4,6,4.83310807480937e-21,87.27000427246094,94.47000122070312
W_N_0024,32,7,True,1,0,2,1.0,85.54499816894531,86.55000305175781
W_N_0024,32,7,True,2,2,4,2.209862284482944e-12,104.66500091552734,107.4800033569336
W_N_0024,32,7,True,3,4,6,3.1447421655795985e-17,119.66000366210938,122.19000244140625
W_N_0024,32,30,True,1,0,2,1.0,94.52999877929688,103.58000183105469
W_N_0024,32,30,True,2,2,4,4.718409314657815e-15,90.75499725341797,92.33999633789062
W_N_0024,32,30,True,3,4,6,1.1658052776797715e-22,93.02999877929688,96.56999969482422
W_N_0024,33,10,True,1,0,2,1.0,106.53500366210938,114.29000091552734
W_N_0024,33,10,True,2,2,4,5.169211955181885e-13,95.30999755859375,96.93000030517578
W_N_0024,33,10,True,3,4,6,1.7981098674899996e-20,97.375,106.12000274658203
W_N_0024,33,25,True,1,0,2,1.0,94.48999786376953,106.02999877929688
W_N_0024,33,25,True,2,2,4,3.923600593730425e-12,95.23999786376953,99.48999786376953
W_N_0024,33,25,True,3,4,6,5.698729644508812e-20,90.57499694824219,110.6500015258789
W_N_0024,33,27,True,1,0,2,1.0,99.60499572753906,110.33999633789062
W_N_0024,33,27,True,2,2,4,2.9285982039233775e-15,112.93499755859375,121.13999938964844
W_N_0024,33,27,True,3,1998,2000,1.7531471208232618e-23,122.38499450683594,128.33999633789062
W_N_0024,34,24,True,1,0,2,1.0,103.30999755859375,104.4800033569336
W_N_0024,34,24,True,2,2,4,4.093535745292899e-14,106.23500061035156,110.01000213623047
W_N_0024,34,24,True,3,4,6,8.384753336673649e-23,111.7449951171875,112.6500015258789
W_N_0024,36,16,True,1,0,2,1.0,115.46499633789062,117.16999816894531
W_N_0024,36,16,True,2,2,4,9.265039937330875e-18,106.33999633789062,108.66000366210938
W_N_0024,36,16,True,3,4,6,2.422117783833496e-25,99.375,101.01000213623047
W_N_0024,36,23,True,1,0,2,1.0,94.63499450683594,95.94999694824219
W_N_0024,36,23,True,2,2,4,3.374123219322331e-14,96.90499877929688,97.05999755859375
W_N_0024,36,23,True,3,4,6,3.905990473328012e-21,98.55000305175781,99.91999816894531
W_N_0024,37,14,True,1,0,2,1.0,104.67500305175781,111.23999786376953
W_N_0024,37,14,True,2,2,4,1.5890998776189533e-14,102.0250015258789,106.88999938964844
W_N_0024,37,14,True,3,4,6,3.6883016746398583e-19,115.59500122070312,120.80999755859375
W_N_0024,38,15,True,1,0,2,1.0,92.41500091552734,92.56999969482422
W_N_0024,38,15,True,2,2,4,8.064810212878026e-13,94.41499328613281,95.37999725341797
W_N_0024,38,15,True,3,4,6,6.730743602743411e-21,93.77000427246094,96.4000015258789
W_N_0122,1,16,True,1,0,2,1.0,92.8699951171875,93.0
W_N_0122,1,16,True,2,2,4,1.2516140901475126e-11,96.07499694824219,96.83999633789062
W_N_0122,1,16,True,3,4,6,1.2488112920981417e-20,80.7550048828125,93.27999877929688
W_N_0122,1,19,True,1,0,2,1.0,91.33999633789062,98.1500015258789
W_N_0122,1,19,True,2,2,4,7.117153004096433e-14,107.70999908447266,108.02999877929688
W_N_0122,1,19,True,3,4,6,7.891642317054001e-21,103.69000244140625,111.98999786376953
W_N_0122,1,20,True,1,0,2,1.0,98.80000305175781,107.41000366210938
W_N_0122,1,20,True,2,2,4,2.070084961737148e-13,101.08500671386719,102.16000366210938
W_N_0122,1,20,True,3,4,6,2.475490752984316e-19,99.89500427246094,108.26000213623047
W_N_0122,2,11,True,1,0,2,1.0,96.66999816894531,98.41999816894531
W_N_0122,2,11,True,2,2,4,1.842932596733034e-16,86.56999969482422,88.2699966430664
W_N_0122,2,11,True,3,4,6,6.641403411384996e-20,100.14500427246094,104.6500015258789
W_N_0122,3,26,True,1,0,2,1.0,98.75,106.83000183105469
W_N_0122,3,26,True,2,2,4,1.2186602421637716e-11,100.2750015258789,105.68000030517578
W_N_0122,3,26,True,3,4,6,2.241653199618561e-21,95.66499328613281,99.37999725341797
W_N_0122,4,6,True,1,0,2,1.0,103.66500091552734,106.22000122070312
W_N_0122,4,6,True,2,2,4,1.0781681877019506e-16,97.78500366210938,101.45999908447266
W_N_0122,4,6,True,3,4,6,3.604502691181108e-24,102.68499755859375,114.33999633789062
W_N_0122,4,27,True,1,0,2,1.0,107.46499633789062,109.70999908447266
W_N_0122,4,27,True,2,2,4,1.081340259914969e-15,96.25,101.69999694824219
W_N_0122,4,27,True,3,4,6,6.798789002622897e-22,96.7550048828125,100.18000030517578
W_N_0122,5,5,True,1,0,2,1.0,114.01000213623047,116.76000213623047
W_N_0122,5,5,True,2,2,4,1.15433971924336e-14,106.375,115.9800033569336
W_N_0122,5,5,True,3,4,6,8.54813842083068e-23,99.0,100.69999694824219
W_N_0122,5,11,True,1,0,2,1.0,97.69999694824219,101.44000244140625
W_N_0122,5,11,True,2,2,4,7.680985708580224e-11,117.69000244140625,119.61000061035156
W_N_0122,5,11,True,3,4,6,1.4227732465675331e-22,106.0,109.2300033569336
W_N_0122,6,11,True,1,0,2,1.0,110.58000183105469,117.01000213623047
W_N_0122,6,11,True,2,2,4,2.1162238066976938e-16,103.75999450683594,112.20999908447266
W_N_0122,6,11,True,3,4,6,2.5993799864148252e-22,111.24500274658203,114.9800033569336
W_N_0122,6,17,True,1,0,2,1.0,90.88500213623047,94.4000015258789
W_N_0122,6,17,True,2,2,4,3.249232263455304e-12,96.72999572753906,100.70999908447266
W_N_0122,6,17,True,3,1998,2000,2.6772448542121733e-20,95.2750015258789,97.37000274658203
W_N_0122,6,23,True,1,0,2,1.0,110.73500061035156,127.52999877929688
W_N_0122,6,23,True,2,2,4,6.53247746694452e-13,104.13499450683594,111.06999969482422
W_N_0122,6,23,True,3,4,6,6.167063151464997e-20,112.83499908447266,118.41999816894531
W_N_0122,7,9,True,1,0,2,1.0,95.16999816894531,100.80000305175781
W_N_0122,7,9,True,2,2,4,3.814481418446328e-14,106.79000091552734,114.95999908447266
W_N_0122,7,9,True,3,4,6,2.3544232136699587e-24,95.46499633789062,101.26000213623047
W_N_0122,7,19,True,1,0,2,1.0,95.95999908447266,99.30999755859375
W_N_0122,7,19,True,2,2,4,8.470245988975722e-13,103.75,106.86000061035156
W_N_0122,7,19,True,3,1998,2000,9.89371676843916e-24,110.66500091552734,122.93000030517578
W_N_0122,8,16,True,1,0,2,1.0,105.69499969482422,110.77999877929688
W_N_0122,8,16,True,2,2,4,2.853139426784281e-15,91.33999633789062,93.44999694824219
W_N_0122,8,16,True,3,4,6,7.614344556979804e-21,87.8800048828125,92.0999984741211
W_N_0122,9,2,True,1,0,2,1.0,112.71499633789062,122.27999877929688
W_N_0122,9,2,True,2,2,4,7.311824147173698e-18,93.01000213623047,93.51000213623047
W_N_0122,9,2,True,3,4,6,6.715605071671407e-23,98.08000183105469,108.54000091552734
W_N_0122,9,11,True,1,0,2,1.0,112.60499572753906,126.69000244140625
W_N_0122,9,11,True,2,2,4,6.9950027022300425e-19,104.16999816894531,104.86000061035156
W_N_0122,9,11,True,3,1998,2000,4.637622542790228e-24,89.14500427246094,97.25
W_N_0122,9,28,True,1,0,2,1.0,88.18499755859375,98.36000061035156
W_N_0122,9,28,True,2,2,4,2.6883291599777426e-12,95.39999389648438,98.91999816894531
W_N_0122,9,28,True,3,4,6,5.637523733402052e-18,109.94499969482422,110.87000274658203
W_N_0122,9,31,True,1,0,2,1.0,119.2249984741211,131.36000061035156
W_N_0122,9,31,True,2,2,4,3.064053012930766e-17,101.58000183105469,103.5999984741211
W_N_0122,9,31,True,3,4,6,1.7851702666275484e-22,110.83000183105469,114.83999633789062
W_N_0122,10,8,True,1,0,2,1.0,97.0,101.91999816894531
W_N_0122,10,8,True,2,2,4,9.801042717225641e-17,84.70999908447266,88.0999984741211
W_N_0122,10,8,True,3,4,6,9.521026565070077e-21,92.65499877929688,100.94999694824219
W_N_0122,11,16,True,1,0,2,1.0,101.19000244140625,101.7699966430664
W_N_0122,11,16,True,2,2,4,2.1419136013038674e-15,94.66500091552734,109.22000122070312
W_N_0122,11,16,True,3,4,6,4.698829471565421e-23,97.97500610351562,98.26000213623047
W_N_0122,11,18,True,1,0,2,1.0,96.40499877929688,115.27999877929688
W_N_0122,11,18,True,2,2,4,1.0047138676583245e-09,102.36500549316406,104.08000183105469
W_N_0122,11,18,True,3,4,6,1.3253292915116523e-17,97.61000061035156,99.16000366210938
W_N_0122,11,19,True,1,0,2,1.0,104.59500122070312,119.08999633789062
W_N_0122,11,19,True,2,2,4,3.402976041417833e-17,99.74000549316406,100.16000366210938
W_N_0122,11,19,True,3,4,6,1.079247647383028e-21,91.95500183105469,92.04000091552734
W_N_0122,11,24,True,1,0,2,1.0,100.1300048828125,103.36000061035156
W_N_0122,11,24,True,2,2,4,1.564668271046587e-15,91.375,98.75
W_N_0122,11,24,True,3,4,6,5.483632312206908e-21,99.38499450683594,103.7699966430664
W_N_0122,11,26,True,1,0,2,1.0,81.1449966430664,90.2699966430664
W_N_0122,11,26,True,2,2,4,1.0219688983958974e-10,111.4000015258789,119.05000305175781
W_N_0122,11,26,True,3,4,6,3.718856611712445e-21,87.6199951171875,93.43000030517578
W_N_0122,11,28,True,1,0,2,1.0,98.20500183105469,100.68000030517578
W_N_0122,11,28,True,2,2,4,1.1420794043757987e-15,98.9000015258789,100.58000183105469
W_N_0122,11,28,True,3,4,6,9.605117875389188e-20,109.34500122070312,118.87000274658203
W_N_0122,12,7,True,1,0,2,1.0,110.81500244140625,116.75
W_N_0122,12,7,True,2,2,4,1.2636687671101119e-17,107.65499877929688,110.37999725341797
W_N_0122,12,7,True,3,4,6,3.6756008817896034e-21,114.62000274658203,128.8000030517578
W_N_0122,12,15,True,1,0,2,1.0,103.41000366210938,104.08999633789062
W_N_0122,12,15,True,2,2,4,2.9129425998383946e-16,99.30000305175781,100.69999694824219
W_N_0122,12,15,True,3,4,6,1.3147865190139357e-22,102.68000030517578,117.9800033569336
W_N_0122,12,25,True,1,0,2,1.0,99.17500305175781,100.05999755859375
W_N_0122,12,25,True,2,2,4,1.1360906654453093e-13,105.86500549316406,108.76000213623047
W_N_0122,12,25,True,3,4,6,9.113737694850598e-20,103.19499969482422,107.16999816894531
W_N_0122,12,27,True,1,0,2,1.0,90.91000366210938,92.4800033569336
W_N_0122,12,27,True,2,2,4,4.389694039036787e-15,100.72500610351562,103.05000305175781
W_N_0122,12,27,True,3,4,6,2.5890820381334536e-19,115.72999572753906,121.31999969482422
W_N_0122,12,28,True,1,0,2,1.0,90.21499633789062,102.80999755859375
W_N_0122,12,28,True,2,2,4,3.408088156305056e-13,95.05000305175781,97.04000091552734
W_N_0122,12,28,True,3,4,6,2.3581222897396232e-20,92.45500183105469,95.16999816894531
W_N_0122,12,31,True,1,0,2,1.0,103.63999938964844,106.5999984741211
W_N_0122,12,31,True,2,2,4,2.075999149062785e-14,97.90499877929688,101.63999938964844
W_N_0122,12,31,True,3,4,6,9.909832601489941e-19,113.58999633789062,121.41000366210938
W_N_0122,13,2,True,1,0,2,1.0,98.38499450683594,103.30999755859375
W_N_0122,13,2,True,2,2,4,6.077446879082515e-11,107.88499450683594,112.95999908447266
W_N_0122,13,2,True,3,4,6,1.1428048169575894e-19,94.67500305175781,99.08999633789062
W_N_0122,13,18,True,1,0,2,1.0,99.19000244140625,102.44999694824219
W_N_0122,13,18,True,2,2,4,2.8435560960190457e-15,94.97000122070312,99.5199966430664
W_N_0122,13,18,True,3,4,6,1.137719982635861e-19,104.6300048828125,109.2300033569336
W_N_0122,13,33,True,1,0,2,1.0,98.89500427246094,101.16999816894531
W_N_0122,13,33,True,2,2,4,7.99554209461855e-15,92.2249984741211,93.56999969482422
W_N_0122,13,33,True,3,4,6,5.427259307226565e-20,90.23500061035156,96.19000244140625
W_N_0122,14,16,True,1,0,2,1.0,101.83499908447266,104.48999786376953
W_N_0122,14,16,True,2,2,4,5.2203755234641117e-14,104.28500366210938,107.0199966430664
W_N_0122,14,16,True,3,1998,2000,2.5822623358602535e-22,109.85499572753906,116.08000183105469
W_N_0122,14,20,True,1,0,2,1.0,99.43499755859375,104.1500015258789
W_N_0122,14,20,True,2,2,4,2.3728390671599875e-13,89.58499908447266,90.52999877929688
W_N_0122,14,20,True,3,4,6,2.453344739502253e-17,104.73999786376953,110.83999633789062
W_N_0122,14,30,True,1,0,2,1.0,99.01499938964844,107.0199966430664
W_N_0122,14,30,True,2,2,4,1.3409276944029158e-15,97.02999877929688,105.56999969482422
W_N_0122,14,30,True,3,4,6,4.2959692967601116e-20,101.71499633789062,105.19000244140625
W_N_0122,16,2,True,1,0,2,1.0,118.55999755859375,124.62999725341797
W_N_0122,16,2,True,2,2,4,3.828625449885288e-16,112.12999725341797,115.94999694824219
W_N_0122,16,2,True,3,4,6,3.9095940151866103e-23,110.95500183105469,113.77999877929688
W_N_0122,16,11,True,1,0,2,1.0,109.36000061035156,113.83000183105469
W_N_0122,16,11,True,2,2,4,3.6056712628650123e-13,114.39500427246094,117.52999877929688
W_N_0122,16,11,True,3,4,6,4.726656539997092e-24,89.62999725341797,91.23999786376953
W_N_0122,16,25,True,1,0,2,1.0,102.11000061035156,107.18000030517578
W_N_0122,16,25,True,2,2,4,1.21810474067749e-15,96.8699951171875,104.66999816894531
W_N_0122,16,25,True,3,4,6,3.3342067595274565e-23,96.70500183105469,98.0199966430664
W_N_0122,17,30,True,1,0,2,1.0,90.22000122070312,91.16000366210938
W_N_0122,17,30,True,2,2,4,5.124718737477968e-14,92.69000244140625,108.2699966430664
W_N_0122,17,30,True,3,4,6,2.549376908288575e-21,94.93499755859375,100.20999908447266
W_N_0122,18,6,True,1,0,2,1.0,109.9949951171875,116.11000061035156
W_N_0122,18,6,True,2,2,4,6.243774621677092e-15,117.82499694824219,123.06999969482422
W_N_0122,18,6,True,3,1998,2000,2.663924506793918e-24,91.4749984741211,103.0999984741211
W_N_0122,18,14,True,1,0,2,1.0,83.8800048828125,93.37000274658203
W_N_0122,18,14,True,2,2,4,1.638717286867042e-11,107.30500030517578,109.55000305175781
W_N_0122,18,14,True,3,4,6,3.362414226785045e-20,106.42500305175781,118.05000305175781
W_N_0122,18,24,True,1,0,2,1.0,115.9000015258789,125.04000091552734
W_N_0122,18,24,True,2,2,4,2.7094069353602907e-17,95.00999450683594,97.5999984741211
W_N_0122,18,24,True,3,4,6,1.706277309860128e-21,106.58999633789062,115.5999984741211
W_N_0122,18,25,True,1,0,2,1.0,95.19999694824219,103.69999694824219
W_N_0122,18,25,True,2,2,4,3.64734582597101e-13,98.33499908447266,99.05999755859375
W_N_0122,18,25,True,3,4,6,7.477327016051153e-22,94.20999908447266,98.45999908447266
W_N_0122,19,8,True,1,0,2,1.0,99.78500366210938,117.48999786376953
W_N_0122,19,8,True,2,2,4,4.673959244812231e-13,100.73500061035156,104.08000183105469
W_N_0122,19,8,True,3,4,6,2.75866646485269e-23,95.29499816894531,107.16999816894531
W_N_0122,20,1,True,1,0,2,1.0,107.06500244140625,107.16000366210938
W_N_0122,20,1,True,2,2,4,1.9776176274919136e-14,108.53500366210938,111.68000030517578
W_N_0122,20,1,True,3,4,6,5.026912087489022e-25,93.53999328613281,96.0199966430664
W_N_0122,21,3,True,1,0,2,1.0,81.11500549316406,84.76000213623047
W_N_0122,21,3,True,2,2,4,7.187282019538443e-11,96.77999877929688,106.7699966430664
W_N_0122,21,3,True,3,4,6,1.1940336260335193e-16,97.3550033569336,100.30000305175781
W_N_0122,22,8,True,1,0,2,1.0,96.54499816894531,98.37999725341797
W_N_0122,22,8,True,2,2,4,4.953886254087189e-18,81.02499389648438,82.94999694824219
W_N_0122,22,8,True,3,4,6,7.097210160575957e-22,103.41999816894531,113.2300033569336
W_N_0122,22,30,True,1,0,2,1.0,108.33000183105469,114.88999938964844
W_N_0122,22,30,True,2,2,4,4.7692571259979645e-16,98.76499938964844,102.87000274658203
W_N_0122,22,30,True,3,4,6,5.896894048450066e-22,93.09500122070312,95.12000274658203
W_N_0122,23,26,True,1,0,2,1.0,86.80499267578125,88.58999633789062
W_N_0122,23,26,True,2,2,4,3.085503380573229e-11,98.80500030517578,107.30999755859375
W_N_0122,23,26,True,3,4,6,1.2243693334896563e-17,102.36000061035156,104.04000091552734
W_N_0122,24,4,True,1,0,2,1.0,96.06500244140625,96.83000183105469
W_N_0122,24,4,True,2,2,4,2.5760350544855835e-14,101.14999389648438,104.48999786376953
W_N_0122,24,4,True,3,4,6,3.265908098694249e-20,107.15499877929688,111.25
W_N_0122,24,9,True,1,0,2,1.0,104.54499816894531,106.70999908447266
W_N_0122,24,9,True,2,2,4,7.711150782577919e-15,97.31500244140625,110.95999908447266
W_N_0122,24,9,True,3,4,6,3.479869269344243e-21,106.48500061035156,109.01000213623047
W_N_0122,24,23,True,1,0,2,1.0,96.94499969482422,100.37999725341797
W_N_0122,24,23,True,2,2,4,2.58178030956022e-14,107.5250015258789,117.93000030517578
W_N_0122,24,23,True,3,4,6,2.23705725811942e-21,101.79499816894531,113.01000213623047
W_N_0122,25,6,True,1,0,2,1.0,93.80000305175781,100.26000213623047
W_N_0122,25,6,True,2,2,4,8.697378928168575e-10,117.10000610351562,124.16000366210938
W_N_0122,25,6,True,3,4,6,2.844873942386582e-19,110.09500122070312,112.36000061035156
W_N_0122,25,26,True,1,0,2,1.0,99.64999389648438,103.27999877929688
W_N_0122,25,26,True,2,2,4,7.253277297357419e-14,105.11000061035156,106.69999694824219
W_N_0122,25,26,True,3,4,6,2.964375451187766e-22,93.29499816894531,96.4000015258789
W_N_0122,26,7,True,1,0,2,1.0,100.89500427246094,104.2300033569336
W_N_0122,26,7,True,2,2,4,1.879505462398269e-14,112.3550033569336,117.4800033569336
W_N_0122,26,7,True,3,4,6,4.089414290551888e-22,107.94999694824219,113.98999786376953
W_N_0122,26,8,True,1,0,2,1.0,85.81999969482422,92.48999786376953
W_N_0122,26,8,True,2,2,4,1.1410844491521743e-11,91.125,93.5199966430664
W_N_0122,26,8,True,3,4,6,1.7733494760111891e-19,90.64500427246094,93.41000366210938
W_N_0122,26,15,True,1,0,2,1.0,107.55999755859375,114.80000305175781
W_N_0122,26,15,True,2,2,4,1.4372581900665149e-12,112.58499908447266,120.11000061035156
W_N_0122,26,15,True,3,4,6,1.3528280424363345e-21,102.38499450683594,103.94999694824219
W_N_0122,26,19,True,1,0,2,1.0,117.64500427246094,122.01000213623047
W_N_0122,26,19,True,2,2,4,1.448094692078008e-19,96.18499755859375,97.30000305175781
W_N_0122,26,19,True,3,4,6,6.1300532051978216e-27,91.33000183105469,93.98999786376953
W_N_0122,28,14,True,1,0,2,1.0,84.11000061035156,95.69999694824219
W_N_0122,28,14,True,2,2,4,8.958456372554213e-12,92.75,106.81999969482422
W_N_0122,28,14,True,3,4,6,2.182015601950569e-18,100.14999389648438,110.2699966430664
W_N_0122,29,16,True,1,0,2,1.0,111.28500366210938,111.76000213623047
W_N_0122,29,16,True,2,2,4,4.592773009654075e-20,87.81999969482422,94.73999786376953
W_N_0122,29,16,True,3,14,16,1.6321347239748073e-27,110.20999908447266,115.2699966430664
